0x74CF811CB0B52AC6,0,25,25,0,0,0,0,0,0,0,0,0,0,0,0,0,0,0,0,0,0,0,0,0,0
0x5D0EEBC01BD87551,0,50,150,0,0,0,0,0,0,0,0,0,0,0,0,0,0,0,0,0,0,0,0,0,0
0x5E249213379DD27D,0,100,250,0,0,0,0,0,0,0,0,0,0,0,0,0,0,0,0,0,0,0,0,0,0
0x7C125C3D50422C9B,0,25,50,0,0,0,0,0,0x667D57ED4023EEF1,0,0,0,1,0,0,0,0,0,0,0,0,0,0,0,0
0x4D71E3772AA9C17B,0,0,10,0,0,0,0,0,0x589E10CB3190C819,0,0,0,1,0,0,0,0,0,0,0,0,0,0,0,0
0x2F000FFE271D284C,0,0,50,0,0,0,0,0,0x7DC9A2BD4B7325D2,0,0,0,1,1,0,0,0,0,0,0,0,0,0,0,0
0x18210CD6C9362560,0,25,35,0,0,0,0,0,0x366D3567222117F2,0,0,0,1,1,0,0,0,0,0,0,0,0,0,0,0
0x4A6D1E6F615952F8,0,50,160,0,0,0,0,0,0x366D3567222117F2,0,0,0,1,1,0,0,0,0,0,0,0,0,0,0,0
0xE0E8A443FC40654,0,100,260,0,0,0,0,0,0x366D3567222117F2,0,0,0,1,1,0,0,0,0,0,0,0,0,0,0,0
0x433110A67E5D1A68,0,25,35,0,0,0,0,0,0x77B2D1424302A5C6,0,0,0,1,1,0,0,0,0,0,0,0,0,0,0,0
0x34E7D894D13AAD30,0,50,160,0,0,0,0,0,0x77B2D1424302A5C6,0,0,0,1,1,0,0,0,0,0,0,0,0,0,0,0
0x6119AD58EE6185AC,0,100,260,0,0,0,0,0,0x77B2D1424302A5C6,0,0,0,1,1,0,0,0,0,0,0,0,0,0,0,0
0x18EAED98F6404688,0,10,10,0,0,0,0,0,0x1019E8FF388433A6,0,0,0,1,1,0,0,0,0,0,0,0,0,0,0,0
0x64FD14EB5439000E,0,0,0,0,0,0,0,0,0,0,0,0,1,1,0,0,0,0,0,0,0,0,0,0,0
0xBD074CB5ED626B0,0,10,10,0,0,0,0,0,0x6C34B102A3D16F2E,0,0,0,1,1,0,0,0,0,0,0,0,0,0,0,0
0x50665A1111625DE8,0,10,10,0,0,0,0,0,0x6C34B102A3D16F2E,0,0,0,1,1,0,0,0,0,0,0,0,0,0,0,0
0x683167163907BEA4,0,10,10,0,0,0,0,0,0x6C34B102A3D16F2E,0,0,0,1,1,0,0,0,0,0,0,0,0,0,0,0
0x70090BD9B0AE33A0,0,25,0,0,0,0,0,0,0,0x17FEF7E340332114,0x755232CDE4C62354,1,1,0,0x67D32486E5D0EAD7,0,0,0,0,0,0,0,0,0,0
0x174D0D25A253D1AF,0,25,0,0,0,0,0,0,0,0x5E8B4C7F1E47BE33,0x215A96F849BD6473,1,1,0,0x67D32486E5D0EAD7,0,0,0,0,0,0,0,0,0,0
0x39473EA9C92889B7,0,25,0,0,0,0,0,0,0,0x1F488AE03B38B6EB,0x68DCB1416C1EB72B,1,1,0,0x67D32486E5D0EAD7,0,0,0,0,0,0,0,0,0,0
0x2C5F63877B390B72,0,25,0,0,0,0,0,0,0,0x2834F989D9BD9F6,0x531CBFE1E0B17E36,1,1,0,0x67D32486E5D0EAD7,0,0,0,0,0,0,0,0,0,0
0xA8A0BA945BA8542,0,0,100,0,0,0,0,0,0x40136A99C2E8CA84,0,0,0,1,0,0,0,0,0,0,0,0,0,0,0,0
0x4B808E571442D8A0,0,25,0,0,0,0,0,0,0,0x531DE7D0A461034C,0x176A6FA3E83D68C,1,1,0,0x67D32486E5D0EAD7,0,0,0,0,0,0,0,0,0,0
0x788807AA1A8A0C47,0,50,0,0,0,0,0,0,0,0x571CEA79E8B2833B,0x55B20B8E1FA11F7B,1,1,0,0x67D32486E5D0EAD7,0,0,0,0,0,0,0,0,0,0
0x2578FF7F2097FF84,0,25,0,0,0,0,0,0,0,0x798C6E3A05CDF8D8,0x3E40249623C51498,1,1,0,0x67D32486E5D0EAD7,0,0,0,0,0,0,0,0,0,0
0x29E42A0914559E60,0,50,0,0,0,0,0,0,0,0x46966FBB78682D24,0x7866926D7E29C364,1,1,0,0x67D32486E5D0EAD7,0,0,0,0,0,0,0,0,0,0
0x59A02E32CBEF73F1,0,75,0,0,0,0,0,0,0,0x1727D39FBBD4C2CD,0x75D8F656AC782D0D,1,1,0,0x67D32486E5D0EAD7,0,0,0,0,0,0,0,0,0,0
0x51742970BA73D2F5,0,100,0,0,0,0,0,0,0,0x1A378F2459F69119,0x4C08B1D65FB9DA59,1,1,0,0x67D32486E5D0EAD7,0,0,0,0,0,0,0,0,0,0
0xE2C58C77073D4C,0,250,0,0,0,0,0,0,0,0x3E6A6AF966EC8C28,0x19B68DB054AE8068,1,1,0,0x67D32486E5D0EAD7,0,0,0,0,0,0,0,0,0,0
0x4B83584A6468A68D,0,25,25,0,0,0,0,0,0x5626EDC9CD330F2C,0x4EF1A8AB0124A4D9,0,0,1,1,0,0,0,0,0,0,0,0,0,0,0
0x2A171D94F6A3F44,0,25,25,0,0,0,0,0,0x5626EDC9CD330F2C,0x690242EDE350E378,0,0,1,1,0,0,0,0,0,0,0,0,0,0,0
0x154A6442ED71F351,0,25,25,0,0,0,0,0,0x5626EDC9CD330F2C,0x749DCB744F4CE29D,0,0,1,1,0,0,0,0,0,0,0,0,0,0,0
0x60C38E978439CC26,0,50,150,0,0,0,0,0,0x5626EDC9CD330F2C,0x186DF82D2A8482B2,0,0,1,1,0,0,0,0,0,0,0,0,0,0,0
0x510058E7B1C77FDB,0,0,0,0,0,0,0,0,0,0,0,0,1,0,0,0,0,0,0,0,0,0,0,0,0
0x180B636D7BE578F8,0,10,10,0,0,0,0,0,0xA2EDC902663AA72,0,0,0,1,1,0,0,0,0,0,0,0,0,0,0,0
0x4CC3476A6E980610,0,50,0,0,0,0,0,0,0,0x60D897A933E21EDC,0x32C3A9DB8EEE081C,1,1,0,0x67D32486E5D0EAD7,0,0,0,0,0,0,0,0,0,0
0x414EFF2E581B8417,0,50,0,0,0,0,0,0,0,0x21A4C7BF07DAB2EB,0x301361168CF0E92B,1,1,0,0x67D32486E5D0EAD7,0,0,0,0,0,0,0,0,0,0
0x6E61174A8BF7E4EF,0,10,10,0,0,0,0,0,0x37A9DA9FA51FE7D5,0,0,0,0,0,0,0,0,0,0,0,0,0,0,0,0
0x5F237D9C1AB14BA,0,10,10,0,0,0,0,0,0xDDEC5ACFB3E4C68,0,0,0,0,0,0,0,0,0,0,0,0,0,0,0,0
0x55A5D1935123604E,0,50,150,0,0,0,0,0,0x5626EDC9CD330F2C,0,0,0,0,0,0,0,0,0,0,0,0,0,0,0,0
0x65D9DD1C47C66083,0,0,0,0,0,0,0,0,0,0,0,0,0,0,0,0,0,0,0,0,0,0,0,0,0
0x6933B71C6C03CD0B,0,25,25,0,0,0,0,0,0x141E24824E28FE85,0,0,0,1,1,0,0,0,0,0,0,0,0,0,0,0
0x114C5BF4A30F8529,0,50,150,0,0,0,0,0,0x5626EDC9CD330F2C,0x7ACAD282DF481B4D,0,0,1,1,0x67D32486E5D0EAD7,0,0,0,0,0,0,0,0,0,0
0x18A73BB912CAC418,0,0,0,0,0,0,0,0,0,0,0,0,1,0,0,0,0,0,0,0,0,0,0,0,0
0x6410BBE5FBEAC3F5,0,50,0,0,0,0,0,0,0,0x2BD7EA2AEEC51431,0x2245AE8A07855571,1,1,0,0x67D32486E5D0EAD7,0,0,0,0,0,0,0,0,0,0
0xD241BDA09AE83A,0,100,250,0,0,0,0,0,0x5626EDC9CD330F2C,0x6099223C62D03376,0,0,1,1,0,0,0,0,0,0,0,0,0,0,0
0x1A4B4BE2356231A7,0,0,0,0,0,0,0,0,0,0,0,0,0,0,0,0,0,0,0,0,0,0,0,0,0
0x276174313C2A3FB8,0,50,0,0,0,0,0,0,0,0x4A36EB44CEC2BD14,0x1220FD5AFB60FA54,1,1,0,0x67D32486E5D0EAD7,0,0,0,0,0,0,0,0,0,0
0x732181358B4A5B2D,0,25,25,0,0,0,0,0,0x470A071F1D17498F,0,0,0,1,1,0,0,0,0,0,0,0,0,0,0,0
0x2AE9AE35F3CE2D26,0,25,25,0,0,0,0,0,0x6EE84784267952EC,0,0,0,1,1,0,0,0,0,0,0,0,0,0,0,0
0x7D5C1E1EB1F9349F,0,50,0,0,0,0,0,0,0,0x5FD2600D7D44B293,0x51DA805242C9C4D3,1,1,0,0x67D32486E5D0EAD7,0,0,0,0,0,0,0,0,0,0
0x4CFAC83B203D343E,0,100,250,0,0,0,0,0,0x5626EDC9CD330F2C,0x7660D304FD91EFAA,0x3C4A44B54A8B62EA,1,1,1,0x67D32486E5D0EAD7,0,0,0,0,0,0,0,0,0,0
0x1C0F48A8B7AFEA53,0,0,0,0,0,0,0,0,0,0,0,0,1,0,0,0,0,0,0,0,0,0,0,0,0
0x373DA49A35C234CE,0,50,100,0,0,0,0,0,0x45780216B9D4AE18,0,0,0,1,1,0,0,0,0,0,0,0,0,0,0,0
0x734468D6023BA07C,0,50,100,0,0,0,0,0,0x444CCB5A357C6756,0,0,0,1,1,0,0,0,0,0,0,0,0,0,0,0
0x1A731F4A5938C2E3,0,100,250,0,0,0,0,0,0x5626EDC9CD330F2C,0x675EF8818802BB0F,0x635134EF8F9D004F,1,1,1,0x67D32486E5D0EAD7,0,0,0,0,0,0,0,0,0,0
0x2D0B7233BA664EE6,0,0,0,0,0,0,0,0,0,0,0,0,1,0,0,0,0,0,0,0,0,0,0,0,0
0x192283BC85C8727E,0,100,100,0,0,0,0,0,0x36D84E1B4D8DDC54,0,0,0,1,0,0,0,0,0,0,0,0,0,0,0,0
0x5BBB25EE020A0FEA,0,50,0,0,0,0,0,0,0,0x4D2A981A2583461E,0x3580DDCB9A7C1E5E,1,1,0,0x67D32486E5D0EAD7,0,0,0,0,0,0,0,0,0,0
0x4B93034EA234C8EC,0,50,0,0,0,0,0,0,0,0xEF6105E1AE756E0,0x582185D9257E4020,1,1,0,0x67D32486E5D0EAD7,0,0,0,0,0,0,0,0,0,0
0x6EEA6A837453553E,0,100,250,0,0,0,0,0,0x353A1721E4D1783C,0x28E512C6ED6D36DA,0x5013839ED4B321A,1,1,1,0x67D32486E5D0EAD7,0,0,0,0,0,0,0,0,0,0
0x7819A33CC3142B53,0,0,0,0,0,0,0,0,0,0,0,0,0,0,0,0,0,0,0,0,0,0,0,0,0
0x2ED5577CE1DD250F,0,25,25,0,0,0,0,0,0x3DB8F687E178577D,0,0,0,1,0,0,0,0,0,0,0,0,0,0,0,0
0x3B8320AF92895A8D,0,0,0,0,0,0,0,0,0,0x46FD738F777B1ED1,0,1,1,0,0,0,0,0,0,0,0,0,0,0,0
0x484ACB21D9DA88E,0,50,350,0,0,0,0,0,0x5626EDC9CD330F2C,0x1980318FD2865F5A,0x4B7030E6B7EC329A,0,1,1,0x67D32486E5D0EAD7,0,0,0,0,0,0,0,0,0,0
0x483590874F436FC3,0,0,0,0,0,0,0,0,0,0,0,0,1,0,0,0,0,0,0,0,0,0,0,0,0
0x3593A9F5ADA492C9,0,25,25,0,0,0,0,0,0x2D6B84DF4D795B03,0,0,0,1,0,0,0,0,0,0,0,0,0,0,0,0
0x8AD4EAF56D8B52D,0,50,150,0,0,0,0,0,0x2D6B84DF4D795B03,0,0,0,1,0,0,0,0,0,0,0,0,0,0,0,0
0x58B368A5E4250CED,0,100,250,0,0,0,0,0,0x2D6B84DF4D795B03,0,0,0,1,0,0,0,0,0,0,0,0,0,0,0,0
0x3E0778E8E6697EEA,0,50,0,0,0,0,0,0,0,0x6930A4C285C10CEE,0x57E29691C058B42E,1,1,0,0x67D32486E5D0EAD7,0,0,0,0,0,0,0,0,0,0
0x31DBF2AADF412655,0,0,5,0,0,0,0,0,0x259B3616CDF26CB7,0,0,0,1,0,0,0,0,0,0,0,0,0,0,0,0
0x7269322527E3863E,0,10,5,0,0,0,0,0,0x24974C49651DCC78,0,0,0,1,0,0,0,0,0,0,0,0,0,0,0,0
0x7AB2DCD39863E9ED,0,10,10,0,0,0,0,0,0x63AA63DD766696DF,0,0,0,1,0,0,0,0,0,0,0,0,0,0,0,0
0x212EFA8A51066A5D,0,10,10,0,0,0,0,0,0,0,0,0,1,0,0,0,0,0,0,0,0,0,0,0,0
0x7F3344DAC0E5BB9,0,10,10,0,0,0,0,0,0,0,0,0,1,0,0,0,0,0,0,0,0,0,0,0,0
0xE01FFDF9FDF3E46,0,50,0,0,0,0,0,0,0,0x1AE84A930B571902,0x4266FBFC275E4B42,1,1,0,0x67D32486E5D0EAD7,0,0,0,0,0,0,0,0,0,0
0x5F154F08287F6B8A,0,25,25,0,0,0,0,0,0x153745571CD2E8A0,0,0,0,1,0,0,0,0,0,0,0,0,0,0,0,0
0x78B2CB41FF2B0BCE,0,50,150,0,0,0,0,0,0x153745571CD2E8A0,0,0,0,1,0,0,0,0,0,0,0,0,0,0,0,0
0x6ECE285F2860EA92,0,100,250,0,0,0,0,0,0x153745571CD2E8A0,0,0,0,1,0,0,0,0,0,0,0,0,0,0,0,0
0x5FD865F4799B5431,0,50,0,0,0,0,0,0,0,0x381D3C36BA671865,0xB529CD5F17D9A5,1,1,0,0x67D32486E5D0EAD7,0,0,0,0,0,0,0,0,0,0
0x31D46E582AE3FF61,0,50,0,0,0,0,0,0,0,0x429E3354C9A7450D,0x673DDD1BEF48DE4D,1,1,0,0x67D32486E5D0EAD7,0,0,0,0,0,0,0,0,0,0
0x4A6E68176A2F7E27,0,10,10,0,0,0,0,0,0x3FD5252AF4CB8F8D,0,0,0,0,0,0,0,0,0,0,0,0,0,0,0,0
0x47A99C4DF988D2C5,0,10,10,0,0,0,0,0,0x1078C7F9C877D4F7,0,0,0,0,0,0,0,0,0,0,0,0,0,0,0,0
0x37093361D56A58F6,0,10,10,0,0,0,0,0,0x1857E7B7C338B427,0,0,0,0,0,0,0,0,0,0,0,0,0,0,0,0
0x715FA3A989EDF3A,0,10,10,0,0,0,0,0,0xD6172A3F6D44BC7,0,0,0,0,0,0,0,0,0,0,0,0,0,0,0,0
0x434198DF3CD44FEB,0,25,25,0,0,0,0,0,0x9C8DDFE3433F0D9,0,0,0,0,0,0,0,0,0,0,0,0,0,0,0,0
0x5D9A38BF9E300183,0,50,150,0,0,0,0,0,0x45F2833F130EB19D,0,0,0,0,0,0,0,0,0,0,0,0,0,0,0,0
0x3FF7FDAF56E26803,0,100,250,0,0,0,0,0,0x135096C8FB50E5BD,0,0,0,0,0,0,0,0,0,0,0,0,0,0,0,0
0x42BC4236FFA73D16,0,25,25,0,0,0,0,0,0x28976D5C1EBC897C,0,0,0,1,0,0,0,0,0,0,0,0,0,0,0,0
0x53FE822AF1D8D5C2,0,50,150,0,0,0,0,0,0x28976D5C1EBC897C,0,0,0,1,0,0,0,0,0,0,0,0,0,0,0,0
0x26A01C1395E81746,0,100,250,0,0,0,0,0,0x28976D5C1EBC897C,0,0,0,1,0,0,0,0,0,0,0,0,0,0,0,0
0x8079B9E5B749E5B,0,10,5,0,0,0,0,0,0x7A7D6AC8D09E28B9,0,0,0,1,0,0,0,0,0,0,0,0,0,0,0,0
0x27DDDEE03717E675,0,50,0,0,0,0,0,0,0,0x317CE42B59CAF89,0x29F332DC9953D9C9,1,1,0,0x67D32486E5D0EAD7,0,0,0,0,0,0,0,0,0,0
0xE6C0BBF090C2FCE,0,25,25,0,0,0,0,0,0x1D9A4300362C63C8,0,0,0,1,0,0,0,0,0,0,0,0,0,0,0,0
0x2B1F39DAD89A25EA,0,50,150,0,0,0,0,0,0x1D9A4300362C63C8,0,0,0,1,0,0,0,0,0,0,0,0,0,0,0,0
0x69DE183202FC2E2E,0,100,250,0,0,0,0,0,0x1D9A4300362C63C8,0,0,0,1,0,0,0,0,0,0,0,0,0,0,0,0
0x6F9FAF7E7E68271D,0,50,0,0,0,0,0,0,0,0x7C953169E3AC2BC1,0x280C84B9A40E6401,1,1,0,0x67D32486E5D0EAD7,0,0,0,0,0,0,0,0,0,0
0x5BF919B22F60D4D2,0,10,10,0,0,0,0,0,0x42149388F4569398,0,0,0,1,0,0,0,0,0,0,0,0,0,0,0,0
0xB7513C439DDC6E6,0,10,10,0,0,0,0,0,0x42149388F4569398,0,0,0,1,0,0,0,0,0,0,0,0,0,0,0,0
0x56DFD66551433C8A,0,10,10,0,0,0,0,0,0x42149388F4569398,0,0,0,1,0,0,0,0,0,0,0,0,0,0,0,0
0x7FE736BBD6D28EA3,0,10,5,0,0,0,0,0,0x3F0863932D6E0B51,0,0,0,1,0,0,0,0,0,0,0,0,0,0,0,0
0x69FD6921D1F9ABAD,0,50,0,0,0,0,0,0,0,0x5816EA22EC181CE9,0x27AAD8D23E66CD29,1,1,0,0x67D32486E5D0EAD7,0,0,0,0,0,0,0,0,0,0
0x42ED6C99E52AE477,0,25,25,0,0,0,0,0,0x33222F2943499079,0,0,0,1,0,0,0,0,0,0,0,0,0,0,0,0
0x19E93DEDB148B3A7,0,50,150,0,0,0,0,0,0x33222F2943499079,0,0,0,1,0,0,0,0,0,0,0,0,0,0,0,0
0x5801C167F02FBF47,0,100,250,0,0,0,0,0,0x33222F2943499079,0,0,0,1,0,0,0,0,0,0,0,0,0,0,0,0
0x1ECD5210B2C5BCE4,0,50,0,0,0,0,0,0,0,0x25F24CC0BC429DA8,0x77627C15E61108E8,1,1,0,0x67D32486E5D0EAD7,0,0,0,0,0,0,0,0,0,0
0x51FABC243304567E,0,25,25,0,0,0,0,0,0x564DA7A38C42BCFC,0,0,0,1,0,0,0,0,0,0,0,0,0,0,0,0
0x30E535FB814F653A,0,50,150,0,0,0,0,0,0x564DA7A38C42BCFC,0,0,0,1,0,0,0,0,0,0,0,0,0,0,0,0
0x577D4D46E546059E,0,100,250,0,0,0,0,0,0x564DA7A38C42BCFC,0,0,0,1,0,0,0,0,0,0,0,0,0,0,0,0
0x784A6C99327BE62D,0,50,0,0,0,0,0,0,0,0xB3DE5780CC890C1,0x6F2ECF0A55135901,1,1,0,0x67D32486E5D0EAD7,0,0,0,0,0,0,0,0,0,0
0x236E1665139BCCED,0,50,0,0,0,0,0,0,0,0x7B8B9FDE65918131,0x711354DB047D8871,1,1,0,0x67D32486E5D0EAD7,0,0,0,0,0,0,0,0,0,0
0x289A1B24A9773509,0,10,10,0,0,0,0,0,0x35B52350A1A3B8CF,0,0,0,1,0,0,0,0,0,0,0,0,0,0,0,0
0x8D67BFB3F57E36D,0,10,10,0,0,0,0,0,0x35B52350A1A3B8CF,0,0,0,1,0,0,0,0,0,0,0,0,0,0,0,0
0x7A19B2F4EB72162D,0,10,10,0,0,0,0,0,0x35B52350A1A3B8CF,0,0,0,1,0,0,0,0,0,0,0,0,0,0,0,0
0x10DC5D320D08F13C,0,10,5,0,0,0,0,0,0x2AA43DA8132D6382,0,0,0,1,0,0,0,0,0,0,0,0,0,0,0,0
0x7F7350F8750587FD,0,10,10,0,0,0,0,0,0x3A807073BEE83227,0,0,0,1,0,0,0,0,0,0,0,0,0,0,0,0
0x1B067A18020F7069,0,10,10,0,0,0,0,0,0x3A807073BEE83227,0,0,0,1,0,0,0,0,0,0,0,0,0,0,0,0
0x992F445D2E92B89,0,10,10,0,0,0,0,0,0x3A807073BEE83227,0,0,0,1,0,0,0,0,0,0,0,0,0,0,0,0
0xFE0EF0901EA7008,0,10,5,0,0,0,0,0,0x62BA499584E81FCA,0,0,0,1,0,0,0,0,0,0,0,0,0,0,0,0
0x4591A88058BEF9EF,0,5,10,0,0,0,0,0,0x5A00F020CF43716D,0,0,0,1,0,0,0,0,0,0,0,0,0,0,0,0
0x2DAF4CF8EC54FE2F,0,10,75,0,0,0,0,0,0x5A00F020CF43716D,0,0,0,1,0,0,0,0,0,0,0,0,0,0,0,0
0x2492302D72A2F6EF,0,20,125,0,0,0,0,0,0x5A00F020CF43716D,0,0,0,1,0,0,0,0,0,0,0,0,0,0,0,0
0x31948056B3F28340,0,25,25,0,0,0,0,0,0x167064ACD7D33A4E,0,0,0,1,1,0,0,0,0,0,0,0,0,0,0,0
0x6EE08DA0A81E5918,0,50,150,0,0,0,0,0,0x167064ACD7D33A4E,0,0,0,1,1,0,0,0,0,0,0,0,0,0,0,0
0x1855FEB7E01614F4,0,100,250,0,0,0,0,0,0x167064ACD7D33A4E,0,0,0,1,1,0,0,0,0,0,0,0,0,0,0,0
0x60ADEE21DBECF658,0,25,25,0,0,0,0,0,0x76C1A4A49B2B6F3E,0,0,0,1,1,0,0,0,0,0,0,0,0,0,0,0
0x5D4DB85C9DD21280,0,50,150,0,0,0,0,0,0x76C1A4A49B2B6F3E,0,0,0,1,1,0,0,0,0,0,0,0,0,0,0,0
0x3EF1AFC295BB075C,0,100,250,0,0,0,0,0,0x76C1A4A49B2B6F3E,0,0,0,1,1,0,0,0,0,0,0,0,0,0,0,0
0x660FA2103E75903E,0,50,0,0,0,0,0,0,0,0x681C2AC0EE27A0B2,0x11544AE22A800BF2,1,1,0,0x2C64F4121BF660F3,0,0,0,0,0,0,0,0,0,0
0x3A30CC3052D1D54,0,50,0,0,0,0,0,0,0,0x2D0DF4C6DF1D5C60,0x6EECB0B0518A8FA0,1,1,0,0x2C64F4121BF660F3,0,0,0,0,0,0,0,0,0,0
0x7D1B49EBCEA665EB,0,10,10,0,0,0,0,0,0x3CEA455FD5BCE9D,0,0,0,1,0,0,0,0,0,0,0,0,0,0,0,0
0x73C2CB83AEA0D783,0,10,10,0,0,0,0,0,0x3CEA455FD5BCE9D,0,0,0,1,0,0,0,0,0,0,0,0,0,0,0,0
0x3FD5336901AD4E03,0,10,10,0,0,0,0,0,0x3CEA455FD5BCE9D,0,0,0,1,0,0,0,0,0,0,0,0,0,0,0,0
0xB2AC34919AD4DD9,0,50,0,0,0,0,0,0,0,0x2E13067F3890AAE5,0x2F392FC3F263E225,1,1,0,0x2C64F4121BF660F3,0,0,0,0,0,0,0,0,0,0
0x2E2CD61B53B78486,0,25,25,0,0,0,0,0,0xDAD40F2EAE762D0,0,0,0,1,0,0,0,0,0,0,0,0,0,0,0,0
0x353562085A8623D2,0,50,150,0,0,0,0,0,0xDAD40F2EAE762D0,0,0,0,1,0,0,0,0,0,0,0,0,0,0,0,0
0x7CDC4A969DBB8036,0,100,250,0,0,0,0,0,0xDAD40F2EAE762D0,0,0,0,1,0,0,0,0,0,0,0,0,0,0,0,0
0x20CF13C95020B9FF,0,10,10,0,0,0,0,0,0x68908D4773D4E3D,0,0,0,1,0,0,0,0,0,0,0,0,0,0,0,0
0x227B9BEDD9DF337,0,10,10,0,0,0,0,0,0x68908D4773D4E3D,0,0,0,1,0,0,0,0,0,0,0,0,0,0,0,0
0x6014368A466C7273,0,10,10,0,0,0,0,0,0x68908D4773D4E3D,0,0,0,1,0,0,0,0,0,0,0,0,0,0,0,0
0x6CAB59543620C532,0,10,5,0,0,0,0,0,0,0,0,0,1,0,0,0,0,0,0,0,0,0,0,0,0
0x1F719CF7FD9E1D8A,0,50,0,0,0,0,0,0,0,0x334C8A7A4C41DE86,0x38D52178B0E175C6,1,1,0,0x2C64F4121BF660F3,0,0,0,0,0,0,0,0,0,0
0x709CAEFD7D3D228E,0,50,0,0,0,0,0,0,0,0x2A4F45731A30E13A,0x46D36A558030B7A,1,1,0,0x2C64F4121BF660F3,0,0,0,0,0,0,0,0,0,0
0x1B1F01E776DAFDDB,0,25,25,0,0,0,0,0,0x2F9C502EEBECA6ED,0,0,0,1,0,0,0,0,0,0,0,0,0,0,0,0
0x86C28144E1031D3,0,50,150,0,0,0,0,0,0x2F9C502EEBECA6ED,0,0,0,1,0,0,0,0,0,0,0,0,0,0,0,0
0xA243DF6FAFCDB33,0,100,250,0,0,0,0,0,0x2F9C502EEBECA6ED,0,0,0,1,0,0,0,0,0,0,0,0,0,0,0,0
0x5B7C3CBE2BE9D770,0,10,10,0,0,0,0,0,0x2990C3E1D8B1CCC6,0,0,0,1,0,0,0,0,0,0,0,0,0,0,0,0
0x4DCA3930944950A8,0,10,10,0,0,0,0,0,0x2990C3E1D8B1CCC6,0,0,0,1,0,0,0,0,0,0,0,0,0,0,0,0
0x22667C272EE99D64,0,10,10,0,0,0,0,0,0x2990C3E1D8B1CCC6,0,0,0,1,0,0,0,0,0,0,0,0,0,0,0,0
0x200F9CCEBAD3E9D9,0,10,5,0,0,0,0,0,0xAE0879EE6A9632F,0,0,0,1,0,0,0,0,0,0,0,0,0,0,0,0
0x6F43D0DC1596E821,0,50,0,0,0,0,0,0,0,0x30EB116EF7AF7FF5,0x3219079C1E89BC35,1,1,0,0x2C64F4121BF660F3,0,0,0,0,0,0,0,0,0,0
0x5CCD82F1A21196B8,0,25,50,0,0,0,0,0,0x5424D924AE98E65E,0,0,0,1,0,0,0,0,0,0,0,0,0,0,0,0
0x13DC82AEB0E75D,0,0,0,0,0,0,0,0,0,0,0,0,1,0,0,0,0,0,0,0,0,0,0,0,0
0x362EBC2C4ED43709,0,0,0,0,0,0,0,0,0,0,0,0,1,0,0,0,0,0,0,0,0,0,0,0,0
0x6DF192247A7A80A9,0,0,0,0,0,0,0,0,0,0,0,0,1,0,0,0,0,0,0,0,0,0,0,0,0
0x2A5E60438CF389A0,0,10,5,0,0,0,0,0,0x21EF7FD82879C0BA,0,0,0,1,0,0,0,0,0,0,0,0,0,0,0,0
0x286F8DBA15E3F5CD,0,50,100,0,0,0,0,0,0x24669800AB75829F,0,0,0,1,0,0,0,0,0,0,0,0,0,0,0,0
0x4F6FD0CD6FC13A40,0,50,0,0,0,0,0,0,0,0x4B3DD1FF72B58844,0x7818630CBF8B5284,1,1,0,0x2C64F4121BF660F3,0,0,0,0,0,0,0,0,0,0
0x6E798DDA6FCD0AA9,0,10,10,0,0,0,0,0,0x5EAEF156E3B35763,0,0,0,1,0,0,0,0,0,0,0,0,0,0,0,0
0x4113DF5339AC86CD,0,10,10,0,0,0,0,0,0x5EAEF156E3B35763,0,0,0,1,0,0,0,0,0,0,0,0,0,0,0,0
0x149EAC892A392D8D,0,10,10,0,0,0,0,0,0x5EAEF156E3B35763,0,0,0,1,0,0,0,0,0,0,0,0,0,0,0,0
0x322D4EE93C2812DC,0,10,5,0,0,0,0,0,0xB0E43D06AAB7D02,0,0,0,1,0,0,0,0,0,0,0,0,0,0,0,0
0x56AA82CBBC11009B,0,10,5,0,0,0,0,0,0x416DF1B68F09AFF5,0,0,0,1,0,0,0,0,0,0,0,0,0,0,0,0
0x39882BD52F2F1975,0,25,25,0,0,0,0,0,0x55F8CB6E41604E63,0,0,0,1,0,0,0,0,0,0,0,0,0,0,0,0
0x4607CD5CACC090B1,0,50,150,0,0,0,0,0,0x55F8CB6E41604E63,0,0,0,1,0,0,0,0,0,0,0,0,0,0,0,0
0x2C675866112F57F1,0,100,250,0,0,0,0,0,0x55F8CB6E41604E63,0,0,0,1,0,0,0,0,0,0,0,0,0,0,0,0
0x6293B3248F1D0F68,0,50,0,0,0,0,0,0,0,0x219EF9B2525D760C,0x3523D5B229C3244C,1,1,0,0x2C64F4121BF660F3,0,0,0,0,0,0,0,0,0,0
0x6AAA12468A09ED9D,0,10,10,0,0,0,0,0,0x7DE05661D113A9D3,0,0,0,1,0,0,0,0,0,0,0,0,0,0,0,0
0x4F188AA5A44EA531,0,25,25,0,0,0,0,0,0xD5A61913152B9F,0,0,0,1,0,0,0,0,0,0,0,0,0,0,0,0
0x374EB7756D3A51C5,0,50,150,0,0,0,0,0,0x4C6FBB9233791F3F,0,0,0,1,0,0,0,0,0,0,0,0,0,0,0,0
0x1E2A606822381225,0,100,250,0,0,0,0,0,0x429C187EEA3A8F1F,0,0,0,1,0,0,0,0,0,0,0,0,0,0,0,0
0x2AAB75F950C451E0,0,10,10,0,0,0,0,0,0x6B2CA61BDF156E9E,0,0,0,1,0,0,0,0,0,0,0,0,0,0,0,0
0x6EC7D30A7F0A0F78,0,10,10,0,0,0,0,0,0x51B9E2D03D9D5B1A,0,0,0,1,0,0,0,0,0,0,0,0,0,0,0,0
0x435794D6C956EED4,0,10,10,0,0,0,0,0,0x3451DEC53CC268FE,0,0,0,1,0,0,0,0,0,0,0,0,0,0,0,0
0x715EF50224835E14,0,10,5,0,0,0,0,0,0x1A9B7CC25543800E,0,0,0,1,0,0,0,0,0,0,0,0,0,0,0,0
0x1F9741E554496590,0,50,0,0,0,0,0,0,0,0x3CAFDDF0B282008C,0xA0E61450F17CC,1,1,0,0x2C64F4121BF660F3,0,0,0,0,0,0,0,0,0,0
0x503E31EB10ACCE59,0,10,10,0,0,0,0,0,0x401514CB8277ACD3,0,0,0,1,0,0,0,0,0,0,0,0,0,0,0,0
0x6381A380392A3F1D,0,10,10,0,0,0,0,0,0x11D591DDA83E664B,0,0,0,1,0,0,0,0,0,0,0,0,0,0,0,0
0x5B922EE3930B373D,0,10,10,0,0,0,0,0,0x67F0A270093E772F,0,0,0,1,0,0,0,0,0,0,0,0,0,0,0,0
0x24C7B0139118CE28,0,25,25,0,0,0,0,0,0x11A47EC3FB6A7A4A,0,0,0,1,0,0,0,0,0,0,0,0,0,0,0,0
0xB96C6C7DB43898C,0,50,150,0,0,0,0,0,0x50F5B4FD4B612B7A,0,0,0,1,0,0,0,0,0,0,0,0,0,0,0,0
0x5566954116152AEC,0,100,250,0,0,0,0,0,0x6901057B949C93DA,0,0,0,1,0,0,0,0,0,0,0,0,0,0,0,0
0x6AC521287FD1B90C,0,10,10,0,0,0,0,0,0x50F2F0A78506D8B2,0,0,0,1,0,0,0,0,0,0,0,0,0,0,0,0
0x53AA5A1CE51641E2,0,25,25,0,0,0,0,0,0x2D5E5638E1585D38,0,0,0,1,0,0,0,0,0,0,0,0,0,0,0,0
0x12580BC2700421D6,0,50,150,0,0,0,0,0,0x73B206DD289D820,0,0,0,1,0,0,0,0,0,0,0,0,0,0,0,0
0x56FF915025DA0A9A,0,100,250,0,0,0,0,0,0x577C5A4B9E45687C,0,0,0,1,0,0,0,0,0,0,0,0,0,0,0,0
0x32F918F11B844DA7,0,0,0,0,0,0,0,0,0,0x7EF956EBE4F8295B,0,1,1,0,0,0,0,0,0,0,0,0,0,0,0
0x4EFC40FBC0AE2A30,0,25,25,0,0,0,0,0,0x3837159DB96340FE,0,0,0,1,0,0,0,0,0,0,0,0,0,0,0,0
0x5F193AA903F56994,0,50,150,0,0,0,0,0,0x3837159DB96340FE,0,0,0,1,0,0,0,0,0,0,0,0,0,0,0,0
0x53FF6AA8DC4D95D4,0,100,250,0,0,0,0,0,0x3837159DB96340FE,0,0,0,1,0,0,0,0,0,0,0,0,0,0,0,0
0x2360212957DC0572,0,25,0,0,0,0,0,0,0,0x7194D6070704FC2E,0x5A22915408C5EA6E,1,1,0,0x6FABCEF60FBAC3BA,0,0,0,0,0,0,0,0,0,0
0xE666C12A047C087,0,5,10,0,0,0,0,0,0x59674B90AFCB7C71,0,0,0,1,0,0,0,0,0,0,0,0,0,0,0,0
0x5060B1D527ED4F97,0,10,50,0,0,0,0,0,0x59674B90AFCB7C71,0,0,0,1,0,0,0,0,0,0,0,0,0,0,0,0
0x5F1F660F23F1897,0,20,150,0,0,0,0,0,0x59674B90AFCB7C71,0,0,0,1,0,0,0,0,0,0,0,0,0,0,0,0
0x4A3595884028E477,0,25,0,0,0,0,0,0,0,0x590388FA68A69753,0xD0130CCB6F7F393,1,1,0,0x6FABCEF60FBAC3BA,0,0,0,0,0,0,0,0,0,0
0x28842CBC27C5A0,0,5,10,0,0,0,0,0,0x600C68DF12CEA52A,0,0,0,1,0,0,0,0,0,0,0,0,0,0,0,0
0x22AEA0B364081738,0,10,50,0,0,0,0,0,0x600C68DF12CEA52A,0,0,0,1,0,0,0,0,0,0,0,0,0,0,0,0
0x7313F3FD9111C94,0,20,150,0,0,0,0,0,0x600C68DF12CEA52A,0,0,0,1,0,0,0,0,0,0,0,0,0,0,0,0
0x6AFE20E70EEDD200,0,25,0,0,0,0,0,0,0,0x789A1BE1F68C2A24,0x551C918B3B41F164,1,1,0,0x6FABCEF60FBAC3BA,0,0,0,0,0,0,0,0,0,0
0x13F5865B9CBEA969,0,5,10,0,0,0,0,0,0x4C154B53BBA73723,0,0,0,1,0,0,0,0,0,0,0,0,0,0,0,0
0x714085FCD9AA9A8D,0,10,50,0,0,0,0,0,0x4C154B53BBA73723,0,0,0,1,0,0,0,0,0,0,0,0,0,0,0,0
0x6601E09BBFFB784D,0,20,150,0,0,0,0,0,0x4C154B53BBA73723,0,0,0,1,0,0,0,0,0,0,0,0,0,0,0,0
0x5007A59EC20B2AD9,0,25,0,0,0,0,0,0,0,0x694301C8EE631A5,0x502E93C82DA1FFE5,1,1,0,0x6FABCEF60FBAC3BA,0,0,0,0,0,0,0,0,0,0
0x106CD5EA68B27E4E,0,25,0,0,0,0,0,0,0,0x3D103095B8D51932,0x2594DAAB7A3D3272,1,1,0,0x6FABCEF60FBAC3BA,0,0,0,0,0,0,0,0,0,0
0x4DCF8EC6E69F7FF5,0,25,0,0,0,0,0,0,0,0x1D42EBE10BC79F19,0x2AD24B0C99F42859,1,1,0,0x6FABCEF60FBAC3BA,0,0,0,0,0,0,0,0,0,0
0x6D7AD68B2BB6F9FA,0,5,10,0,0,0,0,0,0x38459048E94A8614,0,0,0,1,0,0,0,0,0,0,0,0,0,0,0,0
0x2E62CD7D3E8C595E,0,10,50,0,0,0,0,0,0x38459048E94A8614,0,0,0,1,0,0,0,0,0,0,0,0,0,0,0,0
0x44CA6B54E81BEB82,0,20,150,0,0,0,0,0,0x38459048E94A8614,0,0,0,1,0,0,0,0,0,0,0,0,0,0,0,0
0x7ECEA0345569D793,0,0,0,0,0,0,0,0,0,0x26AF314C2ADA744F,0,1,1,0,0,0,0,0,0,0,0,0,0,0,0
0x7DE97439F4A88B,0,0,0,0,0,0,0,0,0,0x2079511AB3C945BF,0,1,1,0,0,0,0,0,0,0,0,0,0,0,0
0x467CE4CE2F720738,0,25,25,0,0,0,0,0,0x6C13232CEF8094D2,0,0,0,1,0,0,0,0,0,0,0,0,0,0,0,0
0x39577BC12918090C,0,50,150,0,0,0,0,0,0x6C13232CEF8094D2,0,0,0,1,0,0,0,0,0,0,0,0,0,0,0,0
0x1B36CC0C0DFDEDCC,0,100,250,0,0,0,0,0,0x6C13232CEF8094D2,0,0,0,1,0,0,0,0,0,0,0,0,0,0,0,0
0x362E4E6B5AC441AF,0,25,0,0,0,0,0,0,0,0x34EC8CB3373FD6E3,0x78B07F7511EC7F23,1,1,0,0x6FABCEF60FBAC3BA,0,0,0,0,0,0,0,0,0,0
0x6B0F4DC79495EECD,0,25,25,0,0,0,0,0,0x2A7405ADBC2B7473,0,0,0,1,0,0,0,0,0,0,0,0,0,0,0,0
0x581CA55B1D501F81,0,50,150,0,0,0,0,0,0x2A7405ADBC2B7473,0,0,0,1,0,0,0,0,0,0,0,0,0,0,0,0
0x4D13D1AF2EAD0235,0,100,250,0,0,0,0,0,0x2A7405ADBC2B7473,0,0,0,1,0,0,0,0,0,0,0,0,0,0,0,0
0x329A9B34D196831C,0,25,0,0,0,0,0,0,0,0x392D0A1CBCBEC210,0x504E4245F2EFF950,1,1,0,0x6FABCEF60FBAC3BA,0,0,0,0,0,0,0,0,0,0
0x36ED03D219A5C938,0,25,25,0,0,0,0,0,0x2E62D477C4C45906,0,0,0,1,0,0,0,0,0,0,0,0,0,0,0,0
0x28301ADB6DD80B0C,0,50,150,0,0,0,0,0,0x2E62D477C4C45906,0,0,0,1,0,0,0,0,0,0,0,0,0,0,0,0
0x50900462DD901FCC,0,100,250,0,0,0,0,0,0x2E62D477C4C45906,0x27329BFA569C11D3,0x94E82DDB09BFB13,1,1,0,0,0,0,0,0,0,0,0,0,0,0
0x47764B9B391C47AF,0,25,0,0,0,0,0,0,0,0,0,0,1,0,0,0,0,0,0,0,0,0,0,0,0
0x21194EAD75E4FB99,0,25,25,0,0,0,0,0,0x79368D63D917919F,0,0,0,1,0,0,0,0,0,0,0,0,0,0,0,0
0x72BC7CA91BFBF335,0,50,150,0,0,0,0,0,0x79368D63D917919F,0,0,0,1,0,0,0,0,0,0,0,0,0,0,0,0
0x68B89787ED058D49,0,100,250,0,0,0,0,0,0x79368D63D917919F,0,0,0,1,0,0,0,0,0,0,0,0,0,0,0,0
0x2CF99150C9552450,0,25,0,0,0,0,0,0,0,0x5510C810D2C654,0x2B4517E4D1117394,1,1,0,0x6FABCEF60FBAC3BA,0,0,0,0,0,0,0,0,0,0
0x1756E8FE3DEA6FF3,0,25,25,0,0,0,0,0,0x3BC5F2B3D0DA050D,0,0,0,1,0,0,0,0,0,0,0,0,0,0,0,0
0x2A09F46416537923,0,50,150,0,0,0,0,0,0x3BC5F2B3D0DA050D,0,0,0,1,0,0,0,0,0,0,0,0,0,0,0,0
0x18B132654806D82F,0,100,250,0,0,0,0,0,0x3BC5F2B3D0DA050D,0,0,0,1,0,0,0,0,0,0,0,0,0,0,0,0
0x7EDF1F626106ABA6,0,25,0,0,0,0,0,0,0,0x3C5830545DD9407A,0x78A694B8BFEA71BA,1,1,0,0x6FABCEF60FBAC3BA,0,0,0,0,0,0,0,0,0,0
0x4CF8494BE58A9098,0,25,0,0,0,0,0,0,0,0x3FC221BF84554824,0x503E9FA763D3D264,1,1,0,0x6FABCEF60FBAC3BA,0,0,0,0,0,0,0,0,0,0
0x824DA091B0A2A8C,0,25,0,0,0,0,0,0,0,0x12937AD639A31538,0x7A91053846ED6778,1,1,0,0x6FABCEF60FBAC3BA,0,0,0,0,0,0,0,0,0,0
0x456858BDA54D7F9B,0,10,5,0,0,0,0,0,0x19919763F81EC391,0,0,0,1,0,0,0,0,0,0,0,0,0,0,0,0
0x7A9DDA6E6F82B6BA,0,5,10,0,0,0,0,0,0xFD79FBBF69AD2D8,0,0,0,1,0,0,0,0,0,0,0,0,0,0,0,0
0x68D144043DD8363A,0,10,15,0,0,0,0,0,0xFD79FBBF69AD2D8,0,0,0,1,0,0,0,0,0,0,0,0,0,0,0,0
0x3061EFF1321CEDFA,0,20,20,0,0,0,0,0,0xFD79FBBF69AD2D8,0,0,0,1,0,0,0,0,0,0,0,0,0,0,0,0
0x4583A8E0886857B5,0,25,0,0,0,0,0,0,0,0x2EDDE9215D77B0F1,0x457B9A868D997A31,1,1,0,0x6FABCEF60FBAC3BA,0,0,0,0,0,0,0,0,0,0
0x10896D53A23E5A4A,0,50,1000,0,0,0,0,0,0x735345EFFF5288DC,0,0,0,1,0,0,0,0,0,0,0,0,0,0,0,0
0x10896C53A23E5897,0,50,2500,0,0,0,0,0,0x735348EFFF528DF5,0,0,0,1,0,0,0,0,0,0,0,0,0,0,0,0
0x10896B53A23E56E4,0,50,5000,0,0,0,0,0,0x735347EFFF528C42,0,0,0,1,0,0,0,0,0,0,0,0,0,0,0,0
0x10896A53A23E5531,0,50,7500,0,0,0,0,0,0x735342EFFF5283C3,0,0,0,1,0,0,0,0,0,0,0,0,0,0,0,0
0x10896953A23E537E,0,50,10000,0,0,0,0,0,0x735341EFFF528210,0,0,0,1,0,0,0,0,0,0,0,0,0,0,0,0
0x10896853A23E51CB,0,50,12500,0,0,0,0,0,0x735344EFFF528729,0,0,0,1,0,0,0,0,0,0,0,0,0,0,0,0
0x10896753A23E5018,0,50,15000,0,0,0,0,0,0x735343EFFF528576,0,0,0,1,0,0,0,0,0,0,0,0,0,0,0,0
0x10896653A23E4E65,0,50,15000,0,0,0,0,0,0x73534EEFFF529827,0,0,0,1,0,0,0,0,0,0,0,0,0,0,0,0
0x10896553A23E4CB2,0,50,15000,0,0,0,0,0,0x73534DEFFF529674,0,0,0,1,0,0,0,0,0,0,0,0,0,0,0,0
0x57DF3F1CAFF3BD4E,0,50,15000,0,0,0,0,0,0x4908C2CED93EA904,0,0,0,1,0,0,0,0,0,0,0,0,0,0,0,0
0x6F36B21D3C8A81FB,0,50,1000,0,0,0,0,0,0x519ECB06CB478815,0,0,0,1,0,0,0,0,0,0,0,0,0,0,0,0
0x6F36B31D3C8A83AE,0,50,2000,0,0,0,0,0,0x519ECB06CB478815,0,0,0,1,0,0,0,0,0,0,0,0,0,0,0,0
0x6F36B41D3C8A8561,0,50,3000,0,0,0,0,0,0x519ECB06CB478815,0,0,0,1,0,0,0,0,0,0,0,0,0,0,0,0
0x6F36B51D3C8A8714,0,50,4000,0,0,0,0,0,0x519ECB06CB478815,0,0,0,1,0,0,0,0,0,0,0,0,0,0,0,0
0x6F36B61D3C8A88C7,0,50,5000,0,0,0,0,0,0x519ECB06CB478815,0,0,0,1,0,0,0,0,0,0,0,0,0,0,0,0
0x6F36B71D3C8A8A7A,0,50,6000,0,0,0,0,0,0x519ECB06CB478815,0,0,0,1,0,0,0,0,0,0,0,0,0,0,0,0
0x6F36B81D3C8A8C2D,0,50,7000,0,0,0,0,0,0x519ECB06CB478815,0,0,0,1,0,0,0,0,0,0,0,0,0,0,0,0
0x6F36A91D3C8A72B0,0,50,8000,0,0,0,0,0,0x519ECB06CB478815,0,0,0,1,0,0,0,0,0,0,0,0,0,0,0,0
0x6F36AA1D3C8A7463,0,50,9000,0,0,0,0,0,0x519ECB06CB478815,0,0,0,1,0,0,0,0,0,0,0,0,0,0,0,0
0x47272ADDF5A8BF1,0,50,10000,0,0,0,0,0,0x519ECB06CB478815,0,0,0,1,0,0,0,0,0,0,0,0,0,0,0,0
0x731D0D672484F5FA,0,50,0,0,0,0,0,0,0,0x7E96BC9D2F95E49E,0x4544725EF40B1BDE,1,1,0,0x67D32486E5D0EAD7,0,0,0,0,0,0,0,0,0,0
0x164CA2218E4455FE,0,0,0,0,0,0,0,0,0,0x74BDF43CC4C31E72,0,1,1,0,0,0,0,0,0,0,0,0,0,0,0
0x63AC61297F6D3D27,0,10,10,0,0,0,0,0,0x9BA1734E38C56B5,0,0,0,0,0,0,0,0,0,0,0,0,0,0,0,0
0x6D86E787A3CF34B,0,50,0,0,0,0,0,0,0,0x6C7C994F6BAE8ECF,0x55F4901F8B5CC90F,0,1,0,0,0,0,0,0,0,0,0,0,0,0
0x2BBFCEDBD46EE2A8,0,25,25,0,0,0,0,0,0x7E8304F857B6CD7E,0,0,0,1,0,0,0,0,0,0,0,0,0,0,0,0
0x71CCAA9F14AB80E7,0,50,0,0,0,0,0,0,0,0x27EE7DE48FE345D3,0x74C4D8E1A6F4F513,1,1,0,0x67D32486E5D0EAD7,0,0,0,0,0,0,0,0,0,0
0x29E990821669FC6A,0,25,25,0,0,0,0,0,0x429675066016AB34,0,0,0,1,0,0,0,0,0,0,0,0,0,0,0,0
0x6C9F7BFC7D79A7C9,0,10,10,0,0,0,0,0,0x5EBDDE6F7DB7FF63,0,0,0,1,0,0,0,0,0,0,0,0,0,0,0,0
0x77760CAC6A1C1316,0,10,10,0,0,0,0,0,0x6522169DC09948C4,0,0,0,1,0,0,0,0,0,0,0,0,0,0,0,0
0x7245462901E985FE,0,50,0,0,0,0,0,0,0,0x65628CE6E317B18A,0x5524CA249D6D31CA,1,1,0,0x67D32486E5D0EAD7,0,0,0,0,0,0,0,0,0,0
0x14AB71984A8EA918,0,50,0,0,0,0,0,0,0,0x540DC31C9853DEDC,0x8BE046E64747E1C,1,1,0,0x67D32486E5D0EAD7,0,0,0,0,0,0,0,0,0,0
0x5FD7036CFBBD2EA2,0,50,0,0,0,0,0,0,0,0x37D246ADCEB02686,0x77043EFCC2AF36C6,1,1,0,0x67D32486E5D0EAD7,0,0,0,0,0,0,0,0,0,0
0x55C6BD75D868A4F2,0,25,25,0,0,0,0,0,0x3400F7E5C345A78,0,0,0,1,0,0,0,0,0,0,0,0,0,0,0,0
0x760AC88D012007C2,0,50,150,0,0,0,0,0,0x3400F7E5C345A78,0,0,0,1,0,0,0,0,0,0,0,0,0,0,0,0
0x1CAD5FBEB3A37AC2,0,100,250,0,0,0,0,0,0x3400F7E5C345A78,0,0,0,1,0,0,0,0,0,0,0,0,0,0,0,0
0x4EBA6DC3ABDEEE5B,0,50,0,0,0,0,0,0,0,0x5E20E47C6FCAE6D7,0x7224012B491D0917,1,1,0,0x67D32486E5D0EAD7,0,0,0,0,0,0,0,0,0,0
0x338F0007DCC1D9DF,0,50,1000,0,0,0,0,0,0x6CE99130697D5901,0,0,0,1,0,0,0,0,0,0,0,0,0,0,0,0
0x578CEE6E9F63BCD3,0,50,500,0,0,0,0,0,0x6443BC20C46FB1F5,0,0,0,1,0,0,0,0,0,0,0,0,0,0,0,0
0x605E9A8E731C143C,0,50,1000,0,0,0,0,0,0x126B77A4E955C81A,0,0,0,1,0,0,0,0,0,0,0,0,0,0,0,0
0x562F19D492C837A9,0,50,0,0,0,0,0,0,0,0x6BFA77DD951DF445,0x18E83F3B4479B585,1,1,0,0x67D32486E5D0EAD7,0,0,0,0,0,0,0,0,0,0
0x667B5EDABBF20B4,0,50,0,0,0,0,0,0,0,0x649BED5E02596850,0x24898EE2F1140590,1,1,0,0x67D32486E5D0EAD7,0,0,0,0,0,0,0,0,0,0
0x4ADED869EBF534CC,0,50,0,0,0,0,0,0,0,0x6539088C37F11E00,0x1460364E189D17C0,1,1,0,0x67D32486E5D0EAD7,0,0,0,0,0,0,0,0,0,0
0x9395F0A1E8AFE59,0,50,0,0,0,0,0,0,0,0x2C90C444D1523F5D,0x1B4360F64B211F9D,1,1,0,0x67D32486E5D0EAD7,0,0,0,0,0,0,0,0,0,0
0x620E8EE7A20F56C7,0,50,0,0,0,0,0,0,0,0x36300C5CD8FA40C3,0x752DF6506D689F03,1,1,0,0x67D32486E5D0EAD7,0,0,0,0,0,0,0,0,0,0
0x7C0BBB4086533CD,0,25,25,0,0,0,0,0,0x2991C7D79FDC7AE7,0,0,0,1,0,0,0,0,0,0,0,0,0,0,0,0
0x493AB4851BE2A759,0,50,150,0,0,0,0,0,0x2991C7D79FDC7AE7,0,0,0,1,0,0,0,0,0,0,0,0,0,0,0,0
0x37D6A449BB36AB19,0,100,250,0,0,0,0,0,0x2991C7D79FDC7AE7,0,0,0,1,0,0,0,0,0,0,0,0,0,0,0,0
0x2D496D1436835636,0,25,25,0,0,0,0,0,0x1CE1F9EB1BD381C4,0,0,0,1,0,0,0,0,0,0,0,0,0,0,0,0
0x1550E23901AE5122,0,50,150,0,0,0,0,0,0x1CE1F9EB1BD381C4,0,0,0,1,0,0,0,0,0,0,0,0,0,0,0,0
0x4E866CB98FBFACA6,0,100,250,0,0,0,0,0,0x1CE1F9EB1BD381C4,0,0,0,1,0,0,0,0,0,0,0,0,0,0,0,0
0x7063796ABDDDEFCA,0,25,25,0,0,0,0,0,0x1528A4BB46B546FC,0,0,0,1,1,0,0,0,0,0,0,0,0,0,0,0
0x510582C82174180E,0,50,150,0,0,0,0,0,0x1528A4BB46B546FC,0,0,0,1,1,0,0,0,0,0,0,0,0,0,0,0
0x50F7754B5822FAD2,0,100,250,0,0,0,0,0,0x1528A4BB46B546FC,0,0,0,1,1,0,0,0,0,0,0,0,0,0,0,0
0x40C6D8E8E8A8AC07,0,25,25,0,0,0,0,0,0x4AF334C3AA5F25B9,0,0,0,1,1,0,0,0,0,0,0,0,0,0,0,0
0x69ECD8F5CFEAB17,0,50,150,0,0,0,0,0,0x4AF334C3AA5F25B9,0,0,0,1,1,0,0,0,0,0,0,0,0,0,0,0
0x243FCA5539788817,0,100,250,0,0,0,0,0,0x4AF334C3AA5F25B9,0,0,0,1,1,0,0,0,0,0,0,0,0,0,0,0
0x7B13BC8A2B7784E5,0,10,5,0,0,0,0,0,0x5E2C506BE5E7C66F,0,0,0,1,0,0,0,0,0,0,0,0,0,0,0,0
0x483CF925DE9D7161,0,50,0,0,0,0,0,0,0,0x5A24FB70659E8B75,0x472559581E879EB5,1,1,0,0x67D32486E5D0EAD7,0,0,0,0,0,0,0,0,0,0
0x69DD2665E86C3D28,0,50,0,0,0,0,0,0,0,0x4FD2828AE0A89EF4,0x3D1E37C8424C034,1,1,0,0x67D32486E5D0EAD7,0,0,0,0,0,0,0,0,0,0
0x445B7147C14C1CE6,0,50,0,0,0,0,0,0,0,0x5FAFFEB16B584E02,0x76121CA7780B1042,1,1,0,0x67D32486E5D0EAD7,0,0,0,0,0,0,0,0,0,0
0x20D0CEC19FFBB727,0,50,0,0,0,0,0,0,0,0x5DEB9ABFDD4F90AB,0x3B0730B43BE8D2EB,1,1,0,0x67D32486E5D0EAD7,0,0,0,0,0,0,0,0,0,0
0x5988170326321704,0,50,0,0,0,0,0,0,0,0x3036B265137CB0C0,0x2B7E734E7092BF00,1,1,0,0x67D32486E5D0EAD7,0,0,0,0,0,0,0,0,0,0
0x25154A667F97A646,0,0,100,0,0,0,0,0,0x6490D77ABE42CE74,0,0,0,1,0,0,0,0,0,0,0,0,0,0,0,0
0x4EE89ABD7C8313F8,0,0,250,0,0,0,0,0,0x791DAAB2AA47930E,0,0,0,1,0,0,0,0,0,0,0,0,0,0,0,0
0x2E618375EF834BD2,0,0,500,0,0,0,0,0,0x495965E38B8CC07C,0,0,0,1,0,0,0,0,0,0,0,0,0,0,0,0
0x66316183180AAFEB,0,0,500,0,0,0,0,0,0x62BB45E5BFEE9091,0,0,0,1,0,0,0,0,0,0,0,0,0,0,0,0
0x575E22D6A70E1705,0,0,400,0,0,0,0,0,0x4C0FC2ECF5D52D3,0,0,0,1,0,0,0,0,0,0,0,0,0,0,0,0
0x4DDB480DA7531ED4,0,0,200,0,0,0,0,0,0x431CA24BA4A689E6,0,0,0,1,0,0,0,0,0,0,0,0,0,0,0,0
0x5EC113F7E86B7885,0,5,10,0,0,0,0,0,0x779953CE32AC4593,0,0,0,1,0,0,0,0,0,0,0,0,0,0,0,0
0x475425196EE93FE1,0,10,15,0,0,0,0,0,0x779953CE32AC4593,0,0,0,1,0,0,0,0,0,0,0,0,0,0,0,0
0x65E43702A1D30E81,0,20,20,0,0,0,0,0,0x779953CE32AC4593,0,0,0,1,0,0,0,0,0,0,0,0,0,0,0,0
0x3D490EB4BAC5DC50,0,5,10,0,0,0,0,0,0x594F90EB95998B7E,0,0,0,1,0,0,0,0,0,0,0,0,0,0,0,0
0x39A286B613247F48,0,10,15,0,0,0,0,0,0x594F90EB95998B7E,0,0,0,1,0,0,0,0,0,0,0,0,0,0,0,0
0x3C7F67402AC0004,0,20,20,0,0,0,0,0,0x594F90EB95998B7E,0,0,0,1,0,0,0,0,0,0,0,0,0,0,0,0
0x5A589AEE179F20C9,0,10,10,0,0,0,0,0,0x27C7651214412FBD,0,0,0,0,0,0,0,0,0,0,0,0,0,0,0,0
0x623088C571D90337,0,1000,0,0,0,0,0,0,0,0x6D4975A73053050D,0,1,1,0,0,0,0,0,0,0,0,0,0,0,1
0x623083C571D8FAB8,0,2000,0,0,0,0,0,0,0,0x6D4975A73053050D,0,1,1,0,0,0,0,0,0,0,0,0,0,0,1
0x622676C571D0901C,0,3000,0,0,0,0,0,0,0,0x6D4975A73053050D,0,1,1,0,0,0,0,0,0,0,0,0,0,0,1
0x622673C571D08B03,0,4000,0,0,0,0,0,0,0,0x6D4975A73053050D,0,1,1,0,0,0,0,0,0,0,0,0,0,0,1
0x62297CC571D2D025,0,5000,0,0,0,0,0,0,0,0x6D4975A73053050D,0,1,1,0,0,0,0,0,0,0,0,0,0,0,1
0x622977C571D2C7A6,0,5000,0,0,0,0,0,0,0,0x6D4975A73053050D,0,1,1,0,0,0,0,0,0,0,0,0,0,0,1
0x621F8AC571CA936A,0,5000,0,0,0,0,0,0,0,0x6D4975A73053050D,0,1,1,0,0,0,0,0,0,0,0,0,0,0,1
0x621F87C571CA8E51,0,5000,0,0,0,0,0,0,0,0x6D4975A73053050D,0,1,1,0,0,0,0,0,0,0,0,0,0,0,1
0x6222F0C571CD7693,0,5000,0,0,0,0,0,0,0,0x6D4975A73053050D,0,1,1,0,0,0,0,0,0,0,0,0,0,0,1
0x6222F3C571CD7BAC,0,5000,0,0,0,0,0,0,0,0x6D4975A73053050D,0,1,1,0,0,0,0,0,0,0,0,0,0,0,1
0x62187EC571C46058,0,5000,0,0,0,0,0,0,0,0x6D4975A73053050D,0,1,1,0,0,0,0,0,0,0,0,0,0,0,1
0x621883C571C468D7,0,5000,0,0,0,0,0,0,0,0x6D4975A73053050D,0,1,1,0,0,0,0,0,0,0,0,0,0,0,1
0x621C04C571C779E1,0,5000,0,0,0,0,0,0,0,0x6D4975A73053050D,0,1,1,0,0,0,0,0,0,0,0,0,0,0,1
0x621C07C571C77EFA,0,5000,0,0,0,0,0,0,0,0x6D4975A73053050D,0,1,1,0,0,0,0,0,0,0,0,0,0,0,1
0x6211F2C571BF06C6,0,5000,0,0,0,0,0,0,0,0x6D4975A73053050D,0,1,1,0,0,0,0,0,0,0,0,0,0,0,1
0x6211F7C571BF0F45,0,5000,0,0,0,0,0,0,0,0x6D4975A73053050D,0,1,1,0,0,0,0,0,0,0,0,0,0,0,1
0x621578C571C2204F,0,5000,0,0,0,0,0,0,0,0x6D4975A73053050D,0,1,1,0,0,0,0,0,0,0,0,0,0,0,1
0x621573C571C217D0,0,5000,0,0,0,0,0,0,0,0x6D4975A73053050D,0,1,1,0,0,0,0,0,0,0,0,0,0,0,1
0x317B6E8073C024E5,0,5000,0,0,0,0,0,0,0,0x6D4975A73053050D,0,1,1,0,0,0,0,0,0,0,0,0,0,0,1
0x42B51099E29D5D8,0,500,0,0,0,0,0,0,0,0x6D4975A73053050D,0,1,1,0,0,0,0,0,0,0,0,0,0,0,1
0x42B54099E29DAF1,0,1000,0,0,0,0,0,0,0,0x6D4975A73053050D,0,1,1,0,0,0,0,0,0,0,0,0,0,0,1
0x42B53099E29D93E,0,1500,0,0,0,0,0,0,0,0x6D4975A73053050D,0,1,1,0,0,0,0,0,0,0,0,0,0,0,1
0x42B56099E29DE57,0,2000,0,0,0,0,0,0,0,0x6D4975A73053050D,0,1,1,0,0,0,0,0,0,0,0,0,0,0,1
0x42B55099E29DCA4,0,2500,0,0,0,0,0,0,0,0x6D4975A73053050D,0,1,1,0,0,0,0,0,0,0,0,0,0,0,1
0x42B58099E29E1BD,0,3000,0,0,0,0,0,0,0,0x6D4975A73053050D,0,1,1,0,0,0,0,0,0,0,0,0,0,0,1
0x42B57099E29E00A,0,3500,0,0,0,0,0,0,0,0x6D4975A73053050D,0,1,1,0,0,0,0,0,0,0,0,0,0,0,1
0x42B4A099E29C9F3,0,4000,0,0,0,0,0,0,0,0x6D4975A73053050D,0,1,1,0,0,0,0,0,0,0,0,0,0,0,1
0x42B49099E29C840,0,4500,0,0,0,0,0,0,0,0x6D4975A73053050D,0,1,1,0,0,0,0,0,0,0,0,0,0,0,1
0x3F709B57C1167938,0,5000,0,0,0,0,0,0,0,0x6D4975A73053050D,0,1,1,0,0,0,0,0,0,0,0,0,0,0,1
0x62D538AB42FE8565,0,10,10,0,0,0,0,0,0x1B43A3068AC8AE07,0,0,0,1,0,0,0,0,0,0,0,0,0,0,0,0
0x1FB5D644E5408000,0,10,10,0,0,0,0,0,0x42D594D7775EA22A,0,0,0,1,0,0,0,0,0,0,0,0,0,0,0,0
0x4F458E5BC9BA1E62,0,10,10,0,0,0,0,0,0x2914B531F31ABE10,0,0,0,1,0,0,0,0,0,0,0,0,0,0,0,0
0x16AA9E7D582CFF1F,0,50,50,0,0,0,0,0,0x2C3F4E404BA7A809,0,0,0,1,0,0,0,0,0,0,0,0,0,0,0,0
0x5A47BC180768CC4,0,50,0,0,0,0,0,0,0,0x4F74D3D969AC6BE8,0x3221EA9EC6FE8728,1,1,0,0x67D32486E5D0EAD7,0,0,0,0,0,0,0,0,0,0
0x46935BEB672B38E8,0,50,0,0,0,0,0,0,0,0x44178D4EAA5FEB2C,0x526BBEB347BFDC6C,1,1,0,0x67D32486E5D0EAD7,0,0,0,0,0,0,0,0,0,0
0x743B87994EABDFA1,0,50,0,0,0,0,0,0,0,0x61889584186BEB05,0x2FED473B90BEA745,1,1,0,0x67D32486E5D0EAD7,0,0,0,0,0,0,0,0,0,0
0x4F6E411A1522622D,0,50,0,0,0,0,0,0,0,0x7EB5A07A2592D261,0x3724997645EBE4A1,1,1,0,0x6FABCEF60FBAC3BA,0,0,0,0,0,0,0,0,0,0
0x490DD648363CF698,0,50,0,0,0,0,0,0,0,0x40FCD0B22D2495FC,0x773E301BA2ECA73C,1,1,0,0x67D32486E5D0EAD7,0,0,0,0,0,0,0,0,0,0
0x4C9E05A8BAEB9784,0,50,0,0,0,0,0,0,0,0x73C67D9995C7A1A8,0x776323FDD57116E8,1,1,0,0x67D32486E5D0EAD7,0,0,0,0,0,0,0,0,0,0
0x1F91AC8F35F29FD3,0,25,25,0,0,0,0,0,0x17D0A680B4BC87B1,0,0,0,1,0,0,0,0,0,0,0,0,0,0,0,0
0x1549970FA0331843,0,50,150,0,0,0,0,0,0x17D0A680B4BC87B1,0,0,0,1,0,0,0,0,0,0,0,0,0,0,0,0
0x67189877B7A1F14F,0,100,250,0,0,0,0,0,0x17D0A680B4BC87B1,0,0,0,1,0,0,0,0,0,0,0,0,0,0,0,0
0x748D4479FFD0521E,0,10,10,0,0,0,0,0,0x70D4DF31DBDE529C,0,0,0,1,0,0,0,0,0,0,0,0,0,0,0,0
0x7A2B38DBC394A3E1,0,10,10,0,0,0,0,0,0x57A898C8DB910783,0,0,0,1,0,0,0,0,0,0,0,0,0,0,0,0
0x93C1524520F5882,0,0,10,0,0,0,0,0,0x5AA997BF777153D4,0,0,0,1,0,0,0,0,0,0,0,0,0,0,0,0
0x2A56875F73D447A,0,0,10,0,0,0,0,0,0x2E396B0E0823C37C,0,0,0,1,0,0,0,0,0,0,0,0,0,0,0,0
0x13AE570A7663263,0,0,0,0,0,0,0,0,0,0,0,0,1,1,0,0,0,0,0,0,0,0,0,13,0
0x7CA0C92D753412DC,0,0,0,0,0,0,0,0,0,0,0,0,1,1,0,0,0,0,0,0,0,0,0,0,0
0x7C56E889052D3823,0,0,0,0,0,0,0,0,0,0,0,0,1,1,0,0,0,0,0,0,0,0,0,19,0
0x2F717EA12CE8031E,0,0,0,0,0,0,0,0,0,0,0,0,1,0,0,0,0,0,0,0,0,0,0,0,0
0x4F2B0FCA0FE41FE1,0,0,0,0,0,0,0,0,0,0,0,0,1,1,0,0,0,0,0,0,0,0,0,19,0
0x31245AF9AB9B3A0A,0,0,0,0,0,0,0,0,0,0,0,0,1,1,0,0,0,0,0,0,0,0,0,188,0
0x6958CC99A868D264,0,0,0,0,0,0,0,0,0,0,0,0,1,1,0,0,0,0,0,0,0,0,0,63,0
0xBF5D0E4F896E505,0,0,0,0,0,0,0,0,0,0,0,0,1,1,0,0,0,0,0,0,0,0,0,19,0
0x60822DD6B00FAC97,0,0,0,0,0,0,0,0,0,0,0,0,1,1,0,0,0,0,0,0,0,0,0,50,0
0x5A8C25611063F14B,0,0,0,0,0,0,0,0,0,0,0,0,1,1,0,0,0,0,0,0,0,0,0,125,0
0x516FD5E71FFE50,0,0,0,0,0,0,0,0,0,0,0,0,1,1,0,0,0,0,0,0,0,0,0,13,0
0x6269158519197E1F,0,0,0,0,0,0,0,0,0,0,0,0,1,1,0,0,0,0,0,0,0,0,0,150,0
0x197A6542C296717B,0,0,0,0,0,0,0,0,0,0,0,0,1,1,0,0,0,0,0,0,0,0,0,13,0
0x4DE96CD5CB047C55,0,0,0,0,0,0,0,0,0,0,0,0,1,1,0,0,0,0,0,0,0,0,0,13,0
0x5348FEF1CBEDB285,0,0,0,0,0,0,0,0,0,0,0,0,1,1,0,0,0,0,0,0,0,0,0,25,0
0x415A137E64C6B6BB,0,0,0,0,0,0,0,0,0,0,0,0,1,1,0,0,0,0,0,0,0,0,0,125,0
0x6C65DC2EE278C6FD,0,0,0,0,0,0,0,0,0,0,0,0,1,0,0,0,0,0,0,0,0,0,0,0,0
0x706D54639FBD14B3,0,0,0,0,0,0,0,0,0,0,0,0,1,0,0,0,0,0,0,0,0,0,0,0,0
0x706D55639FBD1666,0,0,0,0,0,0,0,0,0,0,0,0,1,0,0,0,0,0,0,0,0,0,0,0,0
0x706D56639FBD1819,0,0,0,0,0,0,0,0,0,0,0,0,1,0,0,0,0,0,0,0,0,0,0,0,0
0x706D57639FBD19CC,0,0,0,0,0,0,0,0,0,0,0,0,1,0,0,0,0,0,0,0,0,0,0,0,0
0x706D58639FBD1B7F,0,0,0,0,0,0,0,0,0,0,0,0,1,0,0,0,0,0,0,0,0,0,0,0,0
0x706D59639FBD1D32,0,0,0,0,0,0,0,0,0,0,0,0,1,0,0,0,0,0,0,0,0,0,0,0,0
0x706D5A639FBD1EE5,0,0,0,0,0,0,0,0,0,0,0,0,1,0,0,0,0,0,0,0,0,0,0,0,0
0x706D5B639FBD2098,0,0,0,0,0,0,0,0,0,0,0,0,1,0,0,0,0,0,0,0,0,0,0,0,0
0x706D5C639FBD224B,0,0,0,0,0,0,0,0,0,0,0,0,1,0,0,0,0,0,0,0,0,0,0,0,0
0x46DAE8486E49DA99,0,0,0,0,0,0,0,0,0,0,0,0,1,0,0,0,0,0,0,0,0,0,0,0,0
0x46DAE7486E49D8E6,0,0,0,0,0,0,0,0,0,0,0,0,1,0,0,0,0,0,0,0,0,0,0,0,0
0x46DAE6486E49D733,0,0,0,0,0,0,0,0,0,0,0,0,1,0,0,0,0,0,0,0,0,0,0,0,0
0x46DAE5486E49D580,0,0,0,0,0,0,0,0,0,0,0,0,1,0,0,0,0,0,0,0,0,0,0,0,0
0x46DAEC486E49E165,0,0,0,0,0,0,0,0,0,0,0,0,1,0,0,0,0,0,0,0,0,0,0,0,0
0x46DAEB486E49DFB2,0,0,0,0,0,0,0,0,0,0,0,0,1,0,0,0,0,0,0,0,0,0,0,0,0
0x46DAEA486E49DDFF,0,0,0,0,0,0,0,0,0,0,0,0,1,0,0,0,0,0,0,0,0,0,0,0,0
0x46DAE9486E49DC4C,0,0,0,0,0,0,0,0,0,0,0,0,1,0,0,0,0,0,0,0,0,0,0,0,0
0x46DAF0486E49E831,0,0,0,0,0,0,0,0,0,0,0,0,1,0,0,0,0,0,0,0,0,0,0,0,0
0x46DAEF486E49E67E,0,0,0,0,0,0,0,0,0,0,0,0,1,0,0,0,0,0,0,0,0,0,0,0,0
0x46DE6E486E4CF422,0,0,0,0,0,0,0,0,0,0,0,0,1,0,0,0,0,0,0,0,0,0,0,0,0
0x4E52EAF46D61C98F,0,0,0,0,0,0,0,0,0,0,0,0,1,0,0,0,0,0,0,0,0,0,0,0,0
0x5E798B50A2DDC12E,0,0,0,0,0,0,0,0,0,0,0,0,1,1,0,0,0,0,0,0,0,0,0,0,1
0x1B7AD9EABC09997F,0,0,0,0,0,0,0,0,0,0,0,0,1,1,0,0,0,0,0,0,0,0,0,0,1
0x20B3941538A2EE2E,0,0,0,0,0,0,0,0,0,0,0,0,1,1,0,0,0,0,0,0,0,0,0,0,1
0x55764E2D966E5139,0,0,0,0,0,0,0,0,0,0,0,0,1,1,0,0,0,0,0,0,0,0,0,0,1
0x5FEDFF15A5230E99,0,0,0,0,0,0,0,0,0,0,0,0,1,1,0,0,0,0,0,0,0,0,0,0,1
0x5CFD8B1BAB0EEE6F,0,100,100,0,0,0,0,0,0,0,0,0,1,0,0,0,0,0,0,0,0,0,0,0,0
0x1655DB4904ECAF05,0,0,0,0,0,0,0,0,0,0,0,0,1,0,0,0,0,0,0,0,0,0,0,0,0
