3,0,0x01B9386D
6,0,0x012846AB
9,0,0x01228F77
12,0,0x0180727D
15,0,0x0141D62F
16,0,0x01FEB7D4
17,0,0x018CEA32
20,0,0x01664411
23,0,0x01CA6D9F
26,0,0x01398B80
29,0,0x01D141F3
32,0,0x01DD233E
35,0,0x01968101
36,0,0x01B07ADA
39,0,0x0124BF7E
42,0,0x01BD4CAB
45,0,0x016B36AE
48,0,0x01362386
51,0,0x015DD148
54,0,0x016CF9E1
55,0,0x018F2DC7
60,0,0x01BBABC1
63,0,0x01895439
68,0,0x018682F7
73,0,0x018A511A
76,0,0x01C45DC5
81,0,0x011BEFFB
82,0,0x01E2D81E
83,0,0x0135ACB3
84,0,0x018A2960
85,0,0x019291EF
86,0,0x01CC2CC3
87,0,0x011EC613
88,0,0x01BE39B5
89,0,0x015A5D83
90,0,0x01DD06ED
91,0,0x01D65B3B
92,0,0x01136F17
93,0,0x01426C95
94,0,0x0190824C
95,0,0x015E27DC
96,0,0x01FEABB9
97,0,0x012151A9
98,0,0x0119B0D1
99,0,0x0165DEA8
100,0,0x01D70BAC
101,0,0x019493D6
102,0,0x019C90CA
103,0,0x0195FC48
104,0,0x01752D22
105,0,0x01F1B7B8
106,0,0x013B82D1
107,0,0x01DDF13A
108,0,0x01335D17
109,0x014EE407,0x0173B173
109,0x01CB6693,0x01F0E7DB
109,0x01DEACAB,0x01F491E2
109,0x01309620,0x01528AF7
109,0x01F0FF1F,0x01169998
109,0x01948FF3,0x0171F1BF
109,0x01B5A84B,0x0191256C
109,0x017E96C9,0x016CD433
109,0x019C2D02,0x014C6820
109,0x01C5FCD1,0x01EFEE76
109,0x0125D802,0x0169EA61
110,0x014EE407,0x0177FEE9
110,0x01CB6693,0x01247A9B
110,0x01DEACAB,0x01EB0813
110,0x01309620,0x01A408C9
110,0x01F0FF1F,0x01F048E7
110,0x01948FF3,0x013AE12A
110,0x01B5A84B,0x01EFF589
110,0x017E96C9,0x01829293
110,0x019C2D02,0x01B68620
110,0x01C5FCD1,0x01285D71
110,0x0125D802,0x01AEC9FE
111,0x014EE407,0x01283458
111,0x01CB6693,0x01A41CDB
111,0x01DEACAB,0x01EAF8C3
111,0x01309620,0x01171ADB
111,0x01F0FF1F,0x01CA769F
111,0x01948FF3,0x011393B8
111,0x01B5A84B,0x0191F533
111,0x017E96C9,0x013E272F
111,0x019C2D02,0x0136B7DC
111,0x01C5FCD1,0x01A805A0
111,0x0125D802,0x01AD2077
112,0x014EE407,0x0157E12A
112,0x01CB6693,0x0111D1A5
112,0x01DEACAB,0x01B72706
112,0x01309620,0x01AA4880
112,0x01F0FF1F,0x01429611
112,0x01948FF3,0x015031D2
112,0x01B5A84B,0x01384D89
112,0x017E96C9,0x012B3F23
112,0x019C2D02,0x0174C3E2
112,0x01C5FCD1,0x018C037C
112,0x0125D802,0x01FC009F
113,0x014EE407,0x01E60D56
113,0x01CB6693,0x01BDB91A
113,0x01DEACAB,0x019692D8
113,0x01309620,0x0188A3BF
113,0x01F0FF1F,0x0189D4FB
113,0x01948FF3,0x012D22CF
113,0x01B5A84B,0x01AA74EE
113,0x017E96C9,0x0193D9F9
113,0x019C2D02,0x0183801E
113,0x01C5FCD1,0x01873A4A
113,0x0125D802,0x01F02A8E
114,0x014EE407,0x011F7205
114,0x01CB6693,0x016DC412
114,0x01DEACAB,0x016C4F75
114,0x01309620,0x0125EE6A
114,0x01F0FF1F,0x01D79779
114,0x01948FF3,0x01C00EFE
114,0x01B5A84B,0x0175BCC9
114,0x017E96C9,0x0190E970
114,0x019C2D02,0x01C963BB
114,0x01C5FCD1,0x0140D43E
114,0x0125D802,0x0131B162
115,0x014EE407,0x01ED305B
115,0x01CB6693,0x01D50191
115,0x01DEACAB,0x017E90A0
115,0x01309620,0x01A44E7C
115,0x01F0FF1F,0x01C328F5
115,0x01948FF3,0x01C602AC
115,0x01B5A84B,0x01CF84E1
115,0x017E96C9,0x01CCE9E3
115,0x019C2D02,0x01A40DBB
115,0x01C5FCD1,0x01A856FE
115,0x0125D802,0x01A5503A
116,0x014EE407,0x018F5E75
116,0x01CB6693,0x012380DD
116,0x01DEACAB,0x012D6DFF
116,0x01309620,0x01F6FA25
116,0x01F0FF1F,0x013275B0
116,0x01948FF3,0x01490D3D
116,0x01B5A84B,0x01B35341
116,0x017E96C9,0x019E463E
116,0x019C2D02,0x0144F98F
116,0x01C5FCD1,0x012D5088
116,0x0125D802,0x01CF49B1
117,0x014EE407,0x01DA00D3
117,0x01CB6693,0x01A62CB0
117,0x01DEACAB,0x0149C927
117,0x01309620,0x01163202
117,0x01F0FF1F,0x015E82CE
117,0x01948FF3,0x0149C397
117,0x01B5A84B,0x015973D6
117,0x017E96C9,0x01E3819D
117,0x019C2D02,0x0155F757
117,0x01C5FCD1,0x0166644C
117,0x0125D802,0x015A29EC
118,0x014EE407,0x018418E5
118,0x01CB6693,0x01B97408
118,0x01DEACAB,0x01997323
118,0x01309620,0x015D63C4
118,0x01F0FF1F,0x01D5FBB0
118,0x01948FF3,0x01BAE61E
118,0x01B5A84B,0x01AFC32C
118,0x017E96C9,0x01F64A39
118,0x019C2D02,0x01571BCF
118,0x01C5FCD1,0x01FB2310
118,0x0125D802,0x01FB33CC
119,0x014EE407,0x01FE098C
119,0x01CB6693,0x01B6C554
119,0x01DEACAB,0x01BA246B
119,0x01309620,0x012D0FDF
119,0x01F0FF1F,0x0179B5C3
119,0x01948FF3,0x0143EEB8
119,0x01B5A84B,0x01EB499C
119,0x017E96C9,0x014BE091
119,0x019C2D02,0x017F4A81
119,0x01C5FCD1,0x01B00230
119,0x0125D802,0x01DE97FF
120,0x014EE407,0x01257028
120,0x01CB6693,0x0110FBA9
120,0x01DEACAB,0x01749C06
120,0x01309620,0x01307E2C
120,0x01F0FF1F,0x0178A456
120,0x01948FF3,0x01D0C688
120,0x01B5A84B,0x01660B1E
120,0x017E96C9,0x01484337
120,0x019C2D02,0x0132F423
120,0x01C5FCD1,0x0183588C
120,0x0125D802,0x0198C8B0
121,0x014EE407,0x01147D3B
121,0x01CB6693,0x015CEDE7
121,0x01DEACAB,0x010FDF75
121,0x01309620,0x01326334
121,0x01F0FF1F,0x01E469B3
121,0x01948FF3,0x011748E3
121,0x01B5A84B,0x01EE3CD7
121,0x017E96C9,0x011BE8DC
121,0x019C2D02,0x019287A8
121,0x01C5FCD1,0x018804FE
121,0x0125D802,0x01E3C832
122,0x014EE407,0x015A6541
122,0x01CB6693,0x01431E7D
122,0x01DEACAB,0x01B7C961
122,0x01309620,0x01C19974
122,0x01F0FF1F,0x013A87A7
122,0x01948FF3,0x01326AE2
122,0x01B5A84B,0x01C991A5
122,0x017E96C9,0x01F35EFA
122,0x019C2D02,0x0153191D
122,0x01C5FCD1,0x017ADFF1
122,0x0125D802,0x01B7BFB4
123,0x014EE407,0x01C592B7
123,0x01CB6693,0x01AE3827
123,0x01DEACAB,0x01645CFE
123,0x01309620,0x017ECAF2
123,0x01F0FF1F,0x01445925
123,0x01948FF3,0x01A9FC29
123,0x01B5A84B,0x01F9811B
123,0x017E96C9,0x01C12C0D
123,0x019C2D02,0x01598354
123,0x01C5FCD1,0x0119A502
123,0x0125D802,0x011588A3
124,0x014EE407,0x01C5D073
124,0x01CB6693,0x010F9499
124,0x01DEACAB,0x01F30726
124,0x01309620,0x01F91DF9
124,0x01F0FF1F,0x019F7363
124,0x01948FF3,0x012419D5
124,0x01B5A84B,0x01F0915F
124,0x017E96C9,0x018F1E8F
124,0x019C2D02,0x0174B304
124,0x01C5FCD1,0x01A0B55B
124,0x0125D802,0x01D1EFFA
125,0x014EE407,0x019DD23C
125,0x01CB6693,0x015A7D5B
125,0x01DEACAB,0x01625312
125,0x01309620,0x01342EEE
125,0x01F0FF1F,0x01D68B19
125,0x01948FF3,0x016F5C10
125,0x01B5A84B,0x0154E410
125,0x017E96C9,0x01E62343
125,0x019C2D02,0x01E55F03
125,0x01C5FCD1,0x01A73CBE
125,0x0125D802,0x0188178E
126,0x014EE407,0x01FCC689
126,0x01CB6693,0x015E1A47
126,0x01DEACAB,0x01AA398B
126,0x01309620,0x016C3398
126,0x01F0FF1F,0x01D1FC98
126,0x01948FF3,0x01A108E5
126,0x01B5A84B,0x01D216B0
126,0x017E96C9,0x01211D69
126,0x019C2D02,0x01F58E05
126,0x01C5FCD1,0x019B302B
126,0x0125D802,0x013D7A94
127,0x014EE407,0x019BB8B1
127,0x01CB6693,0x01C88124
127,0x01DEACAB,0x016D4838
127,0x01309620,0x01525EBA
127,0x01F0FF1F,0x01E62FE7
127,0x01948FF3,0x0149C944
127,0x01B5A84B,0x014C8D79
127,0x017E96C9,0x01F1A963
127,0x019C2D02,0x018BE71E
127,0x01C5FCD1,0x01928A93
127,0x0125D802,0x0130E9EF
128,0x014EE407,0x01D2E4A5
128,0x01CB6693,0x011105D4
128,0x01DEACAB,0x01CD7CF5
128,0x01309620,0x01E61F62
128,0x01F0FF1F,0x0133B5BC
128,0x01948FF3,0x01BD6163
128,0x01B5A84B,0x0180A182
128,0x017E96C9,0x01DADEB6
128,0x019C2D02,0x014EB125
128,0x01C5FCD1,0x01C510B5
128,0x0125D802,0x01FB2FE2
129,0x014EE407,0x013FE6C3
129,0x01CB6693,0x011B410F
129,0x01DEACAB,0x019BC931
129,0x01309620,0x015389B7
129,0x01F0FF1F,0x015AEA90
129,0x01948FF3,0x01108909
129,0x01B5A84B,0x01EA3C66
129,0x017E96C9,0x01868B9F
129,0x019C2D02,0x018A51E1
129,0x01C5FCD1,0x01D642DF
129,0x0125D802,0x0159450F
130,0x014EE407,0x011517FB
130,0x01CB6693,0x01C83B17
130,0x01DEACAB,0x01FF6C8E
130,0x01309620,0x012AD42B
130,0x01F0FF1F,0x01C9C923
130,0x01948FF3,0x01EA4785
130,0x01B5A84B,0x016DAB6C
130,0x017E96C9,0x017BF02E
130,0x019C2D02,0x0172EC8F
130,0x01C5FCD1,0x015B48AF
130,0x0125D802,0x01D51070
131,0x014EE407,0x01B100FD
131,0x01CB6693,0x01308EC1
131,0x01DEACAB,0x01F74B1D
131,0x01309620,0x01F4804E
131,0x01F0FF1F,0x01576347
131,0x01948FF3,0x01111842
131,0x01B5A84B,0x013FDE4A
131,0x017E96C9,0x01A4ECF7
131,0x019C2D02,0x01E68C00
131,0x01C5FCD1,0x012F73CE
131,0x0125D802,0x01EC6CF4
132,0x014EE407,0x011FD7D8
132,0x01CB6693,0x019B2BB6
132,0x01DEACAB,0x0199F616
132,0x01309620,0x01947518
132,0x01F0FF1F,0x01A7308C
132,0x01948FF3,0x012F9663
132,0x01B5A84B,0x011A5FAF
132,0x017E96C9,0x01377EE7
132,0x019C2D02,0x017BDAF4
132,0x01C5FCD1,0x019B54D1
132,0x0125D802,0x01EED6BB
133,0x014EE407,0x013DEBB3
133,0x01CB6693,0x016F7104
133,0x01DEACAB,0x01E88E06
133,0x01309620,0x01F1E0CC
133,0x01F0FF1F,0x0129C9C5
133,0x01948FF3,0x01EA63E2
133,0x01B5A84B,0x019A0B9D
133,0x017E96C9,0x016495A2
133,0x019C2D02,0x014D490B
133,0x01C5FCD1,0x011EF420
133,0x0125D802,0x01BBE9A8
134,0x014EE407,0x013A6739
134,0x01CB6693,0x01ECD52A
134,0x01DEACAB,0x019EEC7E
134,0x01309620,0x01BD55F2
134,0x01F0FF1F,0x01648440
134,0x01948FF3,0x0185D241
134,0x01B5A84B,0x0194613A
134,0x017E96C9,0x01C5F9AD
134,0x019C2D02,0x01C6A030
134,0x01C5FCD1,0x01965E1E
134,0x0125D802,0x01DEA781
135,0x014EE407,0x0156C7ED
135,0x01CB6693,0x01D4B23A
135,0x01DEACAB,0x01293F24
135,0x01309620,0x01C7B647
135,0x01F0FF1F,0x01A9EBE0
135,0x01948FF3,0x01981D69
135,0x01B5A84B,0x017A6ADD
135,0x017E96C9,0x01E41884
135,0x019C2D02,0x013D54C6
135,0x01C5FCD1,0x0140F4AB
135,0x0125D802,0x018C841B
136,0x014EE407,0x01F45AAD
136,0x01CB6693,0x01CFD5A9
136,0x01DEACAB,0x01229ECF
136,0x01309620,0x017A0F98
136,0x01F0FF1F,0x01EBC06F
136,0x01948FF3,0x012C6D43
136,0x01B5A84B,0x0128DBDF
136,0x017E96C9,0x01FA66FA
136,0x019C2D02,0x0186F6CD
136,0x01C5FCD1,0x01B379A2
136,0x0125D802,0x01E76BE2
137,0x014EE407,0x01AE3525
137,0x01CB6693,0x01FBA40E
137,0x01DEACAB,0x01A9EFC5
137,0x01309620,0x01A0D944
137,0x01F0FF1F,0x01B9DC00
137,0x01948FF3,0x01FE9347
137,0x01B5A84B,0x01A12939
137,0x017E96C9,0x01DE9A03
137,0x019C2D02,0x018A1952
137,0x01C5FCD1,0x01BB4698
137,0x0125D802,0x01ABA383
138,0x014EE407,0x01CE32C6
138,0x01CB6693,0x01D6A9ED
138,0x01DEACAB,0x016B6C7C
138,0x01309620,0x016253D4
138,0x01F0FF1F,0x01A95C22
138,0x01948FF3,0x01C46353
138,0x01B5A84B,0x01A0A77E
138,0x017E96C9,0x01BC6C42
138,0x019C2D02,0x01A4DC45
138,0x01C5FCD1,0x01746ED8
138,0x0125D802,0x0116E5BA
139,0x014EE407,0x01401A5E
139,0x01CB6693,0x01C4D8FE
139,0x01DEACAB,0x0156FA87
139,0x01309620,0x01EDC680
139,0x01F0FF1F,0x0150F7A1
139,0x01948FF3,0x01830380
139,0x01B5A84B,0x0153B361
139,0x017E96C9,0x01722600
139,0x019C2D02,0x0150019A
139,0x01C5FCD1,0x0186F13D
139,0x0125D802,0x01BFE2D3
140,0x014EE407,0x0186641D
140,0x01CB6693,0x0157BB0A
140,0x01DEACAB,0x01DB0863
140,0x01309620,0x01719D80
140,0x01F0FF1F,0x017C8BFB
140,0x01948FF3,0x01B88594
140,0x01B5A84B,0x0185813A
140,0x017E96C9,0x01D6682A
140,0x019C2D02,0x01224701
140,0x01C5FCD1,0x01824F16
140,0x0125D802,0x01DC037E
141,0x014EE407,0x01F0BE16
141,0x01CB6693,0x017633A6
141,0x01DEACAB,0x015317EA
141,0x01309620,0x01AFD154
141,0x01F0FF1F,0x01671F05
141,0x01948FF3,0x013901CE
141,0x01B5A84B,0x0137A121
141,0x017E96C9,0x01E27863
141,0x019C2D02,0x01A591DF
141,0x01C5FCD1,0x014BEA4B
141,0x0125D802,0x01CE29F3
142,0x014EE407,0x01A1D3BA
142,0x01CB6693,0x01D8D88C
142,0x01DEACAB,0x01DA4E1A
142,0x01309620,0x01513DAF
142,0x01F0FF1F,0x018DDA28
142,0x01948FF3,0x015E37FB
142,0x01B5A84B,0x01D6D978
142,0x017E96C9,0x01FB7E77
142,0x019C2D02,0x01F05854
142,0x01C5FCD1,0x01176EBE
142,0x0125D802,0x01D358DB
143,0x014EE407,0x012F14CC
143,0x01CB6693,0x019111FD
143,0x01DEACAB,0x0171C0D4
143,0x01309620,0x01716832
143,0x01F0FF1F,0x01923BB7
143,0x01948FF3,0x01D8F2B9
143,0x01B5A84B,0x0195169C
143,0x017E96C9,0x01A97ABC
143,0x019C2D02,0x017432CF
143,0x01C5FCD1,0x0148912D
143,0x0125D802,0x011CDC92
144,0x014EE407,0x011702D2
144,0x01CB6693,0x01D5A3B2
144,0x01DEACAB,0x0146DD99
144,0x01309620,0x0133924B
144,0x01F0FF1F,0x0113DDE6
144,0x01948FF3,0x01294B2E
144,0x01B5A84B,0x0156E8BD
144,0x017E96C9,0x010F646A
144,0x019C2D02,0x01119598
144,0x01C5FCD1,0x01FF0955
144,0x0125D802,0x01D83560
146,0x0181A4BB,0x01383F15
146,0x0185F0F8,0x0154B8CB
146,0x01F9D340,0x01986377
146,0x012C5BC2,0x01124B95
146,0x01EBB3C0,0x0125DE6E
146,0x0112C078,0x014DE293
146,0x0197DEBE,0x011F5E9B
146,0x01CBD200,0x0179A96A
146,0x01808756,0x0155EE47
146,0x01249A2B,0x01398B63
146,0x01F6ECCC,0x013ECB38
146,0x01B06C07,0x0138EE7D
147,0x0181A4BB,0x01F12EA1
147,0x0185F0F8,0x0151572E
147,0x01F9D340,0x0138A709
147,0x012C5BC2,0x01FD610D
147,0x01EBB3C0,0x018CF176
147,0x0112C078,0x01EC51DB
147,0x0197DEBE,0x01DAB05B
147,0x01CBD200,0x01BD978A
147,0x01808756,0x012FEFF1
147,0x01249A2B,0x016BEA9C
147,0x01F6ECCC,0x014791B9
147,0x01B06C07,0x01877E21
148,0x0181A4BB,0x01B62C08
148,0x0185F0F8,0x01281854
148,0x01F9D340,0x01B48DAD
148,0x012C5BC2,0x01A2D082
148,0x01EBB3C0,0x01D01F86
148,0x0112C078,0x0145C728
148,0x0197DEBE,0x01BCCC7C
148,0x01CBD200,0x01B8FAF5
148,0x01808756,0x011E5F4F
148,0x01249A2B,0x01DB3415
148,0x01F6ECCC,0x017B5B94
148,0x01B06C07,0x018C0E28
149,0x0181A4BB,0x011C9A7F
149,0x0185F0F8,0x01CA2D1D
149,0x01F9D340,0x014C8D7F
149,0x012C5BC2,0x01DF43AB
149,0x01EBB3C0,0x01ECD71D
149,0x0112C078,0x01EEA955
149,0x0197DEBE,0x01C40045
149,0x01CBD200,0x01F87C95
149,0x01808756,0x01BA6218
149,0x01249A2B,0x017A7060
149,0x01F6ECCC,0x01FB88A5
149,0x01B06C07,0x01AB2CEA
150,0x0181A4BB,0x0113004C
150,0x0185F0F8,0x01248DFF
150,0x01F9D340,0x0168FAAC
150,0x012C5BC2,0x0118BE43
150,0x01EBB3C0,0x018F7B49
150,0x0112C078,0x01F6CF6B
150,0x0197DEBE,0x01ED5773
150,0x01CBD200,0x01C550BF
150,0x01808756,0x019229A1
150,0x01249A2B,0x016803A7
150,0x01F6ECCC,0x01CF8748
150,0x01B06C07,0x01C168D7
151,0x0181A4BB,0x0196BB46
151,0x0185F0F8,0x01804083
151,0x01F9D340,0x0148B447
151,0x012C5BC2,0x016A9D13
151,0x01EBB3C0,0x017D721D
151,0x0112C078,0x01554760
151,0x0197DEBE,0x0174E1CE
151,0x01CBD200,0x01A6BCA5
151,0x01808756,0x019C51D6
151,0x01249A2B,0x01B31C22
151,0x01F6ECCC,0x01282AD9
151,0x01B06C07,0x014E9DB8
152,0x0181A4BB,0x01453F1B
152,0x0185F0F8,0x013B4AA5
152,0x01F9D340,0x013A1D10
152,0x012C5BC2,0x016D82DE
152,0x01EBB3C0,0x01B98ABB
152,0x0112C078,0x01E1CDA6
152,0x0197DEBE,0x0175B70D
152,0x01CBD200,0x01BC42BB
152,0x01808756,0x0152EC36
152,0x01249A2B,0x01CE82F9
152,0x01F6ECCC,0x01234FCB
152,0x01B06C07,0x0186CB79
153,0x0181A4BB,0x01D802C7
153,0x0185F0F8,0x01AFCA56
153,0x01F9D340,0x01E580BD
153,0x012C5BC2,0x017557FF
153,0x01EBB3C0,0x011836A4
153,0x0112C078,0x01320F96
153,0x0197DEBE,0x01F1AFBF
153,0x01CBD200,0x017914E8
153,0x01808756,0x0115FD55
153,0x01249A2B,0x0158D9F2
153,0x01F6ECCC,0x018B4CAC
153,0x01B06C07,0x01BA9205
154,0x0181A4BB,0x017E3857
154,0x0185F0F8,0x01B3C851
154,0x01F9D340,0x0188ACCB
154,0x012C5BC2,0x014257A3
154,0x01EBB3C0,0x0132A107
154,0x0112C078,0x01F18B92
154,0x0197DEBE,0x01C7113B
154,0x01CBD200,0x0197F9B4
154,0x01808756,0x01E39168
154,0x01249A2B,0x01A9955F
154,0x01F6ECCC,0x011DCB9E
154,0x01B06C07,0x01707BB5
155,0x0181A4BB,0x01AB5092
155,0x0185F0F8,0x017ED150
155,0x01F9D340,0x019F0831
155,0x012C5BC2,0x013DBE7D
155,0x01EBB3C0,0x0146571E
155,0x0112C078,0x017C655E
155,0x0197DEBE,0x017E9667
155,0x01CBD200,0x0177B261
155,0x01808756,0x0149D99F
155,0x01249A2B,0x019C86FA
155,0x01F6ECCC,0x014A21B4
155,0x01B06C07,0x0182533A
156,0x0181A4BB,0x0125E5AE
156,0x0185F0F8,0x01FE9FEA
156,0x01F9D340,0x01EC4731
156,0x012C5BC2,0x011C36EE
156,0x01EBB3C0,0x01FD5313
156,0x0112C078,0x0120B93B
156,0x0197DEBE,0x0159FE30
156,0x01CBD200,0x01E559F8
156,0x01808756,0x01A35691
156,0x01249A2B,0x01D37895
156,0x01F6ECCC,0x01F2B0C0
156,0x01B06C07,0x013E11CE
157,0x0181A4BB,0x01E6F4C8
157,0x0185F0F8,0x018AB958
157,0x01F9D340,0x01B93DF1
157,0x012C5BC2,0x01CF8980
157,0x01EBB3C0,0x013E02A9
157,0x0112C078,0x015BD891
157,0x0197DEBE,0x01AB8F96
157,0x01CBD200,0x01BE02BB
157,0x01808756,0x019ACAEC
157,0x01249A2B,0x017FC3D5
157,0x01F6ECCC,0x0114386C
157,0x01B06C07,0x0183786A
158,0x0181A4BB,0x01BFD54F
158,0x0185F0F8,0x01ADD011
158,0x01F9D340,0x011DF584
158,0x012C5BC2,0x01194A1E
158,0x01EBB3C0,0x01D4C753
158,0x0112C078,0x01956980
158,0x0197DEBE,0x01FFE946
158,0x01CBD200,0x017A93E2
158,0x01808756,0x01B3B99C
158,0x01249A2B,0x0118D468
158,0x01F6ECCC,0x0196F9A3
158,0x01B06C07,0x0171285E
159,0x0181A4BB,0x01CAEFE8
159,0x0185F0F8,0x01C3DBB4
159,0x01F9D340,0x0178AA19
159,0x012C5BC2,0x016BBFD9
159,0x01EBB3C0,0x01EB925E
159,0x0112C078,0x01BC0704
159,0x0197DEBE,0x01F29161
159,0x01CBD200,0x01999F50
159,0x01808756,0x01957D01
159,0x01249A2B,0x01847F64
159,0x01F6ECCC,0x0124C786
159,0x01B06C07,0x0195B75F
160,0x0181A4BB,0x01EC44E0
160,0x0185F0F8,0x01F9E1E9
160,0x01F9D340,0x0143D35F
160,0x012C5BC2,0x017C4EEA
160,0x01EBB3C0,0x0154BF96
160,0x0112C078,0x0144E5EB
160,0x0197DEBE,0x01A63023
160,0x01CBD200,0x0163BD04
160,0x01808756,0x01F7A0C6
160,0x01249A2B,0x01E5846C
160,0x01F6ECCC,0x019C9602
160,0x01B06C07,0x0118CCD9
161,0x0181A4BB,0x015A08C5
161,0x0185F0F8,0x017D5C6F
161,0x01F9D340,0x01953725
161,0x012C5BC2,0x01AE9B1C
161,0x01EBB3C0,0x01A4073B
161,0x0112C078,0x01BC2FC2
161,0x0197DEBE,0x0140AF48
161,0x01CBD200,0x01C61CAC
161,0x01808756,0x01FB7527
161,0x01249A2B,0x014FD494
161,0x01F6ECCC,0x0158DFB7
161,0x01B06C07,0x01B5F9CE
162,0x0181A4BB,0x01A91B49
162,0x0185F0F8,0x0114CFAD
162,0x01F9D340,0x01F7ADB5
162,0x012C5BC2,0x01112D78
162,0x01EBB3C0,0x01835BE9
162,0x0112C078,0x014AF285
162,0x0197DEBE,0x01994149
162,0x01CBD200,0x0180D2C2
162,0x01808756,0x0124B711
162,0x01249A2B,0x0111F29F
162,0x01F6ECCC,0x01160C5B
162,0x01B06C07,0x016CCDB7
163,0x0181A4BB,0x01F935D2
163,0x0185F0F8,0x0145D2CC
163,0x01F9D340,0x01470EDF
163,0x012C5BC2,0x01814CF8
163,0x01EBB3C0,0x0163BFF1
163,0x0112C078,0x01165E9B
163,0x0197DEBE,0x01559F49
163,0x01CBD200,0x0152531F
163,0x01808756,0x01B4558B
163,0x01249A2B,0x01D7CFDF
163,0x01F6ECCC,0x0130871D
163,0x01B06C07,0x0113F3BD
164,0x0181A4BB,0x01F1C7C6
164,0x0185F0F8,0x017036CE
164,0x01F9D340,0x0156487B
164,0x012C5BC2,0x01465D6A
164,0x01EBB3C0,0x01E2F79C
164,0x0112C078,0x01E36EA3
164,0x0197DEBE,0x01BA411F
164,0x01CBD200,0x01864ABA
164,0x01808756,0x01C7BB88
164,0x01249A2B,0x01CB44C8
164,0x01F6ECCC,0x015F4FB5
164,0x01B06C07,0x01868BC1
165,0x0181A4BB,0x017CBCB3
165,0x0185F0F8,0x01F44345
165,0x01F9D340,0x01A7A113
165,0x012C5BC2,0x011780D7
165,0x01EBB3C0,0x01ED21DF
165,0x0112C078,0x01B180C1
165,0x0197DEBE,0x011C9841
165,0x01CBD200,0x01FD736C
165,0x01808756,0x01FB637A
165,0x01249A2B,0x018D9775
165,0x01F6ECCC,0x0184AE02
165,0x01B06C07,0x01F39009
166,0x0181A4BB,0x01F8BC61
166,0x0185F0F8,0x01DDFE0E
166,0x01F9D340,0x011F147C
166,0x012C5BC2,0x0158E8A7
166,0x01EBB3C0,0x01F52911
166,0x0112C078,0x01A98309
166,0x0197DEBE,0x01DD4274
166,0x01CBD200,0x01FEDFA6
166,0x01808756,0x0146772B
166,0x01249A2B,0x01E4242D
166,0x01F6ECCC,0x01E91291
166,0x01B06C07,0x01CDD6A4
167,0x0181A4BB,0x01A6CADA
167,0x0185F0F8,0x0194161E
167,0x01F9D340,0x01159B63
167,0x012C5BC2,0x0169E9D1
167,0x01EBB3C0,0x01BA953E
167,0x0112C078,0x01451870
167,0x0197DEBE,0x016C4BE7
167,0x01CBD200,0x01C8813A
167,0x01808756,0x01263D2B
167,0x01249A2B,0x01B3A85C
167,0x01F6ECCC,0x011D2B6A
167,0x01B06C07,0x0184710C
168,0x0181A4BB,0x0124E8CD
168,0x0185F0F8,0x01730989
168,0x01F9D340,0x0180AE50
168,0x012C5BC2,0x016EF90E
168,0x01EBB3C0,0x014D3365
168,0x0112C078,0x013C3B07
168,0x0197DEBE,0x01DC1D54
168,0x01CBD200,0x01DED579
168,0x01808756,0x01A6650E
168,0x01249A2B,0x0119A8D1
168,0x01F6ECCC,0x01427F18
168,0x01B06C07,0x01773F69
169,0x0181A4BB,0x01CD6F07
169,0x0185F0F8,0x01312D84
169,0x01F9D340,0x013C1391
169,0x012C5BC2,0x0172409C
169,0x01EBB3C0,0x01611A65
169,0x0112C078,0x0188E4DF
169,0x0197DEBE,0x0159F82B
169,0x01CBD200,0x018D7116
169,0x01808756,0x0193CE32
169,0x01249A2B,0x017B6AE0
169,0x01F6ECCC,0x01EE1D9A
169,0x01B06C07,0x01C28C71
170,0x0181A4BB,0x01AD1B3D
170,0x0185F0F8,0x01F29D54
170,0x01F9D340,0x012B70B5
170,0x012C5BC2,0x016969E8
170,0x01EBB3C0,0x01C75D41
170,0x0112C078,0x01D29E50
170,0x0197DEBE,0x01525B52
170,0x01CBD200,0x01B4A202
170,0x01808756,0x016A183F
170,0x01249A2B,0x01B7D14B
170,0x01F6ECCC,0x0120BFA6
170,0x01B06C07,0x01FFCF6E
171,0x0181A4BB,0x016A479F
171,0x0185F0F8,0x01CC86AD
171,0x01F9D340,0x01E343DC
171,0x012C5BC2,0x01227F32
171,0x01EBB3C0,0x012E2A9A
171,0x0112C078,0x01FEF9B5
171,0x0197DEBE,0x017BCA81
171,0x01CBD200,0x01462AEF
171,0x01808756,0x01442336
171,0x01249A2B,0x0113A100
171,0x01F6ECCC,0x0196073B
171,0x01B06C07,0x014D66C3
172,0x0181A4BB,0x01E4E5B5
172,0x0185F0F8,0x01649BA5
172,0x01F9D340,0x01B8BF28
172,0x012C5BC2,0x01C372B8
172,0x01EBB3C0,0x01DA3E08
172,0x0112C078,0x0143273C
172,0x0197DEBE,0x01ABF520
172,0x01CBD200,0x01472792
172,0x01808756,0x01443431
172,0x01249A2B,0x015D39EE
172,0x01F6ECCC,0x012C417B
172,0x01B06C07,0x019B6FBB
173,0x0181A4BB,0x01D77E7E
173,0x0185F0F8,0x01956274
173,0x01F9D340,0x019C238E
173,0x012C5BC2,0x0159C5E3
173,0x01EBB3C0,0x01A63BB0
173,0x0112C078,0x01D1CC45
173,0x0197DEBE,0x014B1428
173,0x01CBD200,0x01A788F4
173,0x01808756,0x01A4687E
173,0x01249A2B,0x014297CD
173,0x01F6ECCC,0x01B0D70C
173,0x01B06C07,0x0170D067
174,0x0181A4BB,0x01E3BEDD
174,0x0185F0F8,0x0124B713
174,0x01F9D340,0x019B468D
174,0x012C5BC2,0x01C6D5E3
174,0x01EBB3C0,0x013EA0CE
174,0x0112C078,0x017B255C
174,0x0197DEBE,0x017A5F2D
174,0x01CBD200,0x01CBF243
174,0x01808756,0x017E04E6
174,0x01249A2B,0x0140DADA
174,0x01F6ECCC,0x013729EE
174,0x01B06C07,0x01AD19E3
175,0x0181A4BB,0x011CE91E
175,0x0185F0F8,0x01EEE7E6
175,0x01F9D340,0x012CC697
175,0x012C5BC2,0x016FDBC4
175,0x01EBB3C0,0x01E7F26D
175,0x0112C078,0x017C9804
175,0x0197DEBE,0x016B6C68
175,0x01CBD200,0x011FB194
175,0x01808756,0x01E5DD04
175,0x01249A2B,0x01C92D43
175,0x01F6ECCC,0x014E3D9F
175,0x01B06C07,0x0139AEB3
176,0x0181A4BB,0x018C41CA
176,0x0185F0F8,0x01FB0A87
176,0x01F9D340,0x01FCA907
176,0x012C5BC2,0x01CB130A
176,0x01EBB3C0,0x01B8F9F6
176,0x0112C078,0x011A1476
176,0x0197DEBE,0x0193807D
176,0x01CBD200,0x0190B4E3
176,0x01808756,0x01DB8F6D
176,0x01249A2B,0x01B0A535
176,0x01F6ECCC,0x01208091
176,0x01B06C07,0x01FE0920
177,0x0181A4BB,0x018F304A
177,0x0185F0F8,0x01863400
177,0x01F9D340,0x0117C097
177,0x012C5BC2,0x0119FD57
177,0x01EBB3C0,0x015FC585
177,0x0112C078,0x01A3DC81
177,0x0197DEBE,0x019317F7
177,0x01CBD200,0x01D5CF63
177,0x01808756,0x013FCD2E
177,0x01249A2B,0x01F04797
177,0x01F6ECCC,0x012CBB2C
177,0x01B06C07,0x01FA8D19
178,0x0181A4BB,0x01183018
178,0x0185F0F8,0x0159BF1C
178,0x01F9D340,0x0161E130
178,0x012C5BC2,0x015BDB2F
178,0x01EBB3C0,0x01FAB037
178,0x0112C078,0x01DF530A
178,0x0197DEBE,0x0120EDDA
178,0x01CBD200,0x0134EDA2
178,0x01808756,0x01AB65D4
178,0x01249A2B,0x014C5DF7
178,0x01F6ECCC,0x01469E04
178,0x01B06C07,0x01D06502
179,0x0181A4BB,0x01D34319
179,0x0185F0F8,0x01450C6B
179,0x01F9D340,0x01F5FC82
179,0x012C5BC2,0x0126A0C9
179,0x01EBB3C0,0x011E9046
179,0x0112C078,0x0185EFF4
179,0x0197DEBE,0x015BD0C2
179,0x01CBD200,0x01C9B7F2
179,0x01808756,0x01BF4960
179,0x01249A2B,0x01DC4655
179,0x01F6ECCC,0x018F5BCB
179,0x01B06C07,0x011853D1
180,0x0181A4BB,0x012A9314
180,0x0185F0F8,0x0147FAFB
180,0x01F9D340,0x0152B01C
180,0x012C5BC2,0x01F5EBB3
180,0x01EBB3C0,0x01F9806E
180,0x0112C078,0x01ADADFA
180,0x0197DEBE,0x01808F28
180,0x01CBD200,0x01F3A357
180,0x01808756,0x01288372
180,0x01249A2B,0x01E49C4C
180,0x01F6ECCC,0x01530030
180,0x01B06C07,0x0147CB51
181,0x0181A4BB,0x015FEB1D
181,0x0185F0F8,0x01AC7E37
181,0x01F9D340,0x01B827E1
181,0x012C5BC2,0x01C7E89A
181,0x01EBB3C0,0x01DF8821
181,0x0112C078,0x019D7D36
181,0x0197DEBE,0x01A9CF81
181,0x01CBD200,0x013F8C78
181,0x01808756,0x014362DB
181,0x01249A2B,0x0170DC9F
181,0x01F6ECCC,0x01747622
181,0x01B06C07,0x01ED09F7
182,0x01FA0BA1,0x0170A978
182,0x0161366B,0x01BCCB05
182,0x01B458F5,0x019CA89B
182,0x01A1766E,0x01A5994A
182,0x0110385D,0x0121453D
183,0x01FA0BA1,0x013388C7
183,0x0161366B,0x01154FD4
183,0x01B458F5,0x01FF2E09
183,0x01A1766E,0x01F27B1B
183,0x0110385D,0x01F9BA3F
184,0x01FA0BA1,0x019F24BE
184,0x0161366B,0x01E1040D
184,0x01B458F5,0x017E665F
184,0x01A1766E,0x01A9E4E7
184,0x0110385D,0x01C6DC72
185,0x01FA0BA1,0x0196096F
185,0x0161366B,0x01E26673
185,0x01B458F5,0x01614C63
185,0x01A1766E,0x017F09E5
185,0x0110385D,0x01D89590
186,0x01FA0BA1,0x01DF899E
186,0x0161366B,0x0158DA89
186,0x01B458F5,0x01A907CB
186,0x01A1766E,0x014AB7FF
186,0x0110385D,0x01464852
187,0x01FA0BA1,0x017AEEBC
187,0x0161366B,0x01A10A49
187,0x01B458F5,0x01FEFD7A
187,0x01A1766E,0x01145663
187,0x0110385D,0x01AA24E6
188,0x01FA0BA1,0x017C00C7
188,0x0161366B,0x01837DD8
188,0x01B458F5,0x011D5068
188,0x01A1766E,0x01F61F5B
188,0x0110385D,0x01FDD119
189,0x01FA0BA1,0x01E9C22B
189,0x0161366B,0x01F7B5DC
189,0x01B458F5,0x014ECE3B
189,0x01A1766E,0x016C1731
189,0x0110385D,0x015334B9
190,0x01FA0BA1,0x01BAAD50
190,0x0161366B,0x01107C4C
190,0x01B458F5,0x01910BD0
190,0x01A1766E,0x01CD8FC1
190,0x0110385D,0x01F47984
191,0x01FA0BA1,0x01714A39
191,0x0161366B,0x0146B73E
191,0x01B458F5,0x014E2EE7
191,0x01A1766E,0x01492704
191,0x0110385D,0x0173F0CE
192,0x01FA0BA1,0x0191EA71
192,0x0161366B,0x01EC7F3B
192,0x01B458F5,0x01CF23DF
192,0x01A1766E,0x016FDD0A
192,0x0110385D,0x01858BD1
193,0x01FA0BA1,0x01160FE2
193,0x0161366B,0x0160FED4
193,0x01B458F5,0x0117EF5C
193,0x01A1766E,0x011CC249
193,0x0110385D,0x01C8D7D4
194,0x01FA0BA1,0x0133AE19
194,0x0161366B,0x01C06F52
194,0x01B458F5,0x01D76B49
194,0x01A1766E,0x0163A68F
194,0x0110385D,0x01B66D5C
195,0x01FA0BA1,0x01F9B693
195,0x0161366B,0x01BEE29D
195,0x01B458F5,0x01483C3F
195,0x01A1766E,0x0191BA30
195,0x0110385D,0x017E737C
196,0x01FA0BA1,0x0185D864
196,0x0161366B,0x01F13D4E
196,0x01B458F5,0x01742C3E
196,0x01A1766E,0x01ACD082
196,0x0110385D,0x01B180A8
197,0x01FA0BA1,0x01BACDFD
197,0x0161366B,0x0192C72D
197,0x01B458F5,0x014D08BA
197,0x01A1766E,0x01ED1DA9
197,0x0110385D,0x01A491C3
198,0x01FA0BA1,0x01618C55
198,0x0161366B,0x014E73A8
198,0x01B458F5,0x016DA6EE
198,0x01A1766E,0x019F0ABA
198,0x0110385D,0x01973E93
199,0x01FA0BA1,0x0127F562
199,0x0161366B,0x019B265A
199,0x01B458F5,0x01BA49B6
199,0x01A1766E,0x018A51DC
199,0x0110385D,0x019BDC09
200,0x01FA0BA1,0x0127186E
200,0x0161366B,0x01CB90ED
200,0x01B458F5,0x014B2294
200,0x01A1766E,0x01CBECA8
200,0x0110385D,0x01AF3279
201,0x01FA0BA1,0x01FFA61A
201,0x0161366B,0x01F5905C
201,0x01B458F5,0x01EF4802
201,0x01A1766E,0x01E6A7AD
201,0x0110385D,0x01FC6C91
202,0x01FA0BA1,0x01240A04
202,0x0161366B,0x01DE000F
202,0x01B458F5,0x01FCDCB4
202,0x01A1766E,0x0128B559
202,0x0110385D,0x01A283BC
203,0x01FA0BA1,0x01FD3B7C
203,0x0161366B,0x01A2CCC9
203,0x01B458F5,0x01E340FE
203,0x01A1766E,0x01BDD864
203,0x0110385D,0x014D8A8B
204,0x01FA0BA1,0x01CFCCA5
204,0x0161366B,0x0167991D
204,0x01B458F5,0x01CAB2F1
204,0x01A1766E,0x012DF8F3
204,0x0110385D,0x01A17A08
205,0x01FA0BA1,0x011D4215
205,0x0161366B,0x01982AE2
205,0x01B458F5,0x01B95311
205,0x01A1766E,0x01565975
205,0x0110385D,0x01135F24
206,0x01FA0BA1,0x013FC6F5
206,0x0161366B,0x01EB26AC
206,0x01B458F5,0x018F8E8B
206,0x01A1766E,0x0113A94B
206,0x0110385D,0x019E8F3D
207,0x01FA0BA1,0x01CF4282
207,0x0161366B,0x01C7B476
207,0x01B458F5,0x015A52EB
207,0x01A1766E,0x01600C7F
207,0x0110385D,0x01A426C6
208,0x01FA0BA1,0x01E68AC0
208,0x0161366B,0x0175C531
208,0x01B458F5,0x01FFC06A
208,0x01A1766E,0x016DC07A
208,0x0110385D,0x011E1BF9
209,0x01FA0BA1,0x014035AF
209,0x0161366B,0x01197206
209,0x01B458F5,0x016AE8BA
209,0x01A1766E,0x01272ACE
209,0x0110385D,0x01EEFE90
210,0x01FA0BA1,0x017D4D2C
210,0x0161366B,0x013584FE
210,0x01B458F5,0x0177FD6E
210,0x01A1766E,0x01455413
210,0x0110385D,0x01D0CED8
211,0x01FA0BA1,0x015E2575
211,0x0161366B,0x01D5F3E9
211,0x01B458F5,0x01517A8C
211,0x01A1766E,0x01D53533
211,0x0110385D,0x01FBB906
212,0x01FA0BA1,0x016C618E
212,0x0161366B,0x01B4AEF7
212,0x01B458F5,0x01BA36A7
212,0x01A1766E,0x01E3BBDF
212,0x0110385D,0x019F0C0F
213,0x01FA0BA1,0x0163AF0D
213,0x0161366B,0x01C07E98
213,0x01B458F5,0x01865930
213,0x01A1766E,0x01590736
213,0x0110385D,0x01DA3246
214,0x01FA0BA1,0x01BCEF92
214,0x0161366B,0x012F0F79
214,0x01B458F5,0x016C6846
214,0x01A1766E,0x01F83FFD
214,0x0110385D,0x01A2FC13
215,0x01FA0BA1,0x01817176
215,0x0161366B,0x011A948A
215,0x01B458F5,0x01C1077F
215,0x01A1766E,0x0122D4A7
215,0x0110385D,0x01A66E02
216,0x01FA0BA1,0x015147AD
216,0x0161366B,0x015C9268
216,0x01B458F5,0x0113267C
216,0x01A1766E,0x016600C0
216,0x0110385D,0x01559B99
217,0x01FA0BA1,0x01295EED
217,0x0161366B,0x01A86F97
217,0x01B458F5,0x012E2102
217,0x01A1766E,0x015EFF9D
217,0x0110385D,0x013F5472
219,0x01DFD415,0x0126928C
219,0x01A1F208,0x015FB293
219,0x01136565,0x01DC0CF3
219,0x016D7215,0x017B8535
220,0x01DFD415,0x0188BFC8
220,0x01A1F208,0x01BA9BF9
220,0x01136565,0x01938512
220,0x016D7215,0x011DED94
221,0x01DFD415,0x01211590
221,0x01A1F208,0x01860D7A
221,0x01136565,0x01383F35
221,0x016D7215,0x01380E6D
222,0x01DFD415,0x0130FEA7
222,0x01A1F208,0x01C30BD9
222,0x01136565,0x01A1D1C3
222,0x016D7215,0x013A7ED5
223,0x01DFD415,0x0114E558
223,0x01A1F208,0x016B0928
223,0x01136565,0x01AFE96A
223,0x016D7215,0x017BB4FD
224,0x01DFD415,0x018C2F22
224,0x01A1F208,0x015451D4
224,0x01136565,0x01B86692
224,0x016D7215,0x018B15B9
225,0x01DFD415,0x01B59F2D
225,0x01A1F208,0x01DF4A1D
225,0x01136565,0x0180BA07
225,0x016D7215,0x01F1FE0E
226,0x01DFD415,0x01ED85C3
226,0x01A1F208,0x015E12F3
226,0x01136565,0x016129FD
226,0x016D7215,0x01C10CA6
227,0x01DFD415,0x014D6D7A
227,0x01A1F208,0x013870B7
227,0x01136565,0x016C3872
227,0x016D7215,0x013B28A9
228,0x01DFD415,0x016E1E3E
228,0x01A1F208,0x01927899
228,0x01136565,0x012CD1BA
228,0x016D7215,0x012DEA5B
229,0x01DFD415,0x019BA643
229,0x01A1F208,0x0189F74E
229,0x01136565,0x01B9317C
229,0x016D7215,0x01FDBC0F
230,0x01DFD415,0x01DC282B
230,0x01A1F208,0x01D3F19F
230,0x01136565,0x01F79497
230,0x016D7215,0x017B7FC7
231,0x01DFD415,0x01F21D06
231,0x01A1F208,0x01D1A6B2
231,0x01136565,0x0149BABF
231,0x016D7215,0x01B5C00C
232,0x01DFD415,0x01F323D0
232,0x01A1F208,0x01CA3467
232,0x01136565,0x0132743D
232,0x016D7215,0x01204A90
233,0x01DFD415,0x01538E9A
233,0x01A1F208,0x01F80127
233,0x01136565,0x0110AD22
233,0x016D7215,0x01547ADD
234,0x01DFD415,0x01313F07
234,0x01A1F208,0x0173AC5C
234,0x01136565,0x01A824AF
234,0x016D7215,0x01E1F3CD
235,0x01DFD415,0x0194E612
235,0x01A1F208,0x01F96ABD
235,0x01136565,0x01F93B6D
235,0x016D7215,0x012EF6F2
236,0x01DFD415,0x0194A218
236,0x01A1F208,0x01E5F068
236,0x01136565,0x01218800
236,0x016D7215,0x016641E8
237,0x01DFD415,0x01DE9B87
237,0x01A1F208,0x01BE7507
237,0x01136565,0x01868854
237,0x016D7215,0x01ACA8B4
238,0x01DFD415,0x016371A2
238,0x01A1F208,0x01BCD6F8
238,0x01136565,0x0172D785
238,0x016D7215,0x015D7CF2
239,0x01DFD415,0x0156D18D
239,0x01A1F208,0x017BC62E
239,0x01136565,0x0159458F
239,0x016D7215,0x01E8BE21
240,0x01DFD415,0x010FABFB
240,0x01A1F208,0x019F78A1
240,0x01136565,0x01ED7179
240,0x016D7215,0x014F818E
241,0x01DFD415,0x01AD56CB
241,0x01A1F208,0x01207575
241,0x01136565,0x01A8FB07
241,0x016D7215,0x01F44D81
242,0x01DFD415,0x01643F14
242,0x01A1F208,0x01D82C44
242,0x01136565,0x01712183
242,0x016D7215,0x015CD089
243,0x01DFD415,0x013D8BEA
243,0x01A1F208,0x016BC42C
243,0x01136565,0x0143BDA5
243,0x016D7215,0x018DB642
244,0x01DFD415,0x015F2F5C
244,0x01A1F208,0x010F8889
244,0x01136565,0x01A84638
244,0x016D7215,0x01CD9C17
245,0x01DFD415,0x01A5369D
245,0x01A1F208,0x0116BD1D
245,0x01136565,0x0110486B
245,0x016D7215,0x014C0789
246,0x01DFD415,0x0192C951
246,0x01A1F208,0x01890D8E
246,0x01136565,0x01FF60FB
246,0x016D7215,0x013F9EF6
247,0x01DFD415,0x01EC9869
247,0x01A1F208,0x013D8F01
247,0x01136565,0x016899B6
247,0x016D7215,0x0165E2F7
248,0x01DFD415,0x01987774
248,0x01A1F208,0x01507CBE
248,0x01136565,0x01EE0AF0
248,0x016D7215,0x01F3B27D
249,0x01DFD415,0x01C3F5E8
249,0x01A1F208,0x0178BF9A
249,0x01136565,0x01E01E3A
249,0x016D7215,0x01F0E3DA
250,0x01DFD415,0x01CD2BD6
250,0x01A1F208,0x019A0992
250,0x01136565,0x016AC927
250,0x016D7215,0x01700B42
251,0x01DFD415,0x01746C3E
251,0x01A1F208,0x01FED839
251,0x01136565,0x01B59ADA
251,0x016D7215,0x01E141B7
252,0x01DFD415,0x01869811
252,0x01A1F208,0x01AE9395
252,0x01136565,0x017CBF5F
252,0x016D7215,0x016A0796
253,0x01DFD415,0x01937382
253,0x01A1F208,0x0186511B
253,0x01136565,0x0187EACD
253,0x016D7215,0x017351D7
254,0x01DFD415,0x0174B875
254,0x01A1F208,0x01401310
254,0x01136565,0x01DEA378
254,0x016D7215,0x01DC846B
256,0x01225C4F,0x014FB4AA
256,0x01BDA254,0x0183AD70
256,0x01A40D2B,0x01637AE4
256,0x01478B45,0x01E1FA87
256,0x011A185F,0x014E6DA6
257,0x01225C4F,0x01D296A5
257,0x01BDA254,0x0116B67D
257,0x01A40D2B,0x0187336C
257,0x01478B45,0x01B90A63
257,0x011A185F,0x01DE2201
258,0x01225C4F,0x019D11C5
258,0x01BDA254,0x01688128
258,0x01A40D2B,0x01762312
258,0x01478B45,0x01FE0B64
258,0x011A185F,0x012B1480
259,0x01225C4F,0x018FD137
259,0x01BDA254,0x018CD206
259,0x01A40D2B,0x01AB9832
259,0x01478B45,0x01B70534
259,0x011A185F,0x013444F1
260,0x01225C4F,0x01B79742
260,0x01BDA254,0x01890055
260,0x01A40D2B,0x01FAF221
260,0x01478B45,0x012F1A1B
260,0x011A185F,0x01ABA602
261,0x01225C4F,0x01E1B4E1
261,0x01BDA254,0x018D5B03
261,0x01A40D2B,0x0178999E
261,0x01478B45,0x014727E9
261,0x011A185F,0x01BD0E8C
262,0x01225C4F,0x016B888D
262,0x01BDA254,0x0157D1CF
262,0x01A40D2B,0x01A83003
262,0x01478B45,0x01A75B5E
262,0x011A185F,0x0176C8D3
263,0x01225C4F,0x013B2BE6
263,0x01BDA254,0x0186E001
263,0x01A40D2B,0x01DED7B0
263,0x01478B45,0x01600EDC
263,0x011A185F,0x017E11ED
264,0x01225C4F,0x016D025B
264,0x01BDA254,0x017ADC31
264,0x01A40D2B,0x01618B3F
264,0x01478B45,0x017EE86A
264,0x011A185F,0x01812858
265,0x01225C4F,0x018280B9
265,0x01BDA254,0x015B8D43
265,0x01A40D2B,0x0118F2EE
265,0x01478B45,0x01BA4621
265,0x011A185F,0x01DA7A1D
266,0x01225C4F,0x01D5FC89
266,0x01BDA254,0x01897BD9
266,0x01A40D2B,0x016231A6
266,0x01478B45,0x015F2A73
266,0x011A185F,0x01E9C7FD
267,0x01225C4F,0x0149A161
267,0x01BDA254,0x019CA421
267,0x01A40D2B,0x011E46AF
267,0x01478B45,0x01CCBB36
267,0x011A185F,0x01C363DB
268,0x01225C4F,0x0181B0B4
268,0x01BDA254,0x01C78533
268,0x01A40D2B,0x012EE604
268,0x01478B45,0x01E3EA14
268,0x011A185F,0x01E286CA
269,0x01225C4F,0x019855A8
269,0x01BDA254,0x01F9F2BF
269,0x01A40D2B,0x0127AE25
269,0x01478B45,0x01B9CD37
269,0x011A185F,0x01E8CD8B
270,0x01225C4F,0x0181C640
270,0x01BDA254,0x01ACBA31
270,0x01A40D2B,0x01783C5B
270,0x01478B45,0x01F62949
270,0x011A185F,0x01B28876
271,0x01225C4F,0x012033B2
271,0x01BDA254,0x016B722C
271,0x01A40D2B,0x01CED3D7
271,0x01478B45,0x01F5C4FD
271,0x011A185F,0x0159205E
272,0x01225C4F,0x0179373B
272,0x01BDA254,0x018D100B
272,0x01A40D2B,0x01E8CA92
272,0x01478B45,0x019587F1
272,0x011A185F,0x01C56D82
273,0x01225C4F,0x01906F23
273,0x01BDA254,0x01208E20
273,0x01A40D2B,0x01112445
273,0x01478B45,0x01429BE9
273,0x011A185F,0x0167F64B
274,0x01225C4F,0x012C24E4
274,0x01BDA254,0x019FC928
274,0x01A40D2B,0x0120D8C7
274,0x01478B45,0x01ADC412
274,0x011A185F,0x01AE4FC3
275,0x01225C4F,0x01DB2DF4
275,0x01BDA254,0x015B0B58
275,0x01A40D2B,0x01E087E5
275,0x01478B45,0x014C190B
275,0x011A185F,0x01AAAC53
276,0x01225C4F,0x012C96D5
276,0x01BDA254,0x01998CE6
276,0x01A40D2B,0x012CAC60
276,0x01478B45,0x01523754
276,0x011A185F,0x01B6B22B
277,0x01225C4F,0x01A472A7
277,0x01BDA254,0x0169E339
277,0x01A40D2B,0x0162C802
277,0x01478B45,0x01588EB7
277,0x011A185F,0x01EE2B37
278,0x01225C4F,0x01B08145
278,0x01BDA254,0x0139B668
278,0x01A40D2B,0x01AABF86
278,0x01478B45,0x01DC63CE
278,0x011A185F,0x01929467
279,0x01225C4F,0x0180CDB8
279,0x01BDA254,0x01C5F0F7
279,0x01A40D2B,0x01DEB135
279,0x01478B45,0x0145F0A1
279,0x011A185F,0x0179F0E7
280,0x01225C4F,0x019BE976
280,0x01BDA254,0x01D9CF05
280,0x01A40D2B,0x01E48807
280,0x01478B45,0x01E86529
280,0x011A185F,0x01145185
281,0x01225C4F,0x015D3E62
281,0x01BDA254,0x012C1486
281,0x01A40D2B,0x0175254B
281,0x01478B45,0x01E3ED17
281,0x011A185F,0x01507C37
282,0x01225C4F,0x01602B22
282,0x01BDA254,0x01B10FF8
282,0x01A40D2B,0x01DDADDC
282,0x01478B45,0x0123CD35
282,0x011A185F,0x0145B776
283,0x01225C4F,0x01264473
283,0x01BDA254,0x017A3380
283,0x01A40D2B,0x01EADBE0
283,0x01478B45,0x01EF4BB2
283,0x011A185F,0x0118662F
284,0x01225C4F,0x01CB37C7
284,0x01BDA254,0x012C5D3B
284,0x01A40D2B,0x017DFE0C
284,0x01478B45,0x012347C4
284,0x011A185F,0x01EEDA81
285,0x01225C4F,0x0158B568
285,0x01BDA254,0x01A09C39
285,0x01A40D2B,0x01B2F1F4
285,0x01478B45,0x0119C5B3
285,0x011A185F,0x0191FEB3
286,0x01225C4F,0x0137FCD2
286,0x01BDA254,0x0127AAF9
286,0x01A40D2B,0x01D3643C
286,0x01478B45,0x01BE4311
286,0x011A185F,0x01B51F98
287,0x01225C4F,0x011E8952
287,0x01BDA254,0x01238A78
287,0x01A40D2B,0x01595B79
287,0x01478B45,0x01793849
287,0x011A185F,0x01249BDD
288,0x01225C4F,0x0170BE12
288,0x01BDA254,0x01BBFA30
288,0x01A40D2B,0x01A9D1F7
288,0x01478B45,0x0156D7D3
288,0x011A185F,0x01FD4554
289,0x01225C4F,0x01EA4938
289,0x01BDA254,0x015F3AC9
289,0x01A40D2B,0x01BB767B
289,0x01478B45,0x01E8A83A
289,0x011A185F,0x013CFD3B
290,0x01225C4F,0x01174B18
290,0x01BDA254,0x01E6D52C
290,0x01A40D2B,0x01AE45AB
290,0x01478B45,0x01DC68F1
290,0x011A185F,0x017F802A
291,0x01225C4F,0x01190028
291,0x01BDA254,0x01CCC856
291,0x01A40D2B,0x012A79BF
291,0x01478B45,0x013F8FBC
291,0x011A185F,0x01DD7F07
293,0x01E88ECB,0x017EEFE2
293,0x0176A988,0x01A15545
293,0x01172E5F,0x0158D7CA
293,0x01FAB3CC,0x01C90A6E
293,0x01E3E18B,0x01180A82
294,0x01E88ECB,0x017C9A4D
294,0x0176A988,0x0144A42D
294,0x01172E5F,0x01A5BF0A
294,0x01FAB3CC,0x01F41C2D
294,0x01E3E18B,0x01625487
295,0x01E88ECB,0x012291F6
295,0x0176A988,0x015F0DB5
295,0x01172E5F,0x0124C9A5
295,0x01FAB3CC,0x0146D27F
295,0x01E3E18B,0x015849C8
296,0x01E88ECB,0x01C5D966
296,0x0176A988,0x014F51DB
296,0x01172E5F,0x01646C63
296,0x01FAB3CC,0x0170B38C
296,0x01E3E18B,0x01DF7030
297,0x01E88ECB,0x014EB2D5
297,0x0176A988,0x01C1BBD4
297,0x01172E5F,0x01437AF0
297,0x01FAB3CC,0x01AE6AE4
297,0x01E3E18B,0x0163CF49
298,0x01E88ECB,0x01C9937B
298,0x0176A988,0x018DD786
298,0x01172E5F,0x0179117C
298,0x01FAB3CC,0x011D95E1
298,0x01E3E18B,0x019E6D70
299,0x01E88ECB,0x0181E792
299,0x0176A988,0x0139B317
299,0x01172E5F,0x014BEB51
299,0x01FAB3CC,0x0134AAB9
299,0x01E3E18B,0x01BCAE09
300,0x01E88ECB,0x0143013A
300,0x0176A988,0x01FC1146
300,0x01172E5F,0x01F5CA26
300,0x01FAB3CC,0x0171AED7
300,0x01E3E18B,0x019836EF
301,0x01E88ECB,0x01194C9B
301,0x0176A988,0x014AAAAE
301,0x01172E5F,0x01B8A7A3
301,0x01FAB3CC,0x01C18B52
301,0x01E3E18B,0x01E8DF8C
302,0x01E88ECB,0x017054B9
302,0x0176A988,0x01F879CC
302,0x01172E5F,0x019DBB53
302,0x01FAB3CC,0x019E963B
302,0x01E3E18B,0x01223389
303,0x01E88ECB,0x01242843
303,0x0176A988,0x0145F916
303,0x01172E5F,0x014F039C
303,0x01FAB3CC,0x01787206
303,0x01E3E18B,0x017EE628
304,0x01E88ECB,0x01103D78
304,0x0176A988,0x0129445A
304,0x01172E5F,0x017CA30F
304,0x01FAB3CC,0x01C39E47
304,0x01E3E18B,0x01DD4E25
305,0x01E88ECB,0x01381226
305,0x0176A988,0x01566647
305,0x01172E5F,0x019B4665
305,0x01FAB3CC,0x01A7EA57
305,0x01E3E18B,0x01684882
306,0x01E88ECB,0x01A68C2D
306,0x0176A988,0x019C70A3
306,0x01172E5F,0x016DDB22
306,0x01FAB3CC,0x01B4D7E2
306,0x01E3E18B,0x01C42D2D
307,0x01E88ECB,0x01272832
307,0x0176A988,0x0112A1C0
307,0x01172E5F,0x01182055
307,0x01FAB3CC,0x01EBCD14
307,0x01E3E18B,0x01A79E3A
308,0x01E88ECB,0x017648ED
308,0x0176A988,0x0146629B
308,0x01172E5F,0x01F396A3
308,0x01FAB3CC,0x014EEB11
308,0x01E3E18B,0x012316B7
309,0x01E88ECB,0x01F1F35F
309,0x0176A988,0x01C38EAD
309,0x01172E5F,0x01E9D361
309,0x01FAB3CC,0x0166CE74
309,0x01E3E18B,0x015ACD66
310,0x01E88ECB,0x0156B429
310,0x0176A988,0x01D5ABC4
310,0x01172E5F,0x01EE8875
310,0x01FAB3CC,0x01B1C1B4
310,0x01E3E18B,0x01C43EF5
311,0x01E88ECB,0x018D4329
311,0x0176A988,0x0159B46B
311,0x01172E5F,0x01A0F9EE
311,0x01FAB3CC,0x015C372B
311,0x01E3E18B,0x01A1B2E5
312,0x01E88ECB,0x01F0E699
312,0x0176A988,0x019F009F
312,0x01172E5F,0x01AC5BF2
312,0x01FAB3CC,0x01A2B625
312,0x01E3E18B,0x013D569C
313,0x01E88ECB,0x01B233D7
313,0x0176A988,0x0122DFD8
313,0x01172E5F,0x019F16F1
313,0x01FAB3CC,0x01F1EF0A
313,0x01E3E18B,0x013A3055
314,0x01E88ECB,0x019DA615
314,0x0176A988,0x016495CE
314,0x01172E5F,0x0159051A
314,0x01FAB3CC,0x01EB2140
314,0x01E3E18B,0x0199D1BC
315,0x01E88ECB,0x01AA9BC4
315,0x0176A988,0x01D7CE78
315,0x01172E5F,0x01335610
315,0x01FAB3CC,0x01E9A0C4
315,0x01E3E18B,0x01360504
316,0x01E88ECB,0x012DC428
316,0x0176A988,0x01FEE2FD
316,0x01172E5F,0x01B4916E
316,0x01FAB3CC,0x01BDF5F9
316,0x01E3E18B,0x0197FCAE
317,0x01E88ECB,0x013F6136
317,0x0176A988,0x01F54C5F
317,0x01172E5F,0x01D21164
317,0x01FAB3CC,0x0153AA2E
317,0x01E3E18B,0x0147973D
318,0x01E88ECB,0x01DC1EF1
318,0x0176A988,0x01B15ED5
318,0x01172E5F,0x01A3BEA9
318,0x01FAB3CC,0x01635F78
318,0x01E3E18B,0x01A4AD32
319,0x01E88ECB,0x01496BED
319,0x0176A988,0x0148D58E
319,0x01172E5F,0x01D3EF94
319,0x01FAB3CC,0x012A6779
319,0x01E3E18B,0x01D6096C
320,0x01E88ECB,0x01897DBF
320,0x0176A988,0x01B2152D
320,0x01172E5F,0x01D02A0E
320,0x01FAB3CC,0x018B5032
320,0x01E3E18B,0x017EC62F
321,0x01E88ECB,0x013C0120
321,0x0176A988,0x01A77716
321,0x01172E5F,0x0143036F
321,0x01FAB3CC,0x017EF9E7
321,0x01E3E18B,0x016D1421
322,0x01E88ECB,0x018D5E85
322,0x0176A988,0x0143EB9A
322,0x01172E5F,0x016047C3
322,0x01FAB3CC,0x01D45C18
322,0x01E3E18B,0x013A3E1A
323,0x01E88ECB,0x01AC9685
323,0x0176A988,0x013FD959
323,0x01172E5F,0x018A4D61
323,0x01FAB3CC,0x013C9B74
323,0x01E3E18B,0x0140C067
324,0x01E88ECB,0x0173B692
324,0x0176A988,0x01A60611
324,0x01172E5F,0x017154EA
324,0x01FAB3CC,0x016EF617
324,0x01E3E18B,0x016AB79C
325,0x01E88ECB,0x013A7CA6
325,0x0176A988,0x01CE241A
325,0x01172E5F,0x01AD864C
325,0x01FAB3CC,0x01BE496F
325,0x01E3E18B,0x0178EE03
326,0x01E88ECB,0x015DE7E2
326,0x0176A988,0x01F3F2B6
326,0x01172E5F,0x01A893B6
326,0x01FAB3CC,0x01E11FB3
326,0x01E3E18B,0x013F7679
327,0x01E88ECB,0x014A23AD
327,0x0176A988,0x013FF719
327,0x01172E5F,0x019C8C95
327,0x01FAB3CC,0x0154CEBD
327,0x01E3E18B,0x01F6C6C4
328,0x01E88ECB,0x014FCC0B
328,0x0176A988,0x01C13D27
328,0x01172E5F,0x010F436E
328,0x01FAB3CC,0x01E1FDE3
328,0x01E3E18B,0x01BA57DE
330,0x01560AE3,0x011EBF02
330,0x015A28B6,0x01D1CE2F
331,0x01560AE3,0x01FFD071
331,0x015A28B6,0x01C1A118
332,0x01560AE3,0x01A8358C
332,0x015A28B6,0x016301D4
333,0x01560AE3,0x01D48701
333,0x015A28B6,0x01DA573C
334,0x01560AE3,0x018BE9D8
334,0x015A28B6,0x01A8A958
335,0x01560AE3,0x01118025
335,0x015A28B6,0x018E8963
336,0x01560AE3,0x0185CBF6
336,0x015A28B6,0x0155A77B
337,0x01560AE3,0x01538FC6
337,0x015A28B6,0x0165121E
338,0x01560AE3,0x01C15343
338,0x015A28B6,0x015E4209
339,0x01560AE3,0x018B23FE
339,0x015A28B6,0x01C3C99C
340,0x01560AE3,0x0131BC51
340,0x015A28B6,0x01C3AFAC
341,0x01560AE3,0x0129A650
341,0x015A28B6,0x0187E46A
342,0x01560AE3,0x01196357
342,0x015A28B6,0x01543CD9
343,0x01560AE3,0x01B5BAEB
343,0x015A28B6,0x01FE747A
344,0x01560AE3,0x016F6B27
344,0x015A28B6,0x01FEB7F7
345,0x01560AE3,0x0180302C
345,0x015A28B6,0x01DB0D45
346,0x01560AE3,0x01837222
346,0x015A28B6,0x01276430
347,0x01560AE3,0x01A22A77
347,0x015A28B6,0x013D9747
348,0x01560AE3,0x011F2607
348,0x015A28B6,0x01A04579
349,0x01560AE3,0x01D47514
349,0x015A28B6,0x01170DC2
350,0x01560AE3,0x014AC440
350,0x015A28B6,0x012E56F6
351,0x01560AE3,0x019ECFB9
351,0x015A28B6,0x01EBDAE0
352,0x01560AE3,0x0138C337
352,0x015A28B6,0x015713CC
353,0x01560AE3,0x018F725D
353,0x015A28B6,0x01120072
354,0x01560AE3,0x01C17F98
354,0x015A28B6,0x0125526A
355,0x01560AE3,0x0120068A
355,0x015A28B6,0x01A6FA6B
356,0x01560AE3,0x012E9835
356,0x015A28B6,0x01644927
357,0x01560AE3,0x01C67FFF
357,0x015A28B6,0x0170ADAC
358,0x01560AE3,0x0125706B
358,0x015A28B6,0x01D93C0A
359,0x01560AE3,0x0176BDCA
359,0x015A28B6,0x01A65D21
360,0x01560AE3,0x01F4BBA5
360,0x015A28B6,0x013446CE
361,0x01560AE3,0x01DB12A5
361,0x015A28B6,0x01F7ADFC
362,0x01560AE3,0x017930BC
362,0x015A28B6,0x01DEDAE7
363,0x01560AE3,0x018E5059
363,0x015A28B6,0x01926C79
364,0x01560AE3,0x01D90F40
364,0x015A28B6,0x01AFA6A9
365,0x01560AE3,0x01C6C019
365,0x015A28B6,0x0171DC7F
367,0x0120F27C,0x01E3421A
367,0x01EFFF1E,0x01F6635C
367,0x01CB3E67,0x01C86FC4
367,0x0127FC79,0x012E615A
368,0x0120F27C,0x012ECAD7
368,0x01EFFF1E,0x01213E00
368,0x01CB3E67,0x01CECDED
368,0x0127FC79,0x01544A3E
369,0x0120F27C,0x01B89DE9
369,0x01EFFF1E,0x0195E5A8
369,0x01CB3E67,0x019C9BA1
369,0x0127FC79,0x01A8BE01
370,0x0120F27C,0x0116DF28
370,0x01EFFF1E,0x01EE41BE
370,0x01CB3E67,0x0136A756
370,0x0127FC79,0x01DB71C1
371,0x0120F27C,0x01908B35
371,0x01EFFF1E,0x01BFBF9D
371,0x01CB3E67,0x01E136D7
371,0x0127FC79,0x01297BCF
372,0x0120F27C,0x01D16647
372,0x01EFFF1E,0x01E6CF9A
372,0x01CB3E67,0x0168C00F
372,0x0127FC79,0x014652DF
373,0x0120F27C,0x01F9C7C6
373,0x01EFFF1E,0x01FC0F01
373,0x01CB3E67,0x014B2D4E
373,0x0127FC79,0x01F10C56
374,0x0120F27C,0x0193A97E
374,0x01EFFF1E,0x019577E8
374,0x01CB3E67,0x019E2801
374,0x0127FC79,0x01286D00
375,0x0120F27C,0x016E6F8B
375,0x01EFFF1E,0x010F75E1
375,0x01CB3E67,0x0169439D
375,0x0127FC79,0x01D7B5CD
376,0x0120F27C,0x01C34220
376,0x01EFFF1E,0x01674B90
376,0x01CB3E67,0x0135D5CA
376,0x0127FC79,0x01B539E9
377,0x0120F27C,0x01EB82C6
377,0x01EFFF1E,0x01ADC96C
377,0x01CB3E67,0x01AC790B
377,0x0127FC79,0x0121E4F5
378,0x0120F27C,0x013A8EC3
378,0x01EFFF1E,0x01688776
378,0x01CB3E67,0x01A3C056
378,0x0127FC79,0x016024C5
379,0x0120F27C,0x01B62BB3
379,0x01EFFF1E,0x01FAC23E
379,0x01CB3E67,0x01B9DE97
379,0x0127FC79,0x0183D021
380,0x0120F27C,0x01E986C7
380,0x01EFFF1E,0x01566CC3
380,0x01CB3E67,0x01DCCC79
380,0x0127FC79,0x01767FD8
381,0x0120F27C,0x018DF8D7
381,0x01EFFF1E,0x0197AA45
381,0x01CB3E67,0x014E6BC2
381,0x0127FC79,0x01207388
382,0x0120F27C,0x0151B8B6
382,0x01EFFF1E,0x011CFA51
382,0x01CB3E67,0x01A97BA3
382,0x0127FC79,0x01E50266
383,0x0120F27C,0x014A7DDA
383,0x01EFFF1E,0x01DA5759
383,0x01CB3E67,0x016C1764
383,0x0127FC79,0x01E97040
384,0x0120F27C,0x01322424
384,0x01EFFF1E,0x01BF2408
384,0x01CB3E67,0x01A225C1
384,0x0127FC79,0x01DFEED3
385,0x0120F27C,0x0124DC49
385,0x01EFFF1E,0x018764DD
385,0x01CB3E67,0x013AFDAF
385,0x0127FC79,0x01D413E5
386,0x0120F27C,0x012CD6A4
386,0x01EFFF1E,0x01D7071C
386,0x01CB3E67,0x0129140C
386,0x0127FC79,0x01BBE11D
387,0x0120F27C,0x016339C8
387,0x01EFFF1E,0x01751254
387,0x01CB3E67,0x01AE116F
387,0x0127FC79,0x01746586
388,0x0120F27C,0x014767C4
388,0x01EFFF1E,0x01746196
388,0x01CB3E67,0x018E9753
388,0x0127FC79,0x01FBCC75
389,0x0120F27C,0x0159DADD
389,0x01EFFF1E,0x01A08D05
389,0x01CB3E67,0x016212A4
389,0x0127FC79,0x0174E916
390,0x0120F27C,0x015866DB
390,0x01EFFF1E,0x014720C9
390,0x01CB3E67,0x01F9F459
390,0x0127FC79,0x015E7A37
391,0x0120F27C,0x01FCA129
391,0x01EFFF1E,0x01E4409A
391,0x01CB3E67,0x01EB586A
391,0x0127FC79,0x0115EBC7
392,0x0120F27C,0x01A69C98
392,0x01EFFF1E,0x0136150D
392,0x01CB3E67,0x015445BE
392,0x0127FC79,0x01E5AC69
393,0x0120F27C,0x01F8484C
393,0x01EFFF1E,0x01591C9E
393,0x01CB3E67,0x01E9DD64
393,0x0127FC79,0x01FC03CC
394,0x0120F27C,0x016DFB8A
394,0x01EFFF1E,0x013FAE90
394,0x01CB3E67,0x017B9401
394,0x0127FC79,0x01DFE606
395,0x0120F27C,0x01CE90C7
395,0x01EFFF1E,0x01540427
395,0x01CB3E67,0x01D97227
395,0x0127FC79,0x01BEBC9D
396,0x0120F27C,0x01401B0E
396,0x01EFFF1E,0x01EC7052
396,0x01CB3E67,0x013DAE1D
396,0x0127FC79,0x01AB60D4
397,0x0120F27C,0x01EE31A2
397,0x01EFFF1E,0x01FDB190
397,0x01CB3E67,0x01B2B5BF
397,0x0127FC79,0x0133A756
398,0x0120F27C,0x0181E2E5
398,0x01EFFF1E,0x0159B480
398,0x01CB3E67,0x01FB0491
398,0x0127FC79,0x011052AF
399,0x0120F27C,0x01E04B65
399,0x01EFFF1E,0x0190B325
399,0x01CB3E67,0x01AA66C4
399,0x0127FC79,0x0152D465
400,0x0120F27C,0x017299CC
400,0x01EFFF1E,0x01E43182
400,0x01CB3E67,0x0123781F
400,0x0127FC79,0x01A6C637
401,0x0120F27C,0x01C29E6B
401,0x01EFFF1E,0x01A30ADE
401,0x01CB3E67,0x016873D5
401,0x0127FC79,0x015867A9
402,0x0120F27C,0x01401559
402,0x01EFFF1E,0x01DA41D5
402,0x01CB3E67,0x01E89939
402,0x0127FC79,0x019773E1
404,0x01292CAF,0x012340A6
404,0x01169BF9,0x011D997B
404,0x01482DFC,0x01773536
404,0x014015A3,0x010F97F2
404,0x0132CC40,0x01F46841
404,0x01C8B9B2,0x01C39729
404,0x01F8543A,0x01BB8E41
404,0x01F4FD3B,0x016F2D7C
404,0x01BCBB1E,0x01161F4E
404,0x01D269AA,0x0182AF9D
404,0x01D7CB33,0x01FC7EF1
404,0x018109E4,0x0111A350
405,0x01292CAF,0x01A10DC8
405,0x01169BF9,0x014A2D16
405,0x01482DFC,0x014EE997
405,0x014015A3,0x01B5C9CA
405,0x0132CC40,0x01FEE102
405,0x01C8B9B2,0x01FA0A2F
405,0x01F8543A,0x01FD53DB
405,0x01F4FD3B,0x01361F0C
405,0x01BCBB1E,0x0168BDD8
405,0x01D269AA,0x01125B00
405,0x01D7CB33,0x018C05FB
405,0x018109E4,0x0136ACD9
406,0x01292CAF,0x017EC4C7
406,0x01169BF9,0x016ADEF7
406,0x01482DFC,0x014192BD
406,0x014015A3,0x0188DC2B
406,0x0132CC40,0x01A1DBE3
406,0x01C8B9B2,0x01781DFB
406,0x01F8543A,0x01956EF2
406,0x01F4FD3B,0x01498741
406,0x01BCBB1E,0x01890956
406,0x01D269AA,0x0186B281
406,0x01D7CB33,0x01D6076B
406,0x018109E4,0x01A704A1
407,0x01292CAF,0x011D2B58
407,0x01169BF9,0x01512542
407,0x01482DFC,0x01150378
407,0x014015A3,0x019EABA9
407,0x0132CC40,0x01758CA7
407,0x01C8B9B2,0x016DD390
407,0x01F8543A,0x017567BA
407,0x01F4FD3B,0x01B8438A
407,0x01BCBB1E,0x01FA3A41
407,0x01D269AA,0x01FB64C5
407,0x01D7CB33,0x01662FCF
407,0x018109E4,0x01382153
408,0x01292CAF,0x01597F01
408,0x01169BF9,0x01BB2EF1
408,0x01482DFC,0x018342B8
408,0x014015A3,0x01A1C1B5
408,0x0132CC40,0x019FD7DE
408,0x01C8B9B2,0x016F5C9A
408,0x01F8543A,0x01C8D1D9
408,0x01F4FD3B,0x015AA715
408,0x01BCBB1E,0x015EC250
408,0x01D269AA,0x01108B13
408,0x01D7CB33,0x01C1EFDE
408,0x018109E4,0x01C1BBFC
409,0x01292CAF,0x015C831A
409,0x01169BF9,0x013333CD
409,0x01482DFC,0x01A11A4B
409,0x014015A3,0x01A8A0F8
409,0x0132CC40,0x015FBE39
409,0x01C8B9B2,0x01878D28
409,0x01F8543A,0x019B90D6
409,0x01F4FD3B,0x01B6A418
409,0x01BCBB1E,0x017B8D96
409,0x01D269AA,0x0135D072
409,0x01D7CB33,0x016D0958
409,0x018109E4,0x0114B306
410,0x01292CAF,0x01257AAE
410,0x01169BF9,0x019E3564
410,0x01482DFC,0x01F7FA98
410,0x014015A3,0x01BAF7B6
410,0x0132CC40,0x01F65FF5
410,0x01C8B9B2,0x01EF03F6
410,0x01F8543A,0x01402457
410,0x01F4FD3B,0x018ED52E
410,0x01BCBB1E,0x0129D16C
410,0x01D269AA,0x01A7662A
410,0x01D7CB33,0x01A0E591
410,0x018109E4,0x011BAEE9
411,0x01292CAF,0x01E8ACA6
411,0x01169BF9,0x01A5C9E7
411,0x01482DFC,0x0162C1E5
411,0x014015A3,0x019D13A6
411,0x0132CC40,0x0136BF00
411,0x01C8B9B2,0x01BDDF8A
411,0x01F8543A,0x01A781BF
411,0x01F4FD3B,0x01DC4DF6
411,0x01BCBB1E,0x019DC028
411,0x01D269AA,0x011B1DDA
411,0x01D7CB33,0x01EAF476
411,0x018109E4,0x01E62835
412,0x01292CAF,0x01F63E7F
412,0x01169BF9,0x0197C50A
412,0x01482DFC,0x01777AF8
412,0x014015A3,0x01B18FA0
412,0x0132CC40,0x0173D0E6
412,0x01C8B9B2,0x0142807E
412,0x01F8543A,0x0181BC75
412,0x01F4FD3B,0x0122A1B7
412,0x01BCBB1E,0x01FDC610
412,0x01D269AA,0x013CFB4D
412,0x01D7CB33,0x017C51CB
412,0x018109E4,0x01304719
413,0x01292CAF,0x0134A893
413,0x01169BF9,0x01D824AB
413,0x01482DFC,0x011D7AF5
413,0x014015A3,0x017514DB
413,0x0132CC40,0x01E2B134
413,0x01C8B9B2,0x01DFDD00
413,0x01F8543A,0x01A024CA
413,0x01F4FD3B,0x01E8A656
413,0x01BCBB1E,0x01EA0F7C
413,0x01D269AA,0x013B6BB4
413,0x01D7CB33,0x01C02431
413,0x018109E4,0x01FD0917
414,0x01292CAF,0x0168AF16
414,0x01169BF9,0x0112887A
414,0x01482DFC,0x017FB2EC
414,0x014015A3,0x0158729C
414,0x0132CC40,0x017A886A
414,0x01C8B9B2,0x01FEF865
414,0x01F8543A,0x01EC668B
414,0x01F4FD3B,0x01E14562
414,0x01BCBB1E,0x01B2CDA8
414,0x01D269AA,0x0186CF63
414,0x01D7CB33,0x016343C7
414,0x018109E4,0x015749D8
415,0x01292CAF,0x019271E1
415,0x01169BF9,0x016E4E16
415,0x01482DFC,0x01D0009F
415,0x014015A3,0x0197B7A5
415,0x0132CC40,0x015911D2
415,0x01C8B9B2,0x016575CD
415,0x01F8543A,0x01A2574C
415,0x01F4FD3B,0x0199543D
415,0x01BCBB1E,0x014E49AE
415,0x01D269AA,0x0187B98B
415,0x01D7CB33,0x01E32679
415,0x018109E4,0x01A7E690
416,0x01292CAF,0x012DAF8A
416,0x01169BF9,0x01931852
416,0x01482DFC,0x017257B5
416,0x014015A3,0x0119F2BE
416,0x0132CC40,0x0171526C
416,0x01C8B9B2,0x01F9D169
416,0x01F8543A,0x011F39DD
416,0x01F4FD3B,0x01BC5A0C
416,0x01BCBB1E,0x012B2E9C
416,0x01D269AA,0x0191E03F
416,0x01D7CB33,0x019FCB5A
416,0x018109E4,0x01B98D0E
417,0x01292CAF,0x01F395D3
417,0x01169BF9,0x011E0A21
417,0x01482DFC,0x0142EA9C
417,0x014015A3,0x0171894B
417,0x0132CC40,0x0159E876
417,0x01C8B9B2,0x01AF6868
417,0x01F8543A,0x0186FFF5
417,0x01F4FD3B,0x01B48025
417,0x01BCBB1E,0x011B2BEC
417,0x01D269AA,0x0185EC19
417,0x01D7CB33,0x016E6875
417,0x018109E4,0x01828B57
418,0x01292CAF,0x01563E44
418,0x01169BF9,0x01539733
418,0x01482DFC,0x01F969FA
418,0x014015A3,0x01D4FAB0
418,0x0132CC40,0x01AFE60E
418,0x01C8B9B2,0x017C8867
418,0x01F8543A,0x01AA78BC
418,0x01F4FD3B,0x01B5B04E
418,0x01BCBB1E,0x01688CB9
418,0x01D269AA,0x01130A51
418,0x01D7CB33,0x0123E440
418,0x018109E4,0x013EACEE
419,0x01292CAF,0x01EE6CF7
419,0x01169BF9,0x013684DC
419,0x01482DFC,0x019BDE5E
419,0x014015A3,0x01B635AC
419,0x0132CC40,0x0144481C
419,0x01C8B9B2,0x01A7073E
419,0x01F8543A,0x01C8794D
419,0x01F4FD3B,0x0119615F
419,0x01BCBB1E,0x01612F98
419,0x01D269AA,0x01BA1D43
419,0x01D7CB33,0x01150A7C
419,0x018109E4,0x01922A98
420,0x01292CAF,0x0124445D
420,0x01169BF9,0x016D7EC4
420,0x01482DFC,0x01DC0F12
420,0x014015A3,0x014D93FA
420,0x0132CC40,0x016B09C7
420,0x01C8B9B2,0x013C421B
420,0x01F8543A,0x01801237
420,0x01F4FD3B,0x013AD574
420,0x01BCBB1E,0x01F3CEDB
420,0x01D269AA,0x01BDB27F
420,0x01D7CB33,0x01D51781
420,0x018109E4,0x014360CE
421,0x01292CAF,0x01A12507
421,0x01169BF9,0x0125CF04
421,0x01482DFC,0x01C9C680
421,0x014015A3,0x014A31CA
421,0x0132CC40,0x01FA7602
421,0x01C8B9B2,0x011A6392
421,0x01F8543A,0x01AF0E74
421,0x01F4FD3B,0x01E5C15D
421,0x01BCBB1E,0x01D9F33C
421,0x01D269AA,0x0155EB91
421,0x01D7CB33,0x01BBE61B
421,0x018109E4,0x0177313C
422,0x01292CAF,0x01151655
422,0x01169BF9,0x01ECAB2A
422,0x01482DFC,0x019D20CD
422,0x014015A3,0x012A67EC
422,0x0132CC40,0x017D2C4A
422,0x01C8B9B2,0x01448A3B
422,0x01F8543A,0x01E0B10E
422,0x01F4FD3B,0x01DCB190
422,0x01BCBB1E,0x01BBC87A
422,0x01D269AA,0x0116C7FD
422,0x01D7CB33,0x01AC3D1E
422,0x018109E4,0x01E1D2E1
423,0x01292CAF,0x01B42625
423,0x01169BF9,0x01E2A3D4
423,0x01482DFC,0x01AD79E1
423,0x014015A3,0x0176B210
423,0x0132CC40,0x0162F32D
423,0x01C8B9B2,0x0171B4F1
423,0x01F8543A,0x01593A34
423,0x01F4FD3B,0x01320ED1
423,0x01BCBB1E,0x01FA470B
423,0x01D269AA,0x015E8311
423,0x01D7CB33,0x01472A9D
423,0x018109E4,0x01A8B53D
424,0x01292CAF,0x0168B4E5
424,0x01169BF9,0x0183BEE4
424,0x01482DFC,0x01A8D9DB
424,0x014015A3,0x016B8A68
424,0x0132CC40,0x0153E406
424,0x01C8B9B2,0x01C465FD
424,0x01F8543A,0x011DCA4F
424,0x01F4FD3B,0x01177BEA
424,0x01BCBB1E,0x013ECC8E
424,0x01D269AA,0x01B6F287
424,0x01D7CB33,0x0137EAF8
424,0x018109E4,0x01553F67
425,0x01292CAF,0x01712B14
425,0x01169BF9,0x0128902D
425,0x01482DFC,0x01394E50
425,0x014015A3,0x01273923
425,0x0132CC40,0x014F16D5
425,0x01C8B9B2,0x01334F5A
425,0x01F8543A,0x0187CF41
425,0x01F4FD3B,0x01ABBF00
425,0x01BCBB1E,0x01A65B18
425,0x01D269AA,0x010FFD1E
425,0x01D7CB33,0x0172A631
425,0x018109E4,0x01770657
426,0x01292CAF,0x01221BE4
426,0x01169BF9,0x01A98A54
426,0x01482DFC,0x018DBB71
426,0x014015A3,0x01582B8F
426,0x0132CC40,0x01DD8C36
426,0x01C8B9B2,0x0151297D
426,0x01F8543A,0x01377B70
426,0x01F4FD3B,0x016F6E4E
426,0x01BCBB1E,0x017187BB
426,0x01D269AA,0x019C0D0A
426,0x01D7CB33,0x0129B292
426,0x018109E4,0x01C56E68
427,0x01292CAF,0x013A35FA
427,0x01169BF9,0x01C246A2
427,0x01482DFC,0x01E59646
427,0x014015A3,0x015E5609
427,0x0132CC40,0x01486BB8
427,0x01C8B9B2,0x01483245
427,0x01F8543A,0x016F6416
427,0x01F4FD3B,0x016CFFC0
427,0x01BCBB1E,0x01DB3E41
427,0x01D269AA,0x016A14D0
427,0x01D7CB33,0x01EBA4C0
427,0x018109E4,0x017080D7
428,0x01292CAF,0x01814390
428,0x01169BF9,0x01EDBD45
428,0x01482DFC,0x0189E185
428,0x014015A3,0x012433AC
428,0x0132CC40,0x01B79FAA
428,0x01C8B9B2,0x01F1D5D6
428,0x01F8543A,0x017E6BB3
428,0x01F4FD3B,0x01EE3D11
428,0x01BCBB1E,0x01BB6937
428,0x01D269AA,0x01DC8460
428,0x01D7CB33,0x0133CB9A
428,0x018109E4,0x0126E950
429,0x01292CAF,0x011036F6
429,0x01169BF9,0x0177F1F2
429,0x01482DFC,0x01103088
429,0x014015A3,0x01299FEB
429,0x0132CC40,0x01B4BA85
429,0x01C8B9B2,0x01471E69
429,0x01F8543A,0x0159A130
429,0x01F4FD3B,0x017BA3FC
429,0x01BCBB1E,0x01240A49
429,0x01D269AA,0x011B6A82
429,0x01D7CB33,0x01B21510
429,0x018109E4,0x013BF374
430,0x01292CAF,0x0158DF67
430,0x01169BF9,0x011B5993
430,0x01482DFC,0x01CEECDE
430,0x014015A3,0x01B72681
430,0x0132CC40,0x0126A9F6
430,0x01C8B9B2,0x01E8129A
430,0x01F8543A,0x012A41A0
430,0x01F4FD3B,0x015AAA58
430,0x01BCBB1E,0x01C33933
430,0x01D269AA,0x0199123A
430,0x01D7CB33,0x015511A5
430,0x018109E4,0x012FAA6C
431,0x01292CAF,0x018D93A4
431,0x01169BF9,0x017A9328
431,0x01482DFC,0x01AEF941
431,0x014015A3,0x01E9AAD0
431,0x0132CC40,0x014957A8
431,0x01C8B9B2,0x018BB4DD
431,0x01F8543A,0x015EE52D
431,0x01F4FD3B,0x01FF1EDD
431,0x01BCBB1E,0x01AA3686
431,0x01D269AA,0x0172EE88
431,0x01D7CB33,0x017A8B63
431,0x018109E4,0x013472F6
432,0x01292CAF,0x018E8A81
432,0x01169BF9,0x01CDE4D9
432,0x01482DFC,0x012B7446
432,0x014015A3,0x01D4BFB1
432,0x0132CC40,0x01F0F77C
432,0x01C8B9B2,0x01936670
432,0x01F8543A,0x01980DA4
432,0x01F4FD3B,0x0189E7F0
432,0x01BCBB1E,0x01454392
432,0x01D269AA,0x013FE804
432,0x01D7CB33,0x013244BE
432,0x018109E4,0x014AF24D
433,0x01292CAF,0x01579D1C
433,0x01169BF9,0x01A58164
433,0x01482DFC,0x01FD0C91
433,0x014015A3,0x01F03681
433,0x0132CC40,0x014B086B
433,0x01C8B9B2,0x0143ED12
433,0x01F8543A,0x011E09A0
433,0x01F4FD3B,0x015515A2
433,0x01BCBB1E,0x01267DEA
433,0x01D269AA,0x01ACC336
433,0x01D7CB33,0x01CA7879
433,0x018109E4,0x011A2983
434,0x01292CAF,0x013B4921
434,0x01169BF9,0x019C7D9F
434,0x01482DFC,0x01706152
434,0x014015A3,0x0119EB15
434,0x0132CC40,0x01FF2FD3
434,0x01C8B9B2,0x0131778D
434,0x01F8543A,0x01ED8C78
434,0x01F4FD3B,0x01A00F08
434,0x01BCBB1E,0x01C49A2D
434,0x01D269AA,0x0193F068
434,0x01D7CB33,0x01702D8B
434,0x018109E4,0x014BD462
435,0x01292CAF,0x0138142C
435,0x01169BF9,0x01B0FE16
435,0x01482DFC,0x01AA0802
435,0x014015A3,0x01F15D1E
435,0x0132CC40,0x01232FDB
435,0x01C8B9B2,0x01E2B68D
435,0x01F8543A,0x015E66A9
435,0x01F4FD3B,0x01EFFA29
435,0x01BCBB1E,0x01DBB823
435,0x01D269AA,0x019A5056
435,0x01D7CB33,0x019865AA
435,0x018109E4,0x01BDBB3B
436,0x01292CAF,0x01388ABB
436,0x01169BF9,0x012C6B6E
436,0x01482DFC,0x0117A86F
436,0x014015A3,0x018C63A5
436,0x0132CC40,0x01ED7F4D
436,0x01C8B9B2,0x018FB46C
436,0x01F8543A,0x019CE5F4
436,0x01F4FD3B,0x01A5EF58
436,0x01BCBB1E,0x01314A4E
436,0x01D269AA,0x012B9108
436,0x01D7CB33,0x01E10675
436,0x018109E4,0x01B163B5
437,0x01292CAF,0x01E8C95E
437,0x01169BF9,0x01400B43
437,0x01482DFC,0x013815AE
437,0x014015A3,0x017E1E19
437,0x0132CC40,0x01C715FB
437,0x01C8B9B2,0x016ABCEB
437,0x01F8543A,0x013E2CDD
437,0x01F4FD3B,0x017076C8
437,0x01BCBB1E,0x013A9BBA
437,0x01D269AA,0x0140BE69
437,0x01D7CB33,0x013C2E98
437,0x018109E4,0x01D461DF
438,0x01292CAF,0x014188FA
438,0x01169BF9,0x01D4D40F
438,0x01482DFC,0x0141A1C0
438,0x014015A3,0x019A0D66
438,0x0132CC40,0x0163CC6B
438,0x01C8B9B2,0x01965F08
438,0x01F8543A,0x011B7D0D
438,0x01F4FD3B,0x0155EE0C
438,0x01BCBB1E,0x0162D153
438,0x01D269AA,0x0143BC2E
438,0x01D7CB33,0x011CC87B
438,0x018109E4,0x012E1C67
439,0x01292CAF,0x01D28804
439,0x01169BF9,0x01498141
439,0x01482DFC,0x01A3190F
439,0x014015A3,0x01AE896E
439,0x0132CC40,0x01F8A16C
439,0x01C8B9B2,0x01530E8E
439,0x01F8543A,0x013812E0
439,0x01F4FD3B,0x013F8A59
439,0x01BCBB1E,0x01FE54FE
439,0x01D269AA,0x015AFB5A
439,0x01D7CB33,0x013E8B9D
439,0x018109E4,0x01DC0D93
441,0x0114E189,0x01CFF64F
441,0x01C132EA,0x01DBFDCF
442,0x0114E189,0x01ABAD85
442,0x01C132EA,0x018B6D1A
443,0x0114E189,0x0131EAEF
443,0x01C132EA,0x01F5D4E1
444,0x0114E189,0x01CC62AC
444,0x01C132EA,0x011BF49A
445,0x0114E189,0x01DF49A0
445,0x01C132EA,0x017ABAC6
446,0x0114E189,0x01458F00
446,0x01C132EA,0x01C443F2
447,0x0114E189,0x01FFF906
447,0x01C132EA,0x01BD6653
448,0x0114E189,0x015409C4
448,0x01C132EA,0x018FD636
449,0x0114E189,0x0198A4CC
449,0x01C132EA,0x0161600B
450,0x0114E189,0x01F58CD9
450,0x01C132EA,0x01E60997
451,0x0114E189,0x01547305
451,0x01C132EA,0x016851C2
452,0x0114E189,0x01D881C5
452,0x01C132EA,0x01A46B18
453,0x0114E189,0x017E4A4B
453,0x01C132EA,0x011D4962
454,0x0114E189,0x01D09EF3
454,0x01C132EA,0x01443FC9
455,0x0114E189,0x01253D7D
455,0x01C132EA,0x0158545B
456,0x0114E189,0x01E2C600
456,0x01C132EA,0x01473776
457,0x0114E189,0x01EAD7D7
457,0x01C132EA,0x016F781C
458,0x0114E189,0x01A1EC2A
458,0x01C132EA,0x018F5CAE
459,0x0114E189,0x01ADD6E8
459,0x01C132EA,0x017C98CE
460,0x0114E189,0x018F150E
460,0x01C132EA,0x0138DE08
461,0x0114E189,0x012C3F64
461,0x01C132EA,0x017E833B
462,0x0114E189,0x01F0B27F
462,0x01C132EA,0x018AB8F6
463,0x0114E189,0x01B559F2
463,0x01C132EA,0x01CA663D
464,0x0114E189,0x015142FB
464,0x01C132EA,0x01BCACD5
465,0x0114E189,0x014D27DD
465,0x01C132EA,0x01CA3CEF
466,0x0114E189,0x011648D2
466,0x01C132EA,0x0130680D
467,0x0114E189,0x01240B08
467,0x01C132EA,0x01412125
468,0x0114E189,0x0130D6BB
468,0x01C132EA,0x0153141D
469,0x0114E189,0x01693F8C
469,0x01C132EA,0x01569867
470,0x0114E189,0x015EB1EA
470,0x01C132EA,0x015597A1
471,0x0114E189,0x0194029C
471,0x01C132EA,0x01DAAFEA
472,0x0114E189,0x01BDC888
472,0x01C132EA,0x01C4A25C
473,0x0114E189,0x016CAFF1
473,0x01C132EA,0x0134FB39
474,0x0114E189,0x01633E72
474,0x01C132EA,0x0119862A
475,0x0114E189,0x01DE73A4
475,0x01C132EA,0x01DFB148
476,0x01F3C925,0x01B7B57E
476,0x0114E189,0x0164EC6B
476,0x01C132EA,0x01E6E367
476,0x01EE72AA,0x01493F12
478,1,0x01262F4E
478,8,0x01143B6F
478,11,0x01E66B89
478,12,0x012CD323
478,10,0x018601AD
478,23,0x019E2F83
478,44,0x01FAE193
478,46,0x01BF6240
478,47,0x01B133AC
478,48,0x012B2102
478,45,0x01994E44
478,49,0x01774C8E
478,50,0x01692EF9
479,1,0x01DD3F0E
479,8,0x017101BA
479,11,0x01CFA244
479,12,0x01BAFA67
479,10,0x014F0B25
479,23,0x019E0C77
479,44,0x01AE332B
479,46,0x018E720D
479,47,0x01F83809
479,48,0x01951471
479,45,0x01CC5A25
479,49,0x01FAEF05
479,50,0x014A2FAB
480,1,0x01A956A5
480,8,0x011E0FFD
480,11,0x0163C628
480,12,0x01FE420A
480,10,0x01797D50
480,23,0x0131AF3E
480,44,0x017A683A
480,46,0x01F28F97
480,47,0x01301EB0
480,48,0x01BFA9B2
480,45,0x01CCDF8E
480,49,0x01192C7F
480,50,0x017A44BD
481,1,0x018B3E5A
481,8,0x01967842
481,11,0x0192DE04
481,12,0x01286078
481,10,0x01621B5F
481,23,0x0111A992
481,44,0x01A6A242
481,46,0x01FE8DC9
481,47,0x01DD48CD
481,48,0x012529F7
481,45,0x0110CF17
481,49,0x017104CF
481,50,0x0157C10B
482,1,0x013B4CBC
482,8,0x01E09659
482,11,0x01E96358
482,12,0x01FBF24C
482,10,0x01E24709
482,23,0x01F42539
482,44,0x01D52668
482,46,0x01D60E04
482,47,0x011E499B
482,48,0x01D9C67A
482,45,0x01271F8A
482,49,0x019AFD2B
482,50,0x01851C60
483,1,0x014B6D30
483,8,0x01716641
483,11,0x01E58CE8
483,12,0x01613F90
483,10,0x0172DC2D
483,23,0x01732CFA
483,44,0x01D48800
483,46,0x01386C23
483,47,0x01A97A98
483,48,0x012D5AAB
483,45,0x012A7197
483,49,0x017E5B5B
483,50,0x014DFEB1
484,1,0x01304689
484,8,0x0198F786
484,11,0x0113FC2A
484,12,0x01B7385B
484,10,0x01E2D56D
484,23,0x0180C585
484,44,0x01D48567
484,46,0x0171568B
484,47,0x01F620D7
484,48,0x0187CD7A
484,45,0x01B13443
484,49,0x01FAFFB6
484,50,0x01F151EB
485,1,0x01828C80
485,8,0x01AB71CE
485,11,0x01A90125
485,12,0x01EADEE6
485,10,0x01A006DB
485,23,0x012E24B3
485,44,0x013F748A
485,46,0x01C2F250
485,47,0x01702CE2
485,48,0x01408386
485,45,0x018C8DD2
485,49,0x01833822
485,50,0x012F211E
486,1,0x012E041B
486,8,0x01D9AFE6
486,11,0x01B4A140
486,12,0x014CD5FB
486,10,0x013933A7
486,23,0x01B410FE
486,44,0x01AB5153
486,46,0x01DE0D17
486,47,0x01502F20
486,48,0x0198B8B7
486,45,0x01DA21B3
486,49,0x01539831
486,50,0x01F1A363
487,1,0x01B21D55
487,8,0x01639B90
487,11,0x013021BD
487,12,0x01CFBC6C
487,10,0x01AD4509
487,23,0x01417835
487,44,0x016A2859
487,46,0x011CA7C8
487,47,0x01B6DB8D
487,48,0x01ECFB0A
487,45,0x0171148E
487,49,0x010F8F2C
487,50,0x012F5DC6
488,1,0x017343E1
488,1,0x01DD34C4
489,0,0x013A664A
489,0,0x0127B6A5
490,4,0x01283344
490,4,0x01900283
491,5,0x01D026FD
491,5,0x01B6D71D
492,2,0x01A1DD63
492,2,0x01CCA548
493,6,0x01EB4BF7
493,6,0x0124FF82
494,3,0x01773E72
494,3,0x012FAF90
497,7,0x01AF6286
497,7,0x017883D0
500,0,0x01579DFC
500,0,0x0169FE8E
501,0,0x017A6324
501,0,0x01FE87FC
506,1,0x016CB663
506,4,0x01E79D66
506,6,0x01FAAD35
506,3,0x011E9DF1
506,0,0x013D8636
506,5,0x017EEC13
506,9,0x01F2B6E5
506,2,0x0124D294
511,7,0x016DEE19
516,8,0x01CE30DE
521,9,0x01F2B6E5
532,0x01CB6693,0x01B1B7C2
532,0x01B5A84B,0x01F9C809
532,0x017E96C9,0x0175FAD8
532,0x019C2D02,0x01DBFCB1
532,0x01C5FCD1,0x017CC49B
532,0x014EE407,0x01E2B569
532,0x01DEACAB,0x01DF75A2
532,0x01309620,0x016E8780
532,0x01F0FF1F,0x01452239
532,0x01948FF3,0x013108BC
532,0x0125D802,0x01AE1532
533,0x0161366B,0x01CB2290
533,0x01FA0BA1,0x018417DC
533,0x01B458F5,0x01FDD244
533,0x01A1766E,0x013E3A61
533,0x0110385D,0x01E1094F
534,0x01225C4F,0x01C9802F
534,0x01BDA254,0x017D489F
534,0x01A40D2B,0x012ACD76
534,0x01478B45,0x0199A37A
534,0x011A185F,0x01244057
535,0x01A1F208,0x01973CD5
535,0x01DFD415,0x01A00D97
535,0x01136565,0x01DB205D
535,0x016D7215,0x01736B23
536,0x0181A4BB,0x012F4CDE
536,0x012C5BC2,0x01C028A6
536,0x0112C078,0x01FD5737
536,0x01808756,0x014F1114
536,0x01249A2B,0x01A112C5
536,0x01F6ECCC,0x01D0110B
536,0x0185F0F8,0x013B19A8
536,0x01F9D340,0x0170C45F
536,0x01EBB3C0,0x014930BF
536,0x0197DEBE,0x01F9D88A
536,0x01CBD200,0x01963884
536,0x01B06C07,0x0127683A
537,0x01EFFF1E,0x01F6D7C3
537,0x0120F27C,0x01B11A0A
537,0x01CB3E67,0x016A1BE5
537,0x0127FC79,0x012E3F11
538,0x0176A988,0x014843FD
538,0x01E3E18B,0x01835B44
538,0x01E88ECB,0x01BBC72A
538,0x01172E5F,0x01DE0599
538,0x01FAB3CC,0x01EE36F5
539,0x01169BF9,0x01FEC79B
539,0x01482DFC,0x0151362A
539,0x014015A3,0x01332CB3
539,0x0132CC40,0x01B923A3
539,0x01C8B9B2,0x01818EC0
539,0x01F8543A,0x01A2355D
539,0x01F4FD3B,0x0156ED3C
539,0x01BCBB1E,0x01ADB6AF
539,0x01D269AA,0x01D0452A
539,0x01D7CB33,0x016EA9C8
539,0x018109E4,0x010FB72A
539,0x01292CAF,0x014054A5
540,0x01F3C925,0x01AC51A2
540,0x0114E189,0x011BBC6F
540,0x01EE72AA,0x019A9431
540,0x01C132EA,0x019ADB93
541,0x01560AE3,0x0178145B
541,0x015A28B6,0x01D8155E
550,0,0x01FA56B4
551,0,0x01E65964
552,0,0x019591E9
553,0,0x01632B58
590,0,0x01DCDECD
609,0,0x01B77D5B
616,0,0x01BCB973
623,0,0x01D90E3C
627,0,0x01F3B66E
770,0,0x01C10003
773,0,0x01661DE8
776,0,0x019A657A
779,0,0x01A021A7
780,0,0x016E2A47
781,0,0x0158C220
782,0,0x01F1480D
783,0,0x011FA385
784,0,0x01D4CF16
785,0,0x01A9ACBA
786,0,0x01519A62
787,0,0x01B9ED21
788,0,0x01D77CF3
789,0,0x0138F273
790,0,0x01A0C1B6
791,0,0x013150F2
812,0x01F3C925,0x0185FD9D
813,0x01F3C925,0x0198ED15
814,0x01F3C925,0x014FA75C
815,0x01F3C925,0x01FB2088
816,0x01F3C925,0x017473ED
817,0x01F3C925,0x01331BAC
818,0x01F3C925,0x0180CD29
819,0x01F3C925,0x016849CC
820,0x01F3C925,0x015707CD
821,0x01F3C925,0x01BB9859
822,0x01F3C925,0x01FC6C75
823,0x01F3C925,0x017832D6
824,0x01F3C925,0x01A95C4D
825,0x01F3C925,0x01203F2A
826,0x01F3C925,0x01C72333
827,0x01F3C925,0x015BF526
828,0x01F3C925,0x01CF7071
829,0x01F3C925,0x01ECC3F0
830,0x01F3C925,0x012A2568
831,0x01F3C925,0x017C6CFC
832,0x01F3C925,0x01C90A24
833,0x01F3C925,0x0124AB92
834,0x01F3C925,0x0119DFFA
835,0x01F3C925,0x01498BDC
836,0x01F3C925,0x015DAE02
837,0x01F3C925,0x0154AB96
838,0x01F3C925,0x0160EFD5
839,0x01F3C925,0x0168089A
840,0x01F3C925,0x01EFE6AC
841,0x01F3C925,0x018E2ED6
842,0x01F3C925,0x013580CB
843,0x01F3C925,0x011827C0
844,0x01F3C925,0x0113907E
845,0x01F3C925,0x012921BF
846,0x01F3C925,0x013B717F
847,0x01F3C925,0x01B7B57E
847,0x0114E189,0x0164EC6B
847,0x01C132EA,0x01E6E367
847,0x01EE72AA,0x01493F12
877,0x01EE72AA,0x010F6C58
878,0x01EE72AA,0x01AE20BA
879,0x01EE72AA,0x01584E14
880,0x01EE72AA,0x01212712
881,0x01EE72AA,0x01F04983
882,0x01EE72AA,0x01DD1D6E
883,0x01EE72AA,0x01704D02
884,0x01EE72AA,0x011EBCCB
885,0x01EE72AA,0x0133CE12
886,0x01EE72AA,0x01F80597
887,0x01EE72AA,0x011E13DD
888,0x01EE72AA,0x01AB72C7
889,0x01EE72AA,0x0143A499
890,0x01EE72AA,0x01E62C4E
891,0x01EE72AA,0x01F654AF
892,0x01EE72AA,0x01EB915E
893,0x01EE72AA,0x01F81178
894,0x01EE72AA,0x01AE0DF4
895,0x01EE72AA,0x015D8CA2
896,0x01EE72AA,0x01503EB6
897,0x01EE72AA,0x01ADDA3F
898,0x01EE72AA,0x018FFA67
899,0x01EE72AA,0x01301A6D
900,0x01EE72AA,0x016289DD
901,0x01EE72AA,0x01C0D399
902,0x01EE72AA,0x01F27EF9
903,0x01EE72AA,0x014B81ED
904,0x01EE72AA,0x016E247B
905,0x01EE72AA,0x01C785F6
906,0x01EE72AA,0x01CB9B64
907,0x01EE72AA,0x0157A71F
908,0x01EE72AA,0x012795DB
909,0x01EE72AA,0x01787632
910,0x01EE72AA,0x01785391
911,0x01EE72AA,0x01407BEE
1290,0,0x01CBADEE
1291,0,0x01F0C245
1292,0,0x01DA457E
1293,0,0x01A7600B
1294,0,0x01A92FDE
1295,0,0x01BC6BFE
1296,0,0x01B94A5E
1297,0,0x0139B78C
1298,0,0x016BBA60
1379,0,0x019FC308
1396,0,0x013A8751
1397,0,0x012D1E07
1398,0,0x01B3ECF7
1399,0,0x01CA0370
1400,0,0x01A1B55D
1401,0,0x010F73FE
1402,0,0x017084C9
1403,0,0x01479407
1404,0,0x01218CC2
1589,0,0x0184D9F8
1590,0,0x01CA5F49
1591,0,0x01431A08
1592,0,0x01914B98
1593,0,0x01768267
1594,0,0x01E7457F
1595,0,0x01977C16
1596,0,0x0197B3A0
