1,50,0x3F800000,0x3F800000,0x3F800000,0x3F71C71C,0x3FB55555,0x3FC5D174,0x3FCF3CF4,0x3F555555,0x3FA00000,0x3FAE8BA3,0x3FB6DB6E,0x3E5DDDDE,0x3E5DDDDE,0x3E5DDDDE,0x3E5DDDDE
2,100,0x3F800000,0x3F800000,0x3F800000,0x3FB425ED,0x401364D9,0x402DB6DB,0x403425ED,0x3F8E38E4,0x3FE8BA2F,0x40092492,0x400E38E4,0x3EC00000,0x3EC00000,0x3EC00000,0x3EC00000
3,150,0x3F800000,0x3F800000,0x3F800000,0x3F9ED9EE,0x3FFA4FA5,0x400CCCCD,0x40162FC9,0x3F589D8A,0x3FAAAAAB,0x3FC00000,0x3FCCCCCD,0x3F051EB8,0x3F000000,0x3F000000,0x3F000000
4,200,0x3F800000,0x3F800000,0x3F800000,0x3F8795CF,0x3FBBBBBC,0x3FE147AE,0x3FE38E39,0x3F38E38E,0x3F800000,0x3F99999A,0x3F9B26CA,0x3F15C28F,0x3F066666,0x3F066666,0x3F066666
5,250,0x3F800000,0x3F800000,0x3F800000,0x3F949F4A,0x3FD242E7,0x3FF66666,0x3FE86E87,0x3F4AAAAB,0x3F8F5C29,0x3FA80000,0x3F9E79E8,0x3F322D0E,0x3F16872B,0x3F16872B,0x3F1374BC
6,250,0x3F800000,0x3F800000,0x3F800000,0x3F98F7C8,0x3FCCCCCD,0x3FEAAAAB,0x400369D0,0x3F5097B4,0x3F8BA2E9,0x3FA00000,0x3FB33333,0x3F4CCCCD,0x3F2B851F,0x3F23D70A,0x3F1EB852
7,250,0x3F800000,0x3F800000,0x3F800000,0x3F8CCCCD,0x3FC0CEA5,0x3FE9859F,0x400298DC,0x3F400000,0x3F83759F,0x3F9F3832,0x3FB21643,0x3F5D9F74,0x3F3CB565,0x3F31BCB5,0x3F2B277F
8,250,0x3F800000,0x3F800000,0x3F800000,0x3F94E457,0x3FC04FEC,0x3FE3AD35,0x3FF57F58,0x3F4B08D4,0x3F831F38,0x3F9B3BEA,0x3FA76276,0x3F6E147B,0x3F4D70A4,0x3F400000,0x3F366666
9,250,0x3F800000,0x3F800000,0x3F800000,0x3F8B4939,0x3FB78FBD,0x3FD4873F,0x3FE147AE,0x3F3DEF7C,0x3F7A4FA5,0x3F90E7D9,0x3F99999A,0x3F7AE148,0x3F5C28F6,0x3F4CCCCD,0x3F40DA74
10,250,0x3F800000,0x3F800000,0x3F800000,0x3F888889,0x3FB80D63,0x3FD7E4B1,0x3FD9A96E,0x3F3A2E8C,0x3F7AFAFB,0x3F933333,0x3F9467E2,0x3F8353F8,0x3F6C8B44,0x3F5BA5E3,0x3F4C49BA
11,250,0x3F800000,0x3F800000,0x3F800000,0x3F72F2F3,0x3FA0EA0F,0x3FC1565A,0x3FD3CD3D,0x3F25A5A6,0x3F5B6DB7,0x3F83D226,0x3F906907,0x3F86BFC4,0x3F788D80,0x3F67CBDE,0x3F586FB6
12,250,0x3F800000,0x3F800000,0x3F800000,0x3F6573AD,0x3F9765D9,0x3FB43958,0x3FC44444,0x3F1C71C7,0x3F4E739D,0x3F75C28F,0x3F85D174,0x3F89999A,0x3F81EB85,0x3F733333,0x3F63D70A
13,250,0x3F800000,0x3F800000,0x3F800000,0x3F4A2CA3,0x3F8809E5,0x3FA79E7A,0x3FBBBBBC,0x3F09D89E,0x3F3981DB,0x3F649249,0x3F800000,0x3F8B6BEA,0x3F86B205,0x3F7E07E0,0x3F6FDA31
14,250,0x3F800000,0x3F800000,0x3F800000,0x3F404FEC,0x3F8563B5,0x3FA1C52D,0x3FB50750,0x3F031F38,0x3F35E50D,0x3F5C9883,0x3F76DB6E,0x3F8CFB9D,0x3F8BE2BE,0x3F84C119,0x3F7C57C5
15,250,0x3F800000,0x3F800000,0x3F800000,0x3F3BBBBC,0x3F861862,0x3FA0EA0F,0x3FB43958,0x3F000000,0x3F36DB6E,0x3F5B6DB7,0x3F75C28F,0x3F8ED917,0x3F91EB85,0x3F8B4396,0x3F851EB8
16,250,0x3F800000,0x3F800000,0x3F800000,0x3F37BD30,0x3F81315D,0x3F9B5D93,0x3FACE072,0x3EFA8D9E,0x3F302C0B,0x3F53DCB1,0x3F6BBDB3,0x3F90F5C3,0x3F9828F6,0x3F91EB85,0x3F8C28F6
17,250,0x3F800000,0x3F800000,0x3F800000,0x3F343958,0x3F80D62C,0x3F9A0000,0x3FAF8AF9,0x3EF5C28F,0x3F2FAFB0,0x3F520000,0x3F6F606A,0x3F93467A,0x3F9F056C,0x3F9925F3,0x3F942DC7
18,250,0x3F800000,0x3F800000,0x3F800000,0x3F22F039,0x3F738BC3,0x3F94D881,0x3FAD4AD5,0x3EDE304D,0x3F260DD6,0x3F4AF8B0,0x3F6C4EC5,0x3F94E81B,0x3FA58BF2,0x3FA06D3A,0x3F9C9630
19,250,0x3F800000,0x3F800000,0x3F800000,0x3F138138,0x3F659FCE,0x3F8BE137,0x3FA58740,0x3EC92492,0x3F1C8FDE,0x3F3EBEBF,0x3F61B86E,0x3F95F64D,0x3FABCA1B,0x3FA757D9,0x3FA4EAFB
20,250,0x3F800000,0x3F800000,0x3F800000,0x3F09ABCE,0x3F582D83,0x3F897297,0x3FA5A5A6,0x3EBBBBBC,0x3F1364D9,0x3F3B6DB7,0x3F61E1E2,0x3F96E979,0x3FB1CAC1,0x3FAEB852,0x3FADF3B6
21,250,0x3F800000,0x3F800000,0x3F800000,0x3F031D87,0x3F455357,0x3F7B06BB,0x3F9798CC,0x3EB2CB2D,0x3F068A47,0x3F2B277F,0x3F4EB917,0x3F97C57C,0x3FB67DCE,0x3FB4A9B1,0x3FB564F0
22,250,0x3F800000,0x3F800000,0x3F800000,0x3F0C1979,0x3F5E1B67,0x3F8E58E6,0x3FA9210F,0x3EBF0B76,0x3F176FC6,0x3F421C22,0x3F66A171,0x3F99999A,0x3FBCDBB2,0x3FBC8254,0x3FBE9A88
23,250,0x3F800000,0x3F800000,0x3F800000,0x3F097EAE,0x3F645307,0x3F9203CB,0x3FB2CB2D,0x3EBB7E32,0x3F1BACF9,0x3F471C72,0x3F73CF3D,0x3F9B9A7E,0x3FC3AC4D,0x3FC4ACBF,0x3FC8AE86
24,250,0x3F800000,0x3F800000,0x3F800000,0x3F072B02,0x3F66ADCA,0x3F956BA0,0x3FB579BE,0x3EB851EC,0x3F1D47F3,0x3F4BC14E,0x3F777777,0x3F9DC28F,0x3FCA8F5C,0x3FCD1EB8,0x3FD2E148
25,250,0x3F800000,0x3F800000,0x3F800000,0x3F0369D0,0x3F62B265,0x3F925252,0x3FB1EE97,0x3EB33333,0x3F1A90E8,0x3F478788,0x3F72A271,0x3FA00D1B,0x3FD13405,0x3FD53261,0x3FDC91D1
26,250,0x3F800000,0x3F800000,0x3F800000,0x3EF15F16,0x3F49784D,0x3F801F0F,0x3F9A42F2,0x3EA49249,0x3F095DA9,0x3F2EB5FE,0x3F525B49,0x3FA1DEEB,0x3FD62762,0x3FDB2CE6,0x3FE3BDD5
27,250,0x3F800000,0x3F800000,0x3F800000,0x3EE3CFAD,0x3F50D6E6,0x3F88ECBE,0x3FA5EFC4,0x3E9B536A,0x3F0E63FA,0x3F3AB731,0x3F6246F4,0x3FA38E39,0x3FDB9753,0x3FE22222,0x3FEC16C1
28,250,0x3F800000,0x3F800000,0x3F800000,0x3ED7B191,0x3F49ADE3,0x3F84AA36,0x3FA33F13,0x3E931057,0x3F098232,0x3F34E81B,0x3F5E9BD3,0x3FA51EB8,0x3FE0A3D7,0x3FE89823,0x3FF41D42
29,250,0x3F800000,0x3F800000,0x3F800000,0x3ED8C3A7,0x3F483FB7,0x3F8316F4,0x3FA35C66,0x3E93CB37,0x3F088889,0x3F32C235,0x3F5EC3D1,0x3FA6D765,0x3FE59B03,0x3FEEDFDE,0x3FFC1DA9
30,250,0x3F800000,0x3F800000,0x3F800000,0x3EE38E39,0x3F49DD22,0x3F85C28F,0x3FA893AE,0x3E9B26CA,0x3F09A269,0x3F366666,0x3F65E0A7,0x3FA8F5C3,0x3FEAC083,0x3FF58106,0x40024DD3
31,250,0x3F800000,0x3F800000,0x3F800000,0x3ED5802B,0x3F30EBE5,0x3F689397,0x3F8D43C2,0x3E919192,0x3EF141AD,0x3F1E932D,0x3F40A238,0x3FAAB1B7,0x3FEE53E7,0x3FFA3828,0x4005294A
32,250,0x3F800000,0x3F800000,0x3F800000,0x3EDFD5FD,0x3F4EE3CA,0x3F8BB0FC,0x3FB21B22,0x3E989D8A,0x3F0D0FAC,0x3F3E7CFA,0x3F72DF2E,0x3FACCCCD,0x3FF3D70A,0x4000C28F,0x4009E148
33,250,0x3F800000,0x3F800000,0x3F800000,0x3ED98F64,0x3F502DF6,0x3F8C42B3,0x3FAF73A3,0x3E945621,0x3F0DF0CB,0x3F3F43AE,0x3F6F4099,0x3FAEC737,0x3FF97BD0,0x40046BFC,0x400E6DD9
34,250,0x3F800000,0x3F800000,0x3F800000,0x3ED59175,0x3F4B26AB,0x3F8898D6,0x3FAAAAAB,0x3E919D5C,0x3F0A8317,0x3F3A44C7,0x3F68BA2F,0x3FB0A3D7,0x3FFECB98,0x4007DE45,0x4012B5E9
35,250,0x3F800000,0x3F800000,0x3F800000,0x3EC92492,0x3F456DB1,0x3F84A33F,0x3FA622BD,0x3E892492,0x3F069C3E,0x3F34DE9C,0x3F628C76,0x3FB22D0E,0x4001E6D7,0x400B1E23,0x4016BF57
36,250,0x3F800000,0x3F800000,0x3F800000,0x3EA7AC2A,0x3F132E31,0x3F3FC61B,0x3F638E39,0x3E55C84F,0x3EBBA7B1,0x3EF482FC,0x3F111111,0x3F9F49F5,0x3FE96F1F,0x3FFA8031,0x4007C65A
37,250,0x3F800000,0x3F800000,0x3F800000,0x3EA35F8B,0x3F223F86,0x3F5E7486,0x3F8F6AD9,0x3E504D05,0x3ECEDDCA,0x3F0DD0AF,0x3F36DB6E,0x3FA02660,0x3FECE75E,0x3FFF5AAF,0x400B062E
38,250,0x3F800000,0x3F800000,0x3F800000,0x3EA65D39,0x3F20FA69,0x3F5CA8F1,0x3F8BE406,0x3E541D42,0x3ECD3F46,0x3F0CABB3,0x3F325C54,0x3FA12530,0x3FF05EDB,0x400210E3,0x400E1A3B
39,250,0x3F800000,0x3F800000,0x3F800000,0x3EA7DE6D,0x3F235F8B,0x3F5E50D8,0x3F888889,0x3E560865,0x3ED04D05,0x3F0DB9F0,0x3F2E147B,0x3FA243BE,0x3FF40273,0x400481E2,0x401105DD
40,250,0x3F800000,0x3F800000,0x3F800000,0x3EAAAAAB,0x3F2AAAAB,0x3F627627,0x3F855555,0x3E59999A,0x3ED9999A,0x3F105E86,0x3F2A0000,0x3FA37FA9,0x3FF8263B,0x4007152A,0x4013CC1E
41,250,0x3F800000,0x3F800000,0x3F800000,0x3EA6A29B,0x3F10E47C,0x3F36F8C7,0x3F576567,0x3E5475B8,0x3EB8BCEB,0x3EE949FE,0x3F0950A5,0x3FA4AC2A,0x3FFAC150,0x40088889,0x40155AA9
42,250,0x3F800000,0x3F800000,0x3F800000,0x3EA957FB,0x3F269217,0x3F5BE097,0x3F7EB9F3,0x3E57E9C6,0x3ED460AA,0x3F0C2BFA,0x3F226358,0x3FA5F3F9,0x3FFEB31E,0x400AF8B0,0x4017E4B1
43,250,0x3F800000,0x3F800000,0x3F800000,0x3EA052BF,0x3F200000,0x3F542E20,0x3F7925FF,0x3E4C6981,0x3ECC0000,0x3F0743CE,0x3F1ED506,0x3FA703E4,0x400126A8,0x400D377D,0x401A507E
44,250,0x3F800000,0x3F800000,0x3F800000,0x3E98D5F8,0x3F1A51BD,0x3F49C9CA,0x3F73CF3D,0x3E42DD9D,0x3EC4C1D1,0x3F00A3D7,0x3F1B6DB7,0x3FA7DFBA,0x4002CAF0,0x400F3471,0x401CA01E
45,250,0x3F800000,0x3F800000,0x3F800000,0x3E957D32,0x3F144B6D,0x3F4234F7,0x3F6EB1D4,0x3E3E993A,0x3EBD135E,0x3EF79D22,0x3F182AF7,0x3FA8B1CC,0x4004491F,0x4011075C,0x401ED572
46,250,0x3F800000,0x3F800000,0x3F800000,0x3E77872F,0x3EE66666,0x3F13F9A7,0x3F338CFA,0x3E1AB47D,0x3E900000,0x3EB8F811,0x3EE07038,0x3F9408E8,0x3FE91701,0x3FFFAF44,0x400C1D16
47,250,0x3F800000,0x3F800000,0x3F800000,0x3E7AF3BE,0x3EF86BF2,0x3F206392,0x3F4E2CAC,0x3E1CD857,0x3E9B4377,0x3EC87C77,0x3F00DBEB,0x3F94921F,0x3FEB3F67,0x4001202C,0x400DE600
48,250,0x3F800000,0x3F800000,0x3F800000,0x3E800000,0x3EFBD6C0,0x3F22576A,0x3F4A1AF3,0x3E200000,0x3E9D6638,0x3ECAED45,0x3EFCA1AF,0x3F95357A,0x3FED907F,0x40027AE1,0x400F9BE0
49,250,0x3F800000,0x3F800000,0x3F800000,0x3E81913E,0x3EFBBBBC,0x3F21C52D,0x3F46318C,0x3E21F58D,0x3E9D5555,0x3ECA3678,0x3EF7BDEF,0x3F95F15F,0x3FEFE898,0x4003D70A,0x40113FE1
50,250,0x3F800000,0x3F800000,0x3F800000,0x3E83126F,0x3F01913E,0x3F25999A,0x3F426E2D,0x3E23D70A,0x3EA1F58D,0x3ECF0000,0x3EF309B9,0x3F96C456,0x3FF28470,0x40055326,0x4012D315
51,250,0x3F800000,0x3F800000,0x3F800000,0x3E7286BD,0x3EC96010,0x3EF9D874,0x3F0E7835,0x3E179436,0x3E7BB815,0x3E9C2749,0x3EB21643,0x3F97530F,0x3FF3804D,0x4005D07B,0x401339A0
52,250,0x3F800000,0x3F800000,0x3F800000,0x3E75C28F,0x3EEE7BF5,0x3F14326E,0x3F3B512C,0x3E19999A,0x3E950D79,0x3EB93F09,0x3EEA2577,0x3F97F9B3,0x3FF5988D,0x4006EABB,0x4014B398
53,250,0x3F800000,0x3F800000,0x3F800000,0x3E6ACD74,0x3EE5E78E,0x3F0F5C29,0x3F37F3BD,0x3E12C068,0x3E8FB0B9,0x3EB33333,0x3EE5F0AC,0x3F987D33,0x3FF77FB6,0x4007EBE8,0x40161F4D
54,250,0x3F800000,0x3F800000,0x3F800000,0x3E5258BF,0x3ECAA1FF,0x3EF94A11,0x3F2AAAAB,0x3E0B3333,0x3E861862,0x3EA4F88B,0x3EE1E1E2,0x3F8DF41E,0x3FE736BD,0x3FFDCFB5,0x400CAB6D
55,250,0x3F800000,0x3F800000,0x3F800000,0x3E3CC96E,0x3EB0F0BE,0x3EEA0EA1,0x3F1BBCC9,0x3E04BDA1,0x3E78D28B,0x3EA49249,0x3EDB017B,0x3F992272,0x3FFA1EA8,0x400970E3,0x4018C122
56,250,0x3F800000,0x3F800000,0x3F800000,0x3E27904A,0x3E93A1C4,0x3EB3DC07,0x3EE8BA2F,0x3DC9138D,0x3E312885,0x3E57D4D5,0x3E8BA2E9,0x3F836203,0x3FD6DB6E,0x3FEBFA26,0x4003564F
57,250,0x3F800000,0x3F800000,0x3F800000,0x3E203E23,0x3E8D7BB2,0x3EAF122B,0x3EFCB9FC,0x3DABB04A,0x3E1796D1,0x3E3B9377,0x3E8763A3,0x3F7140F9,0x3FC5881D,0x3FD8E1A4,0x3FF26814
58,250,0x3F800000,0x3F800000,0x3F800000,0x3E1D6A37,0x3E8DCCDA,0x3EAC4AC5,0x3EE38E39,0x3D86ED54,0x3DF31608,0x3E13ADCD,0x3E430C31,0x3F5BA8E7,0x3FB42805,0x3FC5AA14,0x3FDD5A0B
59,250,0x3F800000,0x3F800000,0x3F800000,0x3E1B95A2,0x3E88EEBC,0x3EA33333,0x3EDFDD8F,0x3D855BAF,0x3DEABDD4,0x3E0BE2BE,0x3E3FE27B,0x3F5BFC87,0x3FB4A576,0x3FC60094,0x3FDE4CF2
60,250,0x3F800000,0x3F800000,0x3F800000,0x3E18EAD6,0x3E895169,0x3EA69FE3,0x3EDC4B0B,0x3D83126F,0x3DEB66FD,0x3E0ED230,0x3E3CD29C,0x3F5C4D5E,0x3FB530ED,0x3FC6789B,0x3FDF37C0
61,250,0x3F800000,0x3F800000,0x3F800000,0x3E11CA32,0x3E73ABE0,0x3E9AD101,0x3ED8D542,0x3D79ECE9,0x3DD0DC77,0x3E04B325,0x3E39DB5D,0x3F5C77BF,0x3FB55E49,0x3FC6B6FA,0x3FE01ADC
62,250,0x3F800000,0x3F800000,0x3F800000,0x3E0F5C29,0x3E7AF25E,0x3E9882B9,0x3ED57ADE,0x3D75C28F,0x3DD718E3,0x3E02B931,0x3E36FB9A,0x3F5CA0C2,0x3FB5AD6B,0x3FC6F356,0x3FE0F6A4
63,250,0x3F800000,0x3F800000,0x3F800000,0x3E088889,0x3E6C4EC5,0x3E9645C5,0x3ED23A9F,0x3D6A0EA1,0x3DCA8CA9,0x3E00CE17,0x3E34323F,0x3F5CA5CA,0x3FB5D75D,0x3FC72DC8,0x3FE1CB72
64,250,0x3F800000,0x3F800000,0x3F800000,0x3E0651BC,0x3E63ECF2,0x3E941963,0x3ECF1358,0x3D6642FA,0x3DC35D62,0x3DFDE261,0x3E317E4B,0x3F5CAAAB,0x3FB5EEEF,0x3FC76666,0x3FE2999A
65,250,0x3F800000,0x3F800000,0x3F800000,0x3E04E1F9,0x3E6F920C,0x3E91B0E9,0x3ECC03EC,0x3D63CC87,0x3DCD589C,0x3DF9C190,0x3E2EDECB,0x3F5CAF65,0x3FB63830,0x3FC79D47,0x3FE36169
66,250,0x3F800000,0x3F800000,0x3F800000,0x3E02C8D9,0x3E6C6B12,0x3E8FA5B5,0x3EC90B53,0x3D6033BD,0x3DCAA4EB,0x3DF640A4,0x3E2C52D9,0x3F5CB3FA,0x3FB67F39,0x3FC7D27D,0x3FE4232B
67,250,0x3F800000,0x3F800000,0x3F800000,0x3E0B60B6,0x3E69590F,0x3E8DA8FB,0x3EC6288F,0x3D6EEEEF,0x3DC80331,0x3DF2D88A,0x3E29D99F,0x3F5CF9A2,0x3FB6C424,0x3FC8061D,0x3FE4DF24
68,250,0x3F800000,0x3F800000,0x3F800000,0x3E093BC7,0x3E6AA7E0,0x3E8BBA23,0x3EC35AB3,0x3D6B41E7,0x3DC9222D,0x3DEF883C,0x3E277251,0x3F5D3D3D,0x3FB71717,0x3FC83838,0x3FE59596
69,250,0x3F800000,0x3F800000,0x3F800000,0x3E07D71C,0x3E7B002C,0x3E89D89E,0x3EC0A0E0,0x3D68DE79,0x3DD724B8,0x3DEC4EC5,0x3E251C2E,0x3F5D7EE3,0x3FB7A6F5,0x3FC868E0,0x3FE646BD
70,250,0x3F800000,0x3F800000,0x3F800000,0x3E05CD7C,0x3E6DBE9F,0x3E87C1F0,0x3EBDFA42,0x3D656042,0x3DCBC7F6,0x3DE8BA2F,0x3E22D682,0x3F5DBEA9,0x3FB81381,0x3FC89823,0x3FE6F2D6
71,250,0x3F800000,0x3F800000,0x3F800000,0x3DFF7E3A,0x3E53576E,0x3E85FB37,0x3EBB6611,0x3D5AFE7B,0x3DB5265E,0x3DE5AEA8,0x3E20A0A1,0x3F5DDDDE,0x3FB83013,0x3FC8C612,0x3FE79A15
72,250,0x3F800000,0x3F800000,0x3F800000,0x3DFBC110,0x3E5A0E40,0x3E84403C,0x3EB8E38E,0x3D57CA0E,0x3DBAE7A5,0x3DE2B743,0x3E1E79E8,0x3F5DFC35,0x3FB86A31,0x3FC8F2BA,0x3FE83CAE
73,250,0x3F800000,0x3F800000,0x3F800000,0x3E014727,0x3E525A51,0x3E82908E,0x3EB67207,0x3D5D9E8C,0x3DB44D6A,0x3DDFD33C,0x3E1C61BD,0x3F5E37A4,0x3FB893C1,0x3FC91E29,0x3FE8DAD4
74,250,0x3F800000,0x3F800000,0x3F800000,0x3DF5C28F,0x3E54629B,0x3E80EBBE,0x3EB410D2,0x3D52A6C4,0x3DB60B61,0x3DDD01D7,0x3E1A578F,0x3F5E53F3,0x3FB8CAF4,0x3FC9486B,0x3FE974B3
75,250,0x3F800000,0x3F800000,0x3F800000,0x3DFB45CA,0x3E5EC81B,0x3E7E2F35,0x3EB1BF4C,0x3D576064,0x3DBEF4A9,0x3DD9DF52,0x3E185AD4,0x3F5E8CA1,0x3FB92C60,0x3FC9718D,0x3FEA0A78
76,250,0x3F800000,0x3F800000,0x3F800000,0x3E00E9B2,0x3E5C370E,0x3E7B117C,0x3EAF7CDE,0x3D5CFE55,0x3DBCC17A,0x3DD7338F,0x3E166B07,0x3F5EE090,0x3FB98B3A,0x3FC9999A,0x3FEA9C4B
77,250,0x3F800000,0x3F800000,0x3F800000,0x3E0385DF,0x3E59B4F8,0x3E780716,0x3EAD48F5,0x3D6177C8,0x3DBA9B1E,0x3DD4985C,0x3E1487AD,0x3F5F4EAF,0x3FB9E79E,0x3FC9C09C,0x3FEB2A56
78,250,0x3F800000,0x3F800000,0x3F800000,0x3E0253C8,0x3E56C583,0x3E750F51,0x3EAB2307,0x3D5F6B0E,0x3DB81703,0x3DD20D21,0x3E12B04F,0x3F5FB9FC,0x3FBA41A4,0x3FC9E69E,0x3FEBB4BB
79,250,0x3F800000,0x3F800000,0x3F800000,0x3E0092F1,0x3E54629B,0x3E722983,0x3EA90A91,0x3D5C699D,0x3DB60B61,0x3DCF914C,0x3E10E47C,0x3F602291,0x3FBA9962,0x3FCA0BAA,0x3FEC3BA0
80,250,0x3F800000,0x3F800000,0x3F800000,0x3DFEDCBB,0x3E519734,0x3E6EEEEF,0x3EA6FF15,0x3D5A740E,0x3DB3A62D,0x3DCCCCCD,0x3E0F23C9,0x3F608889,0x3FBAEEEF,0x3FCA2FC9,0x3FECBF26
81,250,0x3F800000,0x3F800000,0x3F800000,0x3DFB823F,0x3E4F5143,0x3E6C2D8C,0x3EA5001D,0x3D579436,0x3DB1B35E,0x3DCA702F,0x3E0D6DD0,0x3F60EBFC,0x3FBB425F,0x3FCA5304,0x3FED3F6C
82,250,0x3F800000,0x3F800000,0x3F800000,0x3DF9525D,0x3E4D17CE,0x3E697C3F,0x3EA30D37,0x3D55B450,0x3DAFCB43,0x3DC8215B,0x3E0BC22F,0x3F614D02,0x3FBB93C6,0x3FCA7563,0x3FEDBC91
83,250,0x3F800000,0x3F800000,0x3F800000,0x3DF61C91,0x3E4A7C62,0x3E66DA7C,0x3EA125F6,0x3D52F3EA,0x3DAD8F30,0x3DC5DFD8,0x3E0A208A,0x3F61ABB2,0x3FBBE336,0x3FCA96ED,0x3FEE36B2
84,250,0x3F800000,0x3F800000,0x3F800000,0x3DF4045B,0x3E485D07,0x3E6447BF,0x3E9F49F5,0x3D51284E,0x3DABBD73,0x3DC3AB36,0x3E088889,0x3F620821,0x3FBC30C3,0x3FCAB7AB,0x3FEEADEB
85,250,0x3F800000,0x3F800000,0x3F800000,0x3DF0F0F1,0x3E45DFD8,0x3E6168A7,0x3E9D78CF,0x3D4E8561,0x3DA99B4C,0x3DC13522,0x3E06F9D6,0x3F626262,0x3FBC7C7C,0x3FCAD7A4,0x3FEF2256
86,250,0x3F800000,0x3F800000,0x3F800000,0x3DEEEEEF,0x3E43D8D5,0x3E5EF474,0x3E9BB227,0x3D4CCCCD,0x3DA7DE6D,0x3DBF1AAD,0x3E057421,0x3F62BA8B,0x3FBCC673,0x3FCAF6DF,0x3FEF940B
87,250,0x3F800000,0x3F800000,0x3F800000,0x3DEBFBC9,0x3E41DC58,0x3E5C8DC9,0x3E99F5A3,0x3D4A4588,0x3DA62A95,0x3DBD0BD1,0x3E03F71E,0x3F6310AD,0x3FBD0EB6,0x3FCB1562,0x3FF00324
88,250,0x3F800000,0x3F800000,0x3F800000,0x3DEA0EA1,0x3E3F879C,0x3E5A3437,0x3E9842EE,0x3D489ED3,0x3DA42B18,0x3DBB082F,0x3E028282,0x3F6364D9,0x3FBD5555,0x3FCB3333,0x3FF06FB6
89,250,0x3F800000,0x3F800000,0x3F800000,0x3DE739CE,0x3E3DA12F,0x3E57E753,0x3E9699B4,0x3D46318C,0x3DA28A29,0x3DB90F6C,0x3E011608,0x3F63B722,0x3FBD9A5E,0x3FCB5059,0x3FF0D9D7
90,250,0x3F800000,0x3F800000,0x3F800000,0x3DE56042,0x3E3B6611,0x3E555555,0x3E94F9A8,0x3D449BA6,0x3DA0A0A1,0x3DB6DB6E,0x3DFF62D7,0x3F640796,0x3FBDDDDE,0x3FCB6CD9,0x3FF1419D
91,250,0x3F800000,0x3F800000,0x3F800000,0x3DE2A7F8,0x3E39944C,0x3E53224F,0x3E93627E,0x3D4246D4,0x3D9F1166,0x3DB4F8D6,0x3DFCA8D8,0x3F645645,0x3FBE1FE2,0x3FCB88B9,0x3FF1A71A
92,250,0x3F800000,0x3F800000,0x3F800000,0x3DE0E0E1,0x3E37CB7D,0x3E50FAC7,0x3E91D3EE,0x3D40C0C1,0x3D9D89D9,0x3DB32018,0x3DF9FD99,0x3F64A33F,0x3FBE6077,0x3FCBA3FD,0x3FF20A63
93,250,0x3F800000,0x3F800000,0x3F800000,0x3DDE4379,0x3E35B2C7,0x3E4EDE62,0x3E904DB4,0x3D3E82FA,0x3D9BBDCF,0x3DB150E7,0x3DF760A2,0x3F64EE91,0x3FBE9FA8,0x3FCBBEAB,0x3FF26B8A
94,250,0x3F800000,0x3F800000,0x3F800000,0x3DDC8DC9,0x3E33FCC9,0x3E4CCCCD,0x3E8ECF8C,0x3D3D0BD1,0x3D9A4663,0x3DAF8AF9,0x3DF4D182,0x3F653849,0x3FBEDD81,0x3FCBD8C8,0x3FF2CA9F
95,250,0x3F800000,0x3F800000,0x3F800000,0x3DDA09BC,0x3E31F9F6,0x3E4A7C62,0x3E8D5937,0x3D3AE3C5,0x3D988D1C,0x3DAD8F30,0x3DF24FCD,0x3F658073,0x3FBF1A0D,0x3FCBF259,0x3FF327B4
96,250,0x3F800000,0x3F800000,0x3F800000,0x3DD86478,0x3E3055A6,0x3E4880E5,0x3E8BEA79,0x3D397AB0,0x3D9724D7,0x3DABDC32,0x3DEFDB19,0x3F65C71C,0x3FBF5555,0x3FCC0B61,0x3FF382D8
97,250,0x3F800000,0x3F800000,0x3F800000,0x3DD5F85C,0x3E2EB905,0x3E468F3F,0x3E8A8317,0x3D37672A,0x3D95C329,0x3DAA31A4,0x3DED7304,0x3F660C51,0x3FBF8F65,0x3FCC23E5,0x3FF3DC1B
98,250,0x3F800000,0x3F800000,0x3F800000,0x3DD4629C,0x3E2CD3B7,0x3E44A728,0x3E8922D9,0x3D360B61,0x3D94232F,0x3DA88F47,0x3DEB172C,0x3F66501C,0x3FBFC846,0x3FCC3BE8,0x3FF4338C
99,250,0x3F800000,0x3F800000,0x3F800000,0x3DD20D21,0x3E2B4744,0x3E42C859,0x3E87C989,0x3D340B41,0x3D92CF5F,0x3DA6F4DF,0x3DE8C734,0x3F669288,0x3FC00000,0x3FCC5370,0x3FF48939
100,250,0x3F800000,0x3F800000,0x3F800000,0x3DCFC4A3,0x3E2974CE,0x3E40B02C,0x3E8676F3,0x3D321643,0x3D913F8C,0x3DA5294A,0x3DE682C5,0x3F66D3A0,0x3FC0369D,0x3FCC6A7F,0x3FF4DD2F
101,250,0x3F800000,0x3F800000,0x3F800000,0x3DCE45FC,0x3E27F79A,0x3E3EE464,0x3E852AE5,0x3D30CE46,0x3D8FF8CD,0x3DA39F31,0x3DE44989,0x3F67136F,0x3FC06C25,0x3FCC8119,0x3FF52F7C
102,250,0x3F800000,0x3F800000,0x3F800000,0x3DCC1238,0x3E26810A,0x3E3D2119,0x3E83E530,0x3D2EEB0C,0x3D8EB7C0,0x3DA21C5F,0x3DE21B2D,0x3F6751FD,0x3FC0A0A1,0x3FCC9742,0x3FF5802B
103,250,0x3F800000,0x3F800000,0x3F800000,0x3DCAA104,0x3E24C818,0x3E3B6611,0x3E82A5A4,0x3D2DAE96,0x3D8D3DCB,0x3DA0A0A1,0x3DDFF763,0x3F678F54,0x3FC0D417,0x3FCCACFD,0x3FF5CF49
104,250,0x3F800000,0x3F800000,0x3F800000,0x3DC880E5,0x3E235F8B,0x3E39B311,0x3E816C17,0x3D2BDC32,0x3D8C08C0,0x3D9F2BC6,0x3DDDDDDE,0x3F67CB7D,0x3FC10690,0x3FCCC24C,0x3FF61CE2
105,250,0x3F800000,0x3F800000,0x3F800000,0x3DC71C72,0x3E21B6F1,0x3E37CB7D,0x3E80385C,0x3D2AAAAB,0x3D8A9CCE,0x3D9D89D9,0x3DDBCE55,0x3F680680,0x3FC13814,0x3FCCD734,0x3FF66900
106,250,0x3F800000,0x3F800000,0x3F800000,0x3DC50EF5,0x3E205BA2,0x3E3628FC,0x3E7E1497,0x3D28E83F,0x3D89731D,0x3D9C2322,0x3DD9C882,0x3F684067,0x3FC168A7,0x3FCCEBB7,0x3FF6B3AF
107,250,0x3F800000,0x3F800000,0x3F800000,0x3DC3B69C,0x3E1F061B,0x3E348DDD,0x3E7BC37B,0x3D27C117,0x3D884E60,0x3D9AC2BE,0x3DD7CC20,0x3F687939,0x3FC19853,0x3FCCFFD7,0x3FF6FCF8
108,250,0x3F800000,0x3F800000,0x3F800000,0x3DC1BAD0,0x3E1D73B3,0x3E32F9ED,0x3E797D16,0x3D260DD7,0x3D86F575,0x3D996882,0x3DD5D8EF,0x3F68B0FD,0x3FC1C71C,0x3FCD1398,0x3FF744E6
109,250,0x3F800000,0x3F800000,0x3F800000,0x3DC06DF6,0x3E1C2A63,0x3E316CFD,0x3E774120,0x3D24F089,0x3D85DB31,0x3D981447,0x3DD3EEAE,0x3F68E7BB,0x3FC1F50A,0x3FCD26FD,0x3FF78B82
110,250,0x3F800000,0x3F800000,0x3F800000,0x3DBE82FA,0x3E1AA640,0x3E2FAFB0,0x3E750F51,0x3D234BB2,0x3D848E80,0x3D969697,0x3DD20D21,0x3F691D7B,0x3FC22222,0x3FCD3A07,0x3FF7D0D5
111,250,0x3F800000,0x3F800000,0x3F800000,0x3DBD410E,0x3E196882,0x3E2E3126,0x3E72E765,0x3D2237C3,0x3D837E27,0x3D954EB3,0x3DD0340D,0x3F695242,0x3FC24E6A,0x3FCD4CB9,0x3FF814E9
112,250,0x3F800000,0x3F800000,0x3F800000,0x3DBB6611,0x3E182FD5,0x3E2CB90F,0x3E70C918,0x3D20A0A1,0x3D827224,0x3D940C56,0x3DCE633A,0x3F698618,0x3FC279E8,0x3FCD5F16,0x3FF857C5
113,250,0x3F800000,0x3F800000,0x3F800000,0x3DBA2E8C,0x3E16BF20,0x3E2B4744,0x3E6EB42D,0x3D1F959C,0x3D81361C,0x3D92CF5F,0x3DCC9A70,0x3F69B904,0x3FC2A4A0,0x3FCD7120,0x3FF89973
114,250,0x3F800000,0x3F800000,0x3F800000,0x3DB862C7,0x3E159129,0x3E29DB9A,0x3E6CA864,0x3D1E0B86,0x3D803348,0x3D9197A9,0x3DCAD97A,0x3F69EB0A,0x3FC2CE99,0x3FCD82D8,0x3FF8D9F9
115,250,0x3F800000,0x3F800000,0x3F800000,0x3DB7352A,0x3E142CFB,0x3E28434E,0x3E6AA582,0x3D1D08FF,0x3D7E03F8,0x3D9039B1,0x3DC92027,0x3F6A1C32,0x3FC2F7D6,0x3FCD9442,0x3FF91961
116,250,0x3F800000,0x3F800000,0x3F800000,0x3DB577E6,0x3E130931,0x3E26E449,0x3E68AB4E,0x3D1B8B58,0x3D7C0FC1,0x3D8F0CD1,0x3DC76E43,0x3F6A4C81,0x3FC3205E,0x3FCDA55F,0x3FF957B0
117,250,0x3F800000,0x3F800000,0x3F800000,0x3DB453B9,0x3E11E9DA,0x3E258AF0,0x3E66B990,0x3D1A90E8,0x3D7A232D,0x3D8DE4CE,0x3DC5C3A0,0x3F6A7BFD,0x3FC34835,0x3FCDB631,0x3FF994EF
118,250,0x3F800000,0x3F800000,0x3F800000,0x3DB2A449,0x3E1096C9,0x3E243721,0x3E64D012,0x3D191F1A,0x3D77DDEB,0x3D8CC18A,0x3DC4200F,0x3F6AAAAB,0x3FC36F5E,0x3FCDC6BA,0x3FF9D124
119,250,0x3F800000,0x3F800000,0x3F800000,0x3DB1891D,0x3E0F80E6,0x3E22E8BA,0x3E62EE9F,0x3D182C62,0x3D76018A,0x3D8BA2E9,0x3DC28364,0x3F6AD88F,0x3FC395DF,0x3FCDD6FC,0x3FFA0C55
120,250,0x3F800000,0x3F800000,0x3F800000,0x3DAFE6DF,0x3E0E38E4,0x3E217102,0x3E611506,0x3D16C5E4,0x3D73CF3D,0x3D8A60DD,0x3DC0ED73,0x3F6B05B0,0x3FC3BBBC,0x3FCDE6F8,0x3FFA468B
121,250,0x3F800000,0x3F800000,0x3F800000,0x3DAED44B,0x3E0D2BFE,0x3E202DC4,0x3E5F4316,0x3D15DA89,0x3D720245,0x3D894BCC,0x3DBF5E13,0x3F6B3212,0x3FC3E0F8,0x3FCDF6B1,0x3FFA7FCA
122,250,0x3F800000,0x3F800000,0x3F800000,0x3DAD3EA6,0x3E0C2309,0x3E1EEF8A,0x3E5D789F,0x3D147ED7,0x3D703C0F,0x3D883B09,0x3DBDD51B,0x3F6B5DBA,0x3FC40598,0x3FCE0628,0x3FFAB819
123,250,0x3F800000,0x3F800000,0x3F800000,0x3DAC3447,0x3E0AEA2C,0x3E1DB637,0x3E5BB575,0x3D139A86,0x3D6E23B9,0x3D872E78,0x3DBC5264,0x3F6B88AC,0x3FC429A0,0x3FCE155E,0x3FFAEF7D
124,250,0x3F800000,0x3F800000,0x3F800000,0x3DAAAAAB,0x3E09E997,0x3E1C81AD,0x3E59F96A,0x3D124925,0x3D6C6BDE,0x3D862602,0x3DBAD5C8,0x3F6BB2ED,0x3FC44D13,0x3FCE2456,0x3FFB25FD
125,250,0x3F800000,0x3F800000,0x3F800000,0x3DA92806,0x3E08BA89,0x3E1B26CA,0x3E584453,0x3D10FDBC,0x3D6A6459,0x3D84FCAD,0x3DB95F23,0x3F6BDC80,0x3FC46FF5,0x3FCE3310,0x3FFB5B9D
126,250,0x3F800000,0x3F800000,0x3F800000,0x3DA82A0B,0x3E07C1F1,0x3E19FC27,0x3E569609,0x3D102409,0x3D68BA2F,0x3D83FCB3,0x3DB7EE50,0x3F6C056B,0x3FC49249,0x3FCE418F,0x3FFB9064
127,250,0x3F800000,0x3F800000,0x3F800000,0x3DA6B29B,0x3E06CCD9,0x3E18D5F8,0x3E54EE61,0x3D0EE23C,0x3D671606,0x3D83008C,0x3DB6832E,0x3F6C2DB1,0x3FC4B413,0x3FCE4FD3,0x3FFBC455
128,250,0x3F800000,0x3F800000,0x3F800000,0x3DA5BBEE,0x3E05AB43,0x3E17B426,0x3E534D35,0x3D0E0ECC,0x3D652598,0x3D820820,0x3DB51D9B,0x3F6C5555,0x3FC4D555,0x3FCE5DDE,0x3FFBF777
129,250,0x3F800000,0x3F800000,0x3F800000,0x3DA44F38,0x3E04BDA1,0x3E169697,0x3E51B25F,0x3D0CD630,0x3D638E39,0x3D81135C,0x3DB3BD76,0x3F6C7C5D,0x3FC4F614,0x3FCE6BB1,0x3FFC29CF
130,250,0x3F800000,0x3F800000,0x3F800000,0x3DA35F8B,0x3E03A4CA,0x3E155555,0x3E501DBB,0x3D0C08C0,0x3D61ACC8,0x3D800000,0x3DB262A0,0x3F6CA2CA,0x3FC51651,0x3FCE794E,0x3FFC5B5F
131,250,0x3F800000,0x3F800000,0x3F800000,0x3DA1FD1B,0x3E02BE47,0x3E144098,0x3E4E8F25,0x3D0AD8F3,0x3D60219F,0x3D7E2598,0x3DB10CFB,0x3F6CC8A2,0x3FC53611,0x3FCE86B6,0x3FFC8C2E
132,250,0x3F800000,0x3F800000,0x3F800000,0x3DA11422,0x3E01DAE6,0x3E132FD6,0x3E4D067A,0x3D0A1142,0x3D5E9BD3,0x3D7C5201,0x3DAFBC69,0x3F6CEDE6,0x3FC55555,0x3FCE93E9,0x3FFCBC40
133,250,0x3F800000,0x3F800000,0x3F800000,0x3D9FBB8B,0x3E00CE17,0x3E1222F8,0x3E4B8399,0x3D08E9E5,0x3D5CCF02,0x3D7A8517,0x3DAE70CD,0x3F6D129B,0x3FC57421,0x3FCEA0EA,0x3FFCEB99
134,250,0x3F800000,0x3F800000,0x3F800000,0x3D9ED8FF,0x3DFFE2C1,0x3E1119E9,0x3E4A0662,0x3D0827B6,0x3D5B54A6,0x3D78BEB4,0x3DAD2A0B,0x3F6D36C4,0x3FC59278,0x3FCEADB9,0x3FFD1A3D
135,250,0x3F800000,0x3F800000,0x3F800000,0x3D9D89D9,0x3DFDD8CA,0x3E0FEF8D,0x3E488EB4,0x3D070871,0x3D599540,0x3D76BF3B,0x3DABE808,0x3F6D5A64,0x3FC5B05B,0x3FCEBA58,0x3FFD4830
136,250,0x3F800000,0x3F800000,0x3F800000,0x3D9CAD77,0x3DFC2C21,0x3E0EEE64,0x3E471C72,0x3D064B8A,0x3D5825D4,0x3D750661,0x3DAAAAAB,0x3F6D7D7D,0x3FC5CDCE,0x3FCEC6C7,0x3FFD7575
137,250,0x3F800000,0x3F800000,0x3F800000,0x3D9B675F,0x3DFA8517,0x3E0DF0CB,0x3E45AF7D,0x3D053408,0x3D56BB38,0x3D7353A5,0x3DA971D9,0x3F6DA014,0x3FC5EAD3,0x3FCED307,0x3FFDA212
138,250,0x3F800000,0x3F800000,0x3F800000,0x3D9A90E8,0x3DF890B3,0x3E0CF6B0,0x3E4447B8,0x3D047C34,0x3D550E51,0x3D71A6E4,0x3DA83D79,0x3F6DC22A,0x3FC6076C,0x3FCEDF1A,0x3FFDCE09
139,250,0x3F800000,0x3F800000,0x3F800000,0x3D995382,0x3DF6F5A3,0x3E0C0000,0x3E42E507,0x3D036C26,0x3D53ADFA,0x3D700000,0x3DA70D74,0x3F6DE3C3,0x3FC6239B,0x3FCEEB01,0x3FFDF95F
140,250,0x3F800000,0x3F800000,0x3F800000,0x3D9882B9,0x3DF50F51,0x3E0AEA2C,0x3E41874F,0x3D02B931,0x3D520D21,0x3D6E23B9,0x3DA5E1B2,0x3F6E04E0,0x3FC63F64,0x3FCEF6BC,0x3FFE2415
141,250,0x3F800000,0x3F800000,0x3F800000,0x3D974DAE,0x3DF37FBA,0x3E09FA94,0x3E402E76,0x3D01B04C,0x3D50B6A0,0x3D6C88FE,0x3DA4BA1C,0x3F6E2586,0x3FC65AC8,0x3FCF024D,0x3FFE4E31
142,250,0x3F800000,0x3F800000,0x3F800000,0x3D96825A,0x3DF1F533,0x3E090E32,0x3E3EDA61,0x3D010204,0x3D4F6475,0x3D6AF3C3,0x3DA3969C,0x3F6E45B5,0x3FC675C9,0x3FCF0DB4,0x3FFE77B5
143,250,0x3F800000,0x3F800000,0x3F800000,0x3D955555,0x3DF0224E,0x3E0824F4,0x3E3D8AF8,0x3D000000,0x3D4DD443,0x3D6963EC,0x3DA2771E,0x3F6E6572,0x3FC69069,0x3FCF18F2,0x3FFEA0A4
144,250,0x3F800000,0x3F800000,0x3F800000,0x3D948F41,0x3DEEA292,0x3E073ECB,0x3E3C4021,0x3CFEAC6F,0x3D4C8B59,0x3D67D95C,0x3DA15B8A,0x3F6E84BE,0x3FC6AAAB,0x3FCF2408,0x3FFEC902
145,250,0x3F800000,0x3F800000,0x3F800000,0x3D9369F4,0x3DECDC5D,0x3E063B72,0x3E3AF9C6,0x3CFCB5A3,0x3D4B0607,0x3D661CC4,0x3DA043CE,0x3F6EA39B,0x3FC6C490,0x3FCF2EF6,0x3FFEF0D1
146,250,0x3F800000,0x3F800000,0x3F800000,0x3D92A8EC,0x3DEB66FD,0x3E055BAF,0x3E39B7CE,0x3CFB6AB9,0x3D49C5FE,0x3D649D2C,0x3D9F2FD5,0x3F6EC20C,0x3FC6DE1A,0x3FCF39BF,0x3FFF1815
147,250,0x3F800000,0x3F800000,0x3F800000,0x3D918B0C,0x3DE9F62F,0x3E047ED1,0x3E387A24,0x3CF980A6,0x3D4889DF,0x3D63228B,0x3D9E1F8C,0x3F6EE013,0x3FC6F74B,0x3FCF4462,0x3FFF3ECF
148,250,0x3F800000,0x3F800000,0x3F800000,0x3D90CEDE,0x3DE84187,0x3E03A4CA,0x3E3740B1,0x3CF83E0F,0x3D471399,0x3D61ACC8,0x3D9D12E1,0x3F6EFDB2,0x3FC71025,0x3FCF4EE0,0x3FFF6504
149,250,0x3F800000,0x3F800000,0x3F800000,0x3D8FB824,0x3DE6DA7C,0x3E02CD8C,0x3E360B61,0x3CF6603E,0x3D45DFD8,0x3D603BCC,0x3D9C09C1,0x3F6F1AEB,0x3FC728AA,0x3FCF593A,0x3FFF8AB6
150,250,0x3F800000,0x3F800000,0x3F800000,0x3D74898D,0x3DCCCCCD,0x3DCCCCCD,0x3DCCCCCD,0x3CD5F85C,0x3D2BE4FD,0x3D42C859,0x3D87A396,0x3F3F5FCD,0x3F9F6715,0x3F800000,0x3F800000
