0x780C2F604F99D74B,0,100,100,0,0,0,0,0,0x1207D7F5E1EE574C,0x66D67C95D55839A7,0,1,1,1,0,0,0,0,0,0,0,50,0,25,0
0x7CA0C92D753412DC,0,100,100,0,0,0,0,0,0x69915CB23BD5C9AB,0,0,1,1,1,0x4A0BF97CCE717B21,0,0,0,0,0,0,0,0,0,0
0x52DAAD0873E05EBF,0,100,100,0,0,0,0,0,0x776F0EA3177DB797,0x7BC4340FB4D135B,0,1,1,0,0,0,0,0,0,0,0,0,0,0,0
0x662FBBD63E067395,0,100,100,0,0,0,0,0,0x6E4198125B4433E4,0,0,0,1,0,0,0,0,0,0,0,0,0,0,0,0
0x6BF86870CD4416C9,0,100,100,0,0,0,0,0,0x340DB7E054532A9A,0x2BCED3553B73F53D,0x4A0F3BF5AE3FC07D,1,1,0,0x4A0BF97CCE717B21,0,0,0,0,0,0,0,0,0,0
0x3327C363A408A086,0,100,100,0,0,0,0,0,0x75983161B92DAD5,0,0,0,1,0,0,0,0,0,0,0,0,0,0,0,0
0x6504AFB1698BB9BC,0,100,100,0,0,0,0,0,0x68FE4A44175C5BD5,0,0,0,1,0,0,0,0,0,0,0,0,0,0,0,0
0x501E0D61DEB6E3F3,0,100,100,0,0,0,0,0,0x6BCA5CCDC74F7986,0x1140AECD70C5E057,0,0,1,0,0,0,0,0,0,0,0,0,0,0,0
0x253788F8C27EDB93,0,100,100,0,0,0,0,0,0x25F38A82B397511E,0x5E7F653E48F6BD07,0,1,1,0,0,0,0,0,0,0,0,0,0,0,0
0x5A02FF4E546B68F1,0,100,100,0,0,0,0,0,0x27B6051984B5864C,0x3D273263B5E1745D,0x6228D16A1F62B59D,1,1,0,0x4A0BF97CCE717B21,0,0,0,0,0,0,0,0,0,0
0x9CBA9191F2FA5D7,0,100,100,0,0,0,0,0,0x45B6C4022FC3172C,0x73D55C17397447B,0x1169F80ED33F16BB,1,1,0,0x4A0BF97CCE717B21,0,0,0,0,0,0,0,0,0,0
0xBEE5AB937498A71,0,100,100,0x6BB8D088AA5D2DF5,0,0,0,0,0x66530765F5E29EAE,0x16FAE5138A1E3275,0,1,1,0,0,0,0,0,0,0,0,0,0,0,0
0x6AA4C04A179ED546,0,100,100,0x6837931CE185238C,0,0,0,0,0x6D0622ECE174CBF9,0x25124AB062502232,0,1,1,0,0,0,0,0,0,0,0,0,0,0,0
0x34A14AB4746321B2,0,100,100,0x25B9FB682A777869,0,0,0,0,0x181E8D4369690D07,0,0,0,1,0,0,0,0,0,0,0,0,0,0,0,0
0x1E9BD46CDD454B7C,0,100,100,0x5CEAF52285031501,0,0,0,0,0x93947D6252CA02B,0x1B1BC606DCD36AC8,0,1,1,0,0,0,0,0,0,0,0,0,0,0,0
0x7509626EAA9ADD98,0,100,100,0x46B51D90EC5C7A06,0,0,0,0,0x1E336907C5754AF,0x72908AAEED63936C,0,1,1,0,0,0,0,0,0,0,0,0,0,0,0
0x3A5063CE01669696,0,100,100,0,0,0,0,1,0x29C0E1300A537937,0x31DE82FE95654B2,0,1,1,1,0,0,0,0,0,0,0,0,0,0,0
0x6520608FE3E516E2,0,100,100,0,0,0,0,1,0x3487BB65B11C038F,0xDD1ACB19B4A10CE,0,1,1,1,0,0,0,0,0,0,0,0,0,0,0
0x5154CE75CEEDFF0E,0,100,100,0,0,0,0,1,0x50FF391C7A60DB,0,0,0,1,1,0x714447AC692A7D40,0,0,0,0,0,0,0,0,0,0
0x126AAFF0FFBD9376,0,100,100,0,0,0,0,1,0x7D708140005A1DF7,0,0,0,1,1,0,0,0,0,0,0,0,0,0,0,0
0x30B6B59BF8E87AB0,0,100,100,0,0,0,0,1,0x6B8FB98459BBAFE8,0x16ECEEBD20CD617,0x76579F3040175EA4,1,1,1,0x714447AC692A7D40,0,0,0,0,0,0,0,0,0,0
0x55246AC76AF21BC7,0,100,100,0,0,0,0,1,0x27E39B3A318F2D58,0,0,0,1,1,0,0,0,0,0,0,0,0,0,0,0
0x3D0A6744226C473C,0,100,100,0,0,0,0,1,0x64994A65BCAF5739,0x283072FCC1BEF548,0x38CEB5F21CED8A88,1,1,1,0x714447AC692A7D40,0,0,0,0,0,0,0,0,0,0
0x624372C5BA3D3EB6,0,100,100,0,0,0,0,1,0x106122109016C4FB,0x1182FD80647AE4AA,0x4F16734947B396EA,1,1,1,0x714447AC692A7D40,0,0,0,0,0,0,0,0,0,0
0x5D532825A2D0023,0,100,100,0,0,0,0,1,0x5A6AF1AC2EB01FE6,0,0,0,1,1,0,0,0,0,0,0,0,0,0,0,0
0xB15E641945148D4,0,100,100,0,0,0,0,1,0x7CC2187B8CC3C67B,0,0,0,1,1,0,0,0,0,0,0,0,0,0,0,0
0x2FA5091C22F8E529,0,100,100,0,0,0,0,1,0x385EA051D8495CCC,0,0,0,1,1,0,0,0,0,0,0,0,0,0,0,0
0x487EDFE4EAB89682,0,100,100,0,0,0,0,1,0x302409EC8CDB336F,0,0,0,1,1,0,0,0,0,0,0,0,0,0,0,0
0x725686A5570CF00A,0,100,100,0,0,0,0,0,0x6A5716996BEC73E3,0,0,0,1,0,0,0,0,0,0,0,0,0,0,0,0
0x3AE4D5D2B66FD960,0,100,100,0,0,0,0,0,0x273CC3ECF9237807,0,0,0,1,0,0,0,0,0,0,0,0,0,0,0,0
0x5429E1F8389910A9,0,100,100,0,0,0,0,0,0x48A1DCB0F43DC080,0,0,0,1,0,0,0,0,0,0,0,0,0,0,0,0
0x5B50FEC911597745,0,100,100,0,0,0,0,0,0x1D7C52290486224E,0,0,0,1,1,0,0,0,0,0,0,0,0,0,0,0
0x6F9582D72160F199,0,0,0,0,0,0,5,0,0,0,0,0,1,0,0,0,0,0,0,0,0,100,0,25,0
0x1268B2E0E85FA24E,0,50,0,0,0,0,0,0,0,0x42380E9766CBA40A,0x659B088F5031A14A,1,1,0,0x4A0BF97CCE717B21,0,0,0,0,0,0,0,0,0,0
0x7C56E889052D3823,0,50,0,0,0,0,2,0,0,0x591F21F9039E2BC7,0x7E38FA9F40268407,1,1,0,0x4A0BF97CCE717B21,0,0,0,0,0,0,0,0,0,0
0x283FEE60457D611C,0,50,0,0,0,0,0,0,0,0x2705C779AF15FE88,0x6718A406D5EFECC8,1,1,0,0x4A0BF97CCE717B21,0,0,0,0,0,0,0,0,0,0
0x34B12A7EEC1A0E54,0,50,0,0,0,0,2,0,0,0x77BB3FBDBD0CD448,0x295F58F842F96488,1,1,0,0x4A0BF97CCE717B21,0,0,0,0,0,0,0,0,0,0
0x23A4DA33C68F44A6,0,50,0,0,0,0,0,0,0,0x71E899BF5C44679A,0x587F069C95D155DA,1,1,0,0x4A0BF97CCE717B21,0,0,0,0,0,0,0,0,0,0
0x210CB7E77F9E97FE,0,75,0,0,0,0,0,0,0,0x54A399CFE854C8AA,0x72E4072F0A4F28EA,1,1,0,0x4A0BF97CCE717B21,0,0,0,0,0,0,0,0,0,0
0x339635E76B21119E,0,50,0,0,0,0,0,0,0,0x47F6CB9D6E8077A,0x2757BFE856B15ABA,1,1,0,0x4A0BF97CCE717B21,0,0,0,0,0,0,0,0,0,0
0x44D4BBE22B28718,0,100,0,0,0,0,0,0,0,0x1FC754388ADB8A44,0x39E2507782FF4484,1,1,0,0x4A0BF97CCE717B21,0,0,0,0,0,0,0,0,0,0
0x3CD5F0114C4786E5,0,50,0,0,0,0,0,0,0,0x46D3B3A02534CBD1,0x5A1208B3A5F60911,1,1,0,0x4A0BF97CCE717B21,0,0,0,0,0,0,0,0,0,0
0x7221920AF24A6808,0,50,0,0,0,0,0,0,0,0x20369DAE539EF4EC,0x42AAF256B0D0BE2C,1,1,0,0x4A0BF97CCE717B21,0,0,0,0,0,0,0,0,0,0
0x365DFFC451EB4A62,0,50,0,0,0,0,0,0,0,0x30BAC2BEABBF1AAE,0x30A4BC5DF62954EE,1,1,0,0x4A0BF97CCE717B21,0,0,0,0,0,0,0,0,0,0
0x8F279FBA361C5EE,0,50,0,0,0,0,0,0,0,0x271238907873CA5A,0x33EB31CC4ACBD39A,1,1,0,0x4A0BF97CCE717B21,0,0,0,0,0,0,0,0,0,0
0x19F5CFEA427F0699,0,50,0,0,0,0,0,0,0,0x5A0DF05FDA484FFD,0x2D8BBBEAE443C43D,1,1,0,0x4A0BF97CCE717B21,0,0,0,0,0,0,0,0,0,0
0x535E63E6F8C1DCC1,0,50,0,0,0,0,0,0,0,0x2D05E95632B8D1ED,0x6B66B705A024262D,1,1,0,0x4A0BF97CCE717B21,0,0,0,0,0,0,0,0,0,0
0x5CD67D1A573AAA8C,0,50,0,0,0,0,0,0,0,0x226F9891F4F996C0,0x17FF87435C878900,1,1,0,0x4A0BF97CCE717B21,0,0,0,0,0,0,0,0,0,0
0x31F2D1ADBA869A8C,0,50,0,0,0,0,0,0,0,0x6EB487E7CE76528,0x5191B8D7259B4768,1,1,0,0x4A0BF97CCE717B21,0,0,0,0,0,0,0,0,0,0
0x403AD3C4980D0FC0,0,50,0,0,0,0,0,0,0,0x5E3108355D305FFC,0x348E158EA8A8913C,1,1,0,0x4A0BF97CCE717B21,0,0,0,0,0,0,0,0,0,0
0x757F415ECD77060B,0,50,0,0,0,0,0,0,0,0x18265195BDEF3B4F,0x5F160FCE108CB58F,1,1,0,0x4A0BF97CCE717B21,0,0,0,0,0,0,0,0,0,0
0x799D1C9DE08C7D93,0,50,0,0,0,0,0,0,0,0x1D6543175C1914B7,0x42BDC83298A3E0F7,1,1,0,0x4A0BF97CCE717B21,0,0,0,0,0,0,0,0,0,0
0x7E54FA6E53910C4E,0,50,0,0,0,0,0,0,0,0x68BC9664873F41BD,0x2066E21FD26B05FD,1,1,0,0x4A0BF97CCE717B21,0,0,0,0,0,0,0,0,0,0
0x6E55B34A34E5F43E,0,50,0,0,0,0,0,0,0,0x77864566D39C59DA,0x2265F1542B65E11A,1,1,0,0x4A0BF97CCE717B21,0,0,0,0,0,0,0,0,0,0
0x302AEBCB0EA3C2C5,0,50,0,0,0,0,0,0,0,0x3D76CBD5B4037359,0x48E1495AE6FD6399,1,1,0,0x4A0BF97CCE717B21,0,0,0,0,0,0,0,0,0,0
0x7E0CCCE3CD8608FE,0,50,0,0,0,0,0,0,0,0x8A2031DD17E978A,0x2C540AEAE27DC1CA,1,1,0,0x4A0BF97CCE717B21,0,0,0,0,0,0,0,0,0,0
0x50328EAC1E8CFDCB,0,50,0,0,0,0,0,0,0,0x52EA56EE7D348C9F,0x2523DC0EA4A12CDF,1,1,0,0x625ABA2BF94A7D7B,0,0,0,0,0,0,0,0,0,0
0x56EDE06B1821A561,0,50,0,0,0,0,0,0,0,0x3183BD76E4F93D3D,0x4852629941E7E17D,1,1,0,0x4A0BF97CCE717B21,0,0,0,0,0,0,0,0,0,0
0x21B62E7A039A069F,0,50,0,0,0,0,3,0,0,0x373FD5819588488B,0x757D2FA70A9FFDCB,1,1,0,0x4A0BF97CCE717B21,0,0,0,0,0,0,0,0,0,0
0xA4542D8005DBA09,0,50,0,0,0,0,0,0,0,0x38E163160277B085,0xD17E73668CE3AC5,1,1,0,0x4A0BF97CCE717B21,0,0,0,0,0,0,0,0,0,0
0x78D8C2B66953E498,0,50,0,0,0,0,0,0,0,0x6D5CB8DF079CA66C,0x7AF02CFB94F6B5AC,1,1,0,0x4A0BF97CCE717B21,0,0,0,0,0,0,0,0,0,0
0x1E33AA7FCF2D3FCE,0,0,0,0,0,0,0,0,0xE47D76F47466055,0x6F33A2FE8817FDFA,0,1,0,0,0,0,0,0,0,0,0,0,0,0,0
0x1E33AB7FCF2D4181,0,0,0,0,0,0,0,0,0xE47D66F47465EA2,0x6F33A3FE8817FFAD,0,1,0,0,0,0,0,0,0,0,0,0,0,0,0
0x1E33AC7FCF2D4334,0,0,0,0,0,0,0,0,0xE47D16F47465623,0x6F339CFE8817F3C8,0,1,0,0,0,0,0,0,0,0,0,0,0,0,0
0x1E33AD7FCF2D44E7,0,50,0,0,0,0,0,0,0xE47D06F47465470,0x6F339DFE8817F57B,0x2B795E9616981B3B,1,1,0,0x4A0BF97CCE717B21,0,0,0,0,0,0,0,0,0,0
0x1E33AE7FCF2D469A,0,0,0,0,0,0,0,0,0xE47D36F47465989,0x6F339EFE8817F72E,0,1,0,0,0,0,0,0,0,0,0,0,0,0,0
0x1E33AF7FCF2D484D,0,0,0,0,0,0,0,0,0xE47D26F474657D6,0x6F339FFE8817F8E1,0,1,0,0,0,0,0,0,0,0,0,0,0,0,0
0x1E33A07FCF2D2ED0,0,0,0,0,0,0,0,0,0xE47DD6F47466A87,0x6F3398FE8817ECFC,0,1,0,0,0,0,0,0,0,0,0,0,0,0,0
0x1E33A17FCF2D3083,0,0,0,0,0,0,0,0,0xE47DC6F474668D4,0x6F3399FE8817EEAF,0,1,0,0,0,0,0,0,0,0,0,0,0,0,0
0x7F072F2D09E0A311,0,100,0,0,0,0,0,0,0xA6905161C8CB564,0xCB8BA8140C1FE35,0x7764BC0864822375,1,1,0,0x4A0BF97CCE717B21,0,0,0,0,0,0,0,0,0,0
0x7F072E2D09E0A15E,0,0,0,0,0,0,0,0,0xA6906161C8CB717,0xCB8B98140C1FC82,0,1,0,0,0,0,0,0,0,0,0,0,0,0,0
0x7F072D2D09E09FAB,0,0,0,0,0,0,0,0,0xA6907161C8CB8CA,0xCB8B88140C1FACF,0,1,0,0,0,0,0,0,0,0,0,0,0,0,0
0x7F072C2D09E09DF8,0,0,0,0,0,0,0,0,0xA6908161C8CBA7D,0xCB8B78140C1F91C,0,1,0,0,0,0,0,0,0,0,0,0,0,0,0
0x7F07332D09E0A9DD,0,0,0,0,0,0,0,0,0xA6901161C8CAE98,0xCB8B68140C1F769,0,1,0,0,0,0,0,0,0,0,0,0,0,0,0
0x7F07322D09E0A82A,0,150,0,0,0,0,0,0,0xA6902161C8CB04B,0xCB8B58140C1F5B6,0x7764B70864821AF6,1,1,0,0x4A0BF97CCE717B21,0,0,0,0,0,0,0,0,0,0
0x7F07312D09E0A677,0,0,0,0,0,0,0,0,0xA6903161C8CB1FE,0xCB8B48140C1F403,0,1,0,0,0,0,0,0,0,0,0,0,0,0,0
0x7F07302D09E0A4C4,0,0,0,0,0,0,0,0,0xA6904161C8CB3B1,0xCB8B38140C1F250,0,1,0,0,0,0,0,0,0,0,0,0,0,0,0
0x7F07272D09E09579,0,0,0,0,0,0,0,0,0xA68FD161C8CA7CC,0xCB8C28140C20BCD,0,1,0,0,0,0,0,0,0,0,0,0,0,0,0
0x7F07262D09E093C6,0,0,0,0,0,0,0,0,0xA68FE161C8CA97F,0xCB8C18140C20A1A,0,1,0,0,0,0,0,0,0,0,0,0,0,0,0
0x7F0AB52D09E3BC9A,0,200,0,0,0,0,0,0,0xA7377161C95CB9F,0xCBBC08140C43E3E,0x7767C2086484637E,1,1,0,0x4A0BF97CCE717B21,0,0,0,0,0,0,0,0,0,0
0x7F0AB62D09E3BE4D,0,0,0,0,0,0,0,0,0xA7376161C95C9EC,0xCBBC18140C43FF1,0,1,0,0,0,0,0,0,0,0,0,0,0,0,0
0x7F0AB32D09E3B934,0,0,0,0,0,0,0,0,0xA7379161C95CF05,0xCBBBE8140C43AD8,0,1,0,0,0,0,0,0,0,0,0,0,0,0,0
0x7F0AB42D09E3BAE7,0,0,0,0,0,0,0,0,0xA7378161C95CD52,0xCBBBF8140C43C8B,0,1,0,0,0,0,0,0,0,0,0,0,0,0,0
0x7F0AB12D09E3B5CE,0,0,0,0,0,0,0,0,0xA7373161C95C4D3,0xCBBC48140C4450A,0,1,0,0,0,0,0,0,0,0,0,0,0,0,0
0x7F0AB22D09E3B781,0,250,0,0,0,0,0,0,0xA7372161C95C320,0xCBBC58140C446BD,0x7767C70864846BFD,1,1,0,0x4A0BF97CCE717B21,0,0,0,0,0,0,0,0,0,0
0x7F0AAF2D09E3B268,0,0,0,0,0,0,0,0,0xA7375161C95C839,0xCBBC28140C441A4,0,1,0,0,0,0,0,0,0,0,0,0,0,0,0
0x7F0AB02D09E3B41B,0,0,0,0,0,0,0,0,0xA7374161C95C686,0xCBBC38140C44357,0,1,0,0,0,0,0,0,0,0,0,0,0,0,0
0x7F0AAD2D09E3AF02,0,0,0,0,0,0,0,0,0xA737F161C95D937,0xCBBB88140C430A6,0,1,0,0,0,0,0,0,0,0,0,0,0,0,0
0x7F0AAE2D09E3B0B5,0,0,0,0,0,0,0,0,0xA737E161C95D784,0xCBBB98140C43259,0,1,0,0,0,0,0,0,0,0,0,0,0,0,0
0x7F0E1B2D09E69FC3,0,500,0,0,0,0,0,0,0xA6FF1161C92B216,0xCBF468140C757C7,0x776B480864877D07,1,1,0,0x4A0BF97CCE717B21,0,0,0,0,0,0,0,0,0,0
0x2F197F7014AD6669,0,100,0,0,0,0,0,0,0x662DB24F78129FE4,0x322AA9B44B1076C5,0x58A61050E241E705,1,1,0,0x4A0BF97CCE717B21,0,0,0,0,0,0,0,0,0,0
0x780DE86CE732E68B,0,50,0,0,0,0,3,0,0,0x636E4BD7C211F23F,0x194459CDD86160FF,1,1,0,0x4A0BF97CCE717B21,0,0,0,0,0,0,0,0,0,0
0x780DE76CE732E4D8,0,75,0,0,0,0,3,0,0,0x636E4AD7C211F08C,0x194458CDD8615F4C,1,1,0,0x4A0BF97CCE717B21,0,0,0,0,0,0,0,0,0,0
0x780DEE6CE732F0BD,0,150,0,0,0,0,3,0,0,0x636E49D7C211EED9,0x194457CDD8615D99,1,1,0,0x4A0BF97CCE717B21,0,0,0,0,0,0,0,0,0,0
0x780DED6CE732EF0A,0,200,0,0,0,0,3,0,0,0x636E48D7C211ED26,0x194456CDD8615BE6,1,1,0,0x4A0BF97CCE717B21,0,0,0,0,0,0,0,0,0,0
0x780DEC6CE732ED57,0,250,0,0,0,0,3,0,0,0x636E47D7C211EB73,0x194455CDD8615A33,1,1,0,0x4A0BF97CCE717B21,0,0,0,0,0,0,0,0,0,0
0x780DEB6CE732EBA4,0,500,0,0,0,0,3,0,0,0x636E46D7C211E9C0,0x194454CDD8615880,1,1,0,0x4A0BF97CCE717B21,0,0,0,0,0,0,0,0,0,0
0x5276C86CB9B56332,0,100,0,0,0,0,3,0,0,0x469482AB3CBCB986,0x2246E17FEB5E5646,1,1,0,0x4A0BF97CCE717B21,0,0,0,0,0,0,0,0,0,0
0x10D9B147D1B464FD,0,0,0,0,0,0,0,0,0,0,0,0,0,0,0,0,0,0,0,0,0,0,0,0,0
0x7405A475B731576D,0,0,0,0,0,0,0,0,0,0,0,0,0,0,0,0,0,0,0,0,0,0,0,0,0
0x8E219EE0E81A0AF,0,0,0,0,0,0,0,0,0,0,0,0,0,0,0,0,0,0,0,0,0,0,0,0,0
0x1904F9AD2174B9BE,0,25,50,0,0,0,0,0,0x73802C015323E131,0,0,0,1,0,0,0,0,0,0,0,0,0,0,0,0
0xE3D784E50465FD3,0,25,100,0,0,0,0,0,0x6EAAA136E47F8608,0,0,0,1,0,0,0,0,0,0,0,0,0,0,0,0
0xE3D774E50465E20,0,25,150,0,0,0,0,0,0x6EAAA236E47F87BB,0,0,0,1,0,0,0,0,0,0,0,0,0,0,0,0
0xE3D7E4E50466A05,0,50,200,0,0,0,0,0,0x6EAAA736E47F903A,0,0,0,1,0,0,0,0,0,0,0,0,0,0,0,0
0xE3D7D4E50466852,0,50,250,0,0,0,0,0,0x6EAAA836E47F91ED,0,0,0,1,0,0,0,0,0,0,0,0,0,0,0,0
0xE3D7C4E5046669F,0,50,300,0,0,0,0,0,0x6EAAA536E47F8CD4,0,0,0,1,0,0,0,0,0,0,0,0,0,0,0,0
0xE3D7B4E504664EC,0,50,350,0,0,0,0,0,0x6EAAA636E47F8E87,0,0,0,1,0,0,0,0,0,0,0,0,0,0,0,0
0xE3D824E504670D1,0,50,400,0,0,0,0,0,0x6EAA9B36E47F7BD6,0,0,0,1,0,0,0,0,0,0,0,0,0,0,0,0
0xE3D814E50466F1E,0,100,450,0,0,0,0,0,0x6EAA9C36E47F7D89,0,0,0,1,0,0,0,0,0,0,0,0,0,0,0,0
0x78D6D61267980842,0,100,500,0,0,0,0,0,0xB801A4644B94DE3,0,0,0,1,0,0,0,0,0,0,0,0,0,0,0,0
0x78D6D712679809F5,0,100,550,0,0,0,0,0,0xB80194644B94C30,0,0,0,1,0,0,0,0,0,0,0,0,0,0,0,0
0x78D6D412679804DC,0,100,600,0,0,0,0,0,0xB801C4644B95149,0,0,0,1,0,0,0,0,0,0,0,0,0,0,0,0
0x78D6D5126798068F,0,100,650,0,0,0,0,0,0xB801B4644B94F96,0,0,0,1,0,0,0,0,0,0,0,0,0,0,0,0
0x78D6D21267980176,0,125,700,0,0,0,0,0,0xB801E4644B954AF,0,0,0,1,0,0,0,0,0,0,0,0,0,0,0,0
0x78D6D31267980329,0,125,750,0,0,0,0,0,0xB801D4644B952FC,0,0,0,1,0,0,0,0,0,0,0,0,0,0,0,0
0x78D6D0126797FE10,0,125,800,0,0,0,0,0,0xB80204644B95815,0,0,0,1,0,0,0,0,0,0,0,0,0,0,0,0
0x78D6D1126797FFC3,0,125,850,0,0,0,0,0,0xB801F4644B95662,0,0,0,1,0,0,0,0,0,0,0,0,0,0,0,0
0x78D6DE12679815DA,0,150,900,0,0,0,0,0,0xB80224644B95B7B,0,0,0,1,0,0,0,0,0,0,0,0,0,0,0,0
0x78D6DF126798178D,0,150,950,0,0,0,0,0,0xB80214644B959C8,0,0,0,1,0,0,0,0,0,0,0,0,0,0,0,0
0x78D350126794EEB9,0,100,1000,0,0,0,0,0,0xB76284644B11128,0,0,0,1,0,0,0,0,0,0,0,0,0,0,0,0
0x51F891DE58EE2281,0,25,100,0,0,0,0,0,0x37B7D73E21C69596,0,0,0,1,0,0,0,0,0,0,0,0,0,0,0,0
0x78F6E45D08ABE0DB,0,25,50,0,0,0,0,0,0x6999119DA9E51C74,0,0,0,1,0,0,0,0,0,0,0,0,0,0,0,0
0x250EB876852D8525,0,15,25,0,0,0,0,0,0x7B60F3DE5F20F730,0,0,0,1,0,0,0,0,0,0,0,0,0,0,0,0
0x17A6FF6CEEED9BDC,0,0,20,0,0,0,0,0,0x3D7347500C6EB42B,0,0,0,0,0,0,0,0,0,0,0,0,0,0,0,0
0x3A4044777BF1A070,0,0,0,0,0,0,0,0,0,0,0,0,0,0,0,0,0,0,0,0,0,0,0,0,0
0x19163019019A1709,0,50,0,0,0,0,0,0,0,0x7593E7F0EEF9855,0x201CFF6E86B77395,1,1,0,0x4A0BF97CCE717B21,0,0,0,0,0,0,0,0,0,0
0x4909C0D3CC10545,0,50,0,0,0,0,0,0,0,0xCAA3DF31FB4D23C,0x31AE3BEC04E3AEFC,1,1,0,0x4A0BF97CCE717B21,0,0,0,0,0,0,0,0,0,0
0x7B589B3C0BD1A913,0,10,15,0,0,0,0,0,0x619E3D27FD0C8F96,0,0,0,1,0,0,0,0,0,0,0,0,0,0,0,0
0x55C0E2F8F8F4F342,0,15,25,0,0,0,0,0,0x143E939772095DD0,0,0,0,1,0,0,0,0,0,0,0,0,0,0,0,0
0xD68266070C54AA7,0,50,0,0,0,0,0,0,0,0x2A9F7FFA87FFD8E,0x6151E1D2699BB04E,1,1,0,0x4A0BF97CCE717B21,0,0,0,0,0,0,0,0,0,0
0x2719E22561441ED5,0,15,25,0,0,0,0,0,0x6327E920FE786A6B,0,0,0,1,1,0,0,0,0,0,0,0,0,0,0,0
0x603C04E7D92F4583,0,10,15,0,0,0,0,0,0x21A815BD0C52C964,0x367DB24A58B3809F,0,1,1,1,0,0,0,0,0,0,0,0,0,0,0
0x374FAF9B296382E8,0,10,15,0,0,0,0,0,0x3E34F0D7BA3FF27D,0,0,0,1,0,0,0,0,0,0,0,0,0,0,0,0
0x24B1201B633590C4,0,15,25,0,0,0,0,0,0x1A3A5DB41D4962BB,0x24F4B0625C70F270,0,1,1,0,0,0,0,0,0,0,0,0,0,0,0
0x6CEA6BA1DE6CFF7B,0,50,0,0,0,0,0,0,0,0x79B3D91844B4917,0x480969D40047E2D7,1,1,0,0x4A0BF97CCE717B21,0,0,0,0,0,0,0,0,0,0
0x392D85B53BB8733E,0,50,0,0,0,0,0,0,0,0x7366C130D2571C21,0x60C8444D1A6A69E1,1,1,0,0x4A0BF97CCE717B21,0,0,0,0,0,0,0,0,0,0
0x7385FA1460635382,0,250,0,0,0,0,0,0,0,0xE86A282E6A2C2A6,0x41B4438ACD1CB6E6,1,1,0,0x4A0BF97CCE717B21,0,0,0,0,0,0,0,0,0,0
0x444270ECEF7CA44,0,100,0,0,0,0,0,0,0,0x3DF6E30CBF932E68,0x227B0CD859EB6EA8,1,1,0,0x4A0BF97CCE717B21,0,0,0,0,0,0,0,0,0,0
0x7C62CCD07521550F,0,50,0,0,0,0,0,0,0,0x3558ACF65967238D,0x4E9E8BE4AEDCF24D,1,1,0,0x4A0BF97CCE717B21,0,0,0,0,0,0,0,0,0,0
0x4EDB96D5817ACC7B,0,0,0,0,0,0,0,0,0,0,0,0,0,0,0,0,0,0,0,0,0,0,0,0,0
0xF114EAF6EE78991,0,15,25,0,0,0,0,0,0x128DC5B2CEE046D6,0,0,0,1,0,0,0,0,0,0,0,0,0,0,0,0
0x3AA2064CC5FCABCE,0,50,0,0,0,0,0,0,0,0x58206F6CB3D7FD92,0x29AC833CB9779A52,1,1,0,0x4A0BF97CCE717B21,0,0,0,0,0,0,0,0,0,0
0x5FF350598F207472,0,15,25,0,0,0,0,0,0x698F962D33240831,0,0,0,1,1,0,0,0,0,0,0,0,0,0,0,0
0x457DC5B25B0AD509,0,50,0,0,0,0,0,0,0,0x20555C0E913428AD,0x4E5DE5BA9B4EC96D,1,1,0,0x4A0BF97CCE717B21,0,0,0,0,0,0,0,0,0,0
0x6ADFE69A27BBB2D5,0,50,0,0,0,0,0,0,0,0x2F5A58F5816A88A9,0xAE938307FEC15E9,1,1,0,0x4A0BF97CCE717B21,0,0,0,0,0,0,0,0,0,0
0x7BA34113252D0FB,0,15,25,0,0,0,0,0,0x32C6FAF09494F328,0x56072D4F6AAF655F,0,1,1,1,0,0,0,0,0,0,0,0,0,0,0
0x67099D575BE16721,0,0,0,0,0,0,0,0,0,0x447F69A3666203A5,0,1,0,0,0x4A0BF97CCE717B21,0,0,0,0,0,0,0,0,0,0
0x2FFA19A7DFEF2EA0,0,15,25,0,0,0,0,0,0x221BDEDB31CF26FF,0x22B3691C8306FB2C,0,1,1,0,0,0,0,0,0,0,0,0,0,0,0
0x1782D884DF525A0E,0,50,0,0,0,0,0,0,0,0x2B1731575362632A,0xE30019A6AA0B36A,1,1,0,0x4A0BF97CCE717B21,0,0,0,0,0,0,0,0,0,0
0x5950EC5208DFE10A,0,50,0,0,0,0,0,0,0,0x64CED1C22131123E,0x78B7D625944FF3FE,1,1,0,0x4A0BF97CCE717B21,0,0,0,0,0,0,0,0,0,0
0x3D0D53AFF3C68C68,0,15,25,0,0,0,0,0,0x12EFECE39AD28E2D,0xD7804D44D226D44,0,1,1,0,0,0,0,0,0,0,0,0,0,0,0
0x7D4D96C3254A72E9,0,0,0,0,0,0,0,0,0,0x6C5ABCC42D7E277D,0x583EB9B0AC0E713D,1,1,0,0x4A0BF97CCE717B21,0,0,0,0,0,0,0,0,0,0
0x4949476863E32896,0,15,25,0,0,0,0,0,0xDB54CFC83A9DE0B,0,0,0,1,0,0,0,0,0,0,0,0,0,0,0,0
0x52EE14906AC8E713,0,50,0,0,0,0,0,0,0,0x3FD3D25FFB7203BF,0xB16F3B3C032617F,1,1,0,0x4A0BF97CCE717B21,0,0,0,0,0,0,0,0,0,0
0x3F731AC2A7DA28FE,0,50,0,0,0,0,0,0,0,0x3427F2D4181D570,0x1178EDCE0FEE2D09,1,1,0,0x4A0BF97CCE717B21,0,0,0,0,0,0,0,0,0,0
0x21472DDE8E287011,0,15,25,0,0,0,0,0,0x4EC73F7297EFE2E3,0x221B1C87341414E5,0,1,1,1,0,0,0,0,0,0,0,0,0,0,0
0x7B62CCBE655DC08A,0,15,25,0,0,0,0,0,0x4EC73F7297EFE2E3,0,0,0,1,0,0,0,0,0,0,0,0,0,0,0,0
0x131B23D720FC82C3,0,0,0,0,0,0,0,0,0x466D6254312953B8,0x5FF49C0EF8E6E9D7,0,1,1,0,0,0,0,0,0,0,0,0,0,0,0
0x777F2DAA9B7C7BC2,0,15,25,0,0,0,0,0,0x50D5E6352F8C9347,0,0,0,1,1,0,0,0,0,0,0,0,0,0,0,0
0x3F995DB1490A1721,0,15,25,0,0,0,0,0,0x76E9927F12962584,0,0,0,1,0,0,0,0,0,0,0,0,0,0,0,0
0xD3EEBE3A5DDC62E,0,15,25,0,0,0,0,0,0x31EC91A349DFD9D1,0,0,0,1,0,0,0,0,0,0,0,0,0,0,0,0
0x6E9E8269327648BE,0,50,0,0,0,0,0,0,0,0x1DD6EF050456461A,0x620EAB5169C867DA,1,1,0,0x4A0BF97CCE717B21,0,0,0,0,0,0,0,0,0,0
0x223A81A15609FE14,0,0,0,0,0,0,0,0,0,0,0,0,0,0,0,0,0,0,0,0,0,0,0,0,0
0x1904BF8AD2331D2D,0,50,0,0,0,0,0,0,0,0x282B3BA00AAF35A1,0x2EA8644A8C6AC661,1,1,0,0x4A0BF97CCE717B21,0,0,0,0,0,0,0,0,0,0
0x71CC9343D7C9F929,0,50,50,0,0,0,0,0,0x27C6730C21C49FF0,0x15427AF2783E4A2D,0x3899CACAB7E6766D,1,1,0,0x4A0BF97CCE717B21,0,0,0,0,0,0,0,0,0,0
0x18522E88AD05A3B2,0,15,25,0,0,0,0,0,0x4229ED956B788497,0,0,0,1,1,0,0,0,0,0,0,0,0,0,0,0
0x573FDF319BB7B7D1,0,10,15,0,0,0,0,0,0x1B37743D36B392D4,0,0,0,1,0,0,0,0,0,0,0,0,0,0,0,0
0x293351F0AB09E08E,0,50,0,0,0,0,0,0,0,0x6897CFDDAEDBE28A,0x12E20B37786B44A,1,1,0,0x4A0BF97CCE717B21,0,0,0,0,0,0,0,0,0,0
0x4F92A03562F3C8A8,0,15,25,0,0,0,0,0,0x7101ECA824DC40ED,0,0,0,1,0,0,0,0,0,0,0,0,0,0,0,0
0x71AA47B0CA3ECB46,0,50,0,0,0,0,0,0,0,0x1CB57FE399B5519A,0x61C508E37607435A,1,1,0,0,0,0,0,0,0,0,0,0,0,0
0x69DBFBD660F8C53E,0,10,15,0,0,0,0,0,0x10FBFAA2C954A9B1,0,0,0,1,0,0,0,0,0,0,0,0,0,0,0,0
0x521AFAD6E46CC26C,0,15,25,0,0,0,0,0,0x24DA2389569C2729,0,0,0,1,0,0,0,0,0,0,0,0,0,0,0,0
0x54E0385ADC2F806E,0,0,0,0,0,0,0,0,0,0,0,0,1,0,0,0,0,0,0,0,0,0,0,0,0
0x37F14AE291C32C04,0,50,0,0,0,0,0,0,0,0x2FAF858929671640,0x7CF33F962EEF3780,1,1,0,0x4A0BF97CCE717B21,0,0,0,0,0,0,0,0,0,0
0x3FACBC9D2CA8F93,0,50,0,0x6BB8D088AA5D2DF5,0,0,0,0,0,0x305BD298951FD742,0x3FDD5673D1BE3702,1,1,0,0x2272ACD0CD147683,0,0,0,0,0,0,0,0,0,0
0x63D3E067B2237E3F,0,50,50,0x6CEF4328AFE74D0C,0,0,0,0,0x6F8C098DF7666F6C,0x298AD137751A9031,0x78A6EC9B39623071,1,1,0,0x2272ACD0CD147683,0,0,0,0,0,0,0,0,0,0
0x648D14C32472AD16,0,50,50,0x504F0E1B53C5F13E,0,0,0,0,0x1AE6942FC2B0F77C,0x77CBE92FD6E0E612,0x7CC2FE2C7018A752,1,1,0,0x2272ACD0CD147683,0,0,0,0,0,0,0,0,0,0
0x3F0D04594603B5D1,0,50,50,0x575116BECCFAD85,0,0,0,0,0x39B83FF23D252F69,0x34B511B8C17FC2F5,0x421090E22DD78B35,1,1,0,0x2272ACD0CD147683,0,0,0,0,0,0,0,0,0,0
0x4BDBC016764205F3,0,50,0,0x18D1B94B35C3B851,0,0,0,0,0,0xAE91A087C51E5E7,0x5EC38CD18B903FA7,1,1,0,0x2272ACD0CD147683,0,0,0,0,0,0,0,0,0,0
0x46ADB680B28575EF,0,50,50,0x2F648E335983677A,0,0,0,0,0xD2488ABF3947D72,0x468600D9DCA57133,0x5A95F94C5CD18873,1,1,0,0x2272ACD0CD147683,0,0,0,0,0,0,0,0,0,0
0x729BC010900DE6E1,0,15,25,0xCBC17271053FC9D,0,0,0,0,0x485B034012EFD9A,0,0,0,1,1,0,0,0,0,0,0,0,0,0,0,0
0x313B3158836E5466,0,50,0,0xCBC17271053FC9D,0,0,0,0,0,0x4E5CF49838F58E32,0x450882ACCDE81172,1,1,0,0x2272ACD0CD147683,0,0,0,0,0,0,0,0,0,0
0x4D1CCCE1981D86,0,10,10,0xCBC17271053FC9D,0,0,0,0,0x76A52AA1E43635A9,0x6E42517661114FA,0,0,1,0,0,0,0,0,0,0,0,25,0,0,0
0x4369D90BBAD87AC0,0,50,50,0x4E75B037F2BC92FF,0,0,0,0,0x58D156008586605B,0x4EF69EA7D9CD6B94,0x275E88EA6B462DD4,1,1,0,0x2272ACD0CD147683,0,0,0,0,0,0,0,0,0,0
0x367EBB1FEB361823,0,50,0,0x165BCC9977521521,0,0,0,0,0,0x656ED135421AED97,0x1CC64CDF22D0057,1,1,0,0x2272ACD0CD147683,0,0,0,0,0,0,0,0,0,0
0x1F3D76F69B4C82F9,0,50,50,0x1FA15DFEA0D0FB5C,0,0,0,0,0x6B1C2E52CB53651B,0x36A8AFA6FE3E8C35,0x1F5D16E8EE229C75,1,1,0,0x2272ACD0CD147683,0,0,0,0,0,0,0,0,0,0
0x6448A6E05BFFDA5E,0,50,25,0x656BF1456327AAF6,0,0,0,0,0x28B1F3A08ACCC1A7,0x6DEA6E2C0AE9DFD2,0x21C3C9224DA2BB12,1,1,0,0x2272ACD0CD147683,0,0,0,0,0,0,0,0,0,0
0x3CAFE99B003892C2,0,50,50,0x1B2BDD347DCFC0DC,0,0,0,0,0x3234D22DACCF5C0D,0x2A6DBAA528B5F3E,0x1CB50EDE1838A77E,1,1,0,0x2272ACD0CD147683,0,0,0,0,0,0,0,0,0,0
0x51020E433C666F51,0,0,0,0x60C23248E5923F35,0,0,0,0,0,0,0,0,0,0,0,0,0,0,0,0,0,0,0,0,0
0x5432FD0F11D1C9C4,0,50,0,0x60C23248E5923F35,0,0,0,0,0,0x34A7D453BD85E800,0x2A68EC8FC46B6740,1,1,0,0x2272ACD0CD147683,0,0,0,0,0,0,0,0,0,0
0x2CE40FAA6347146B,0,50,50,0x2CC8F18ACE5F4BAE,0,0,0,0,0x6ECBB31EB12055A6,0x3344FD5FA9768C47,0x3AE4D0EC6A5DC187,1,1,0,0x2272ACD0CD147683,0,0,0,0,0,0,0,0,0,0
0xFF76C49677A40,0,50,50,0x2CC8F18ACE5F4BAE,0,0,0,0,0x3CA3F7BD3A2B60CF,0x3D8AB0CAD09D7EC,0x45809101DB2EC02C,1,1,0,0x2272ACD0CD147683,0,0,0,0,0,0,0,0,0,0
0x48B808540B7435F2,0,250,50,0x2CC8F18ACE5F4BAE,0,0,0,0,0x4FF37785B9254391,0x3A36B2C5757E928E,0x39F03B27B69353CE,1,1,0,0x2272ACD0CD147683,0,0,0,0,0,0,0,0,0,0
0x30FBE29E8C1237DA,0,50,50,0x2CC8F18ACE5F4BAE,0,0,0,0,0xF2B96CDD4DD6835,0,0,0,1,0,0,0,0,0,0,0,0,0,0,0,0
0x2B198EBA7B9C3EF8,0,50,50,0x438FAFE881CDD097,0,0,0,0,0xA628D943EF1B463,0x3197470CC31930A4,0x14A60B739CE07FE4,1,1,0,0x2272ACD0CD147683,0,0,0,0,0,0,0,0,0,0
0x30C81CBF83C820C2,0,50,0,0x6837931CE185238C,0,0,0,0,0,0x12E6927A1F181C0D,0x1809672DB7F761CD,1,1,0,0x2272ACD0CD147683,0,0,0,0,0,0,0,0,0,0
0x194E413B8AC02793,0,50,50,0x4AECBA96D1EBAB65,0,0,0,0,0x1D2C146D1B484316,0x521C03035F73600F,0x18AADE9F5A47D94F,1,1,0,0x2272ACD0CD147683,0,0,0,0,0,0,0,0,0,0
0x181627DBC360AA8E,0,50,0,0x25B9FB682A777869,0,0,0,0,0,0x5E7D4FBF52E478D2,0x409BA255A3133392,1,1,0,0x2272ACD0CD147683,0,0,0,0,0,0,0,0,0,0
0x7871C2B76C6AE5D1,0,10,15,0x25B9FB682A777869,0,0,0,0,0x345C3A507C613D44,0,0,0,1,0,0,0,0,0,0,0,0,0,0,0,0
0x5EBD6901861F6ACC,0,50,0,0x5CEAF52285031501,0,0,0,0,0,0x72717FDF9B734C8,0x2279036F8F16DDAC,1,1,0,0x2272ACD0CD147683,0,0,0,0,0,0,0,0,0,0
0x2BCA2BDBBD783D4E,0,10,10,0x165BCC9977521521,0,0,0,0,0x75A1AC1CEFC39825,0,0,0,1,0,0,0,0,0,0,0,0,0,0,0,0
0x2CCEE6E5E34AD0B9,0,15,25,0x165BCC9977521521,0,0,0,0,0x28D8D1A4391395BE,0,0,0,1,1,0,0,0,0,0,0,0,0,0,0,0
0x2C6F50F863FE41B0,0,15,25,0x4C8193193DF425AF,0,0,0,0,0x6A8687B3A4698FD7,0,0,0,1,1,0,0,0,0,0,0,0,0,0,0,0
0x6EC7DAE4FB647920,0,50,0,0x4C8193193DF425AF,0,0,0,0,0,0x788BAC17841D0CAC,0x1873ADDA788C626C,1,1,0,0x2272ACD0CD147683,0,0,0,0,0,0,0,0,0,0
0x7F7F5A68C1A948B7,0,10,10,0x4C8193193DF425AF,0,0,0,0,0x61FC36F6DACE7814,0,0,0,1,0,0,0,0,0,0,0,0,0,0,0,0
0x259376D640142AF8,0,50,0,0x46B51D90EC5C7A06,0,0,0,0,0,0x3BD234A71D5F33B3,0x6DA5F44C4D328B73,1,1,0,0x2272ACD0CD147683,0,0,0,0,0,0,0,0,0,0
0x6E63C45AC3144468,0,50,50,0x48FC340B10EC6667,0,0,0,0,0x67E34E8D8DDCD2B,0x34366EE735842564,0x5C7D1E61EA5A8DA4,1,1,0,0x2272ACD0CD147683,0,0,0,0,0,0,0,0,0,0
0x684F9CF980EE0653,0,50,100,0,0,0,0,0,0x20DB9D30F95AD37C,0x7DA41BB2962D46E7,0x744A03231CD00927,1,1,0,0x625ABA2BF94A7D7B,0,0,0,0,0,0,0,0,0,0
0x5C53A6EBF76BE234,0,100,200,0,0,0,0,0,0x6D99EA20B9CB0556,0x72C25BB182147394,0x5702E0C31A4321D4,1,1,1,0x625ABA2BF94A7D7B,0,0,0,0,0,0,500,0,0,0
0x4768B9F8671445B3,0,50,150,0,0,0,0,0,0x2F7961351F7F7C,0x1305BBB91D26C56D,0x5DE1A83CB8C5EFAD,1,1,1,0x625ABA2BF94A7D7B,0,0,0,0,0,0,200,0,0,0
0x77FE19D2F72BA022,0,100,150,0,0,0,0,0,0x2BADA5F93505DFE4,0x901841759CE4A0A,0x784AAB23869B774A,1,1,1,0x625ABA2BF94A7D7B,0,0,0,0,0,0,0,0,0,0
0x89871BF166AC6CF,0,100,100,0,0,0,0,0,0x44FFCD0AD714DC9D,0x6F19C90A197485E3,0x70F1BA532B3F0623,1,1,1,0x625ABA2BF94A7D7B,0,0,0,0,0,0,200,0,0,0
0x47C2A64B85E116E5,0,250,400,0,0,0,0,0,0x5D7AB1CAA1B4BD42,0x27C97544B895BBC2,0x271CE30F874AEC02,1,1,1,0x625ABA2BF94A7D7B,0,0,0,0,0,0,0,0,0,0
0x5CE9C3E1B103156B,0,50,200,0,0,0,0,0,0x6D99EA20B9CB0556,0x14B128576D0F9B17,0x5702E0C31A4321D4,1,1,0,0x625ABA2BF94A7D7B,0,0,0,0,0,0,0,0,0,0
0x7B5132F56F758D9,0,50,100,0,0,0,0,0,0x7AE3708B5F562442,0,0,0,1,0,0,0,0,0,0,0,0,0,0,0,0
0x34FD41E596E146BE,0,150,300,0,0,0,0,0,0x6B34B9B89291E8E1,0x1DA85BDAD459D5DA,0x4CBC8D769C98681A,1,1,1,0x625ABA2BF94A7D7B,0,0,0,0,0,0,0,0,0,0
0x4A6CA056723AF674,0,100,300,0,0,0,0,0,0x890BC2E8E91BD1F,0x6E5BFC968B257DC0,0x45D2D64C43A08B00,1,1,1,0x625ABA2BF94A7D7B,0,0,0,0,0,0,0,0,0,0
0x7273D7AC83E45B05,0,50,300,0,0,0,0,0,0x437DE2C207F9099E,0x1495FBFDFFA645F1,0x5D7502E6D963A031,1,1,0,0x625ABA2BF94A7D7B,0,0,0,0,0,0,0,0,0,0
0x6156458F54E364B1,0,150,350,0,0,0,0,0,0x1A22CE7469247FD0,0x2EA1E3BAE9652E55,0x6A2CE52D7AB55A95,1,1,1,0x625ABA2BF94A7D7B,0,0,0,0,0,0,0,0,0,0
0x52373301253712BB,0,100,250,0,0,0,0,0,0x5F7D9F3DF715E9B6,0x2AE5241330ED389F,0x1CAE92DDBB9121DF,1,1,0,0x625ABA2BF94A7D7B,0,0,0,0,0,0,0,0,0,0
0x2DBCE23DAEBE51F8,0,50,200,0,0,0,0,0,0x59682FDBE8CCF5A9,0x2B5A257007919AAD,0x49925188C43B0DED,1,1,0,0x625ABA2BF94A7D7B,0,0,0,0,0,0,200,0,0,0
0x4BA6372C564EF906,0,25,100,0,0,0,0,0,0xCFB2D6373C2DA6F,0x4BC21297932935D2,0x2F95AF71D93AE212,1,1,0,0x625ABA2BF94A7D7B,0,0,0,0,0,0,0,0,0,0
0x551D67CA10327522,0,50,100,0,0,0,0,0,0x36F3A6A722A06A11,0x5604B2CC01137E0E,0x58E069841770004E,1,1,0,0x625ABA2BF94A7D7B,0,0,0,0,0,0,0,0,0,0
0x32C34D27BE56BBE4,0,50,100,0,0,0,0,0,0x5E7887B24D371AF1,0x5914D8D0511E51F0,0x1654E19514D6B330,1,1,0,0x625ABA2BF94A7D7B,0,0,0,0,0,0,0,0,0,0
0x56A83C744CB4369F,0,50,50,0,0,0,0,0,0x4486DBB656EE335D,0x244CF092CBC2372B,0x685ACC3E1B4CA46B,1,1,0,0x625ABA2BF94A7D7B,0,0,0,0,0,0,200,0,0,0
0x6342F42867030970,0,50,100,0,0,0,0,0,0xF5FCD8F23B955F5,0x2DC939B777AD7DD4,0x1F6D24B64F6D5914,1,1,0,0x625ABA2BF94A7D7B,0,0,0,0,0,0,0,0,0,0
0x37F2395E2A7B73E,0,100,100,0,0,0,0,0,0x2DD3E5A260EF3726,0x43B560004858388A,0x784E6A6A5AB216CA,1,1,1,0x625ABA2BF94A7D7B,0,0,0,0,0,0,200,0,0,0
0x6639AAB2C7AC342,0,150,200,0,0,0,0,0,0x3B8D60112AF6A672,0x756A995B833F6E92,0x6E11D6DA911854D2,1,1,1,0x625ABA2BF94A7D7B,0,0,0,0,0,0,0,0,0,0
0x4B60CFBD176B472,0,50,100,0,0,0,0,0,0x3B99802C7DE37E05,0x504CC8E507ED6E56,0x7AE7C1EDE5969D96,1,1,0,0x625ABA2BF94A7D7B,0,0,0,0,0,0,0,0,0,0
0x7E4BEA54BCE26C89,0,50,25,0,0,0,0,0,0x70C70DCA73F7277C,0,0,1,1,0,0,0,0,0,0,0,0,0,0,0,0
0x4EE2C981810E9EA9,0,50,50,0,0,0,0,0,0x4112D0E1E8559224,0x29C1C8DBF69364A7,0,1,1,0,0,0,0,0,0,0,0,50,0,0,0
0x166378B692F3300D,0,50,50,0,0,0,0,0,0x11BCEDDC8C6DA0C0,0,0,0,1,0,0,0,0,0,0,0,0,0,0,0,0
0x3CEA01227D2FFC49,0,50,50,0,0,0,0,0,0x27020E1AE8EC27D9,0x7CDDA8234031AD,0,0,1,0,0,0,0,0,0,0,0,0,0,0,0
0x6913B395F1030CD3,0,50,50,0,0,0,0,0,0x5B148FD95F79C336,0x1B4787484DE869E1,0,0,1,0,0,0,0,0,0,0,0,50,0,0,0
0x69A2A40ED6E84E00,0,50,100,0,0,0,0,0,0x3238530BF473D4ED,0x6523F5EE7894CA94,0,0,1,0,0,0,0,0,0,0,0,50,0,0,0
0x49D0E3AE9FCFC1FD,0,50,50,0,0,0,0,0,0x282E08761E754016,0x2BC9C4530B5E2623,0,0,1,0,0,0,0,0,0,0,0,50,0,0,0
0x20263A44BC86AB70,0,50,100,0,0,0,0,0,0x5ED05855B86A1FBD,0x53BE30DDABE56984,0,0,1,0,0,0,0,0,0,0,0,50,0,0,0
0x256E9487DD73CF32,0,50,100,0,0,0,0,0,0x59C1A5FDDEFCC0B5,0x7F46653ECE7C03BE,0,0,1,0,0,0,0,0,0,0,0,0,0,0,0
0x707B29867FBA333D,0,50,100,0,0,0,0,0,0x617265D2C4D8D9AC,0x26284792539FE505,0,0,1,0,0,0,0,0,0,0,0,50,0,0,0
0x218AD43EA7DE500D,0,150,250,0,0,0,0,0,0x7ED3E17FC659962,0x1955AFB91E917849,0,1,1,1,0,0,0,0,0,0,0,0,0,0,0
0x429AE888806770A4,0,150,0,0,0,0,0,0,0,0x24052CA7B1FCD538,0x254D70B6A6CFBE78,1,1,1,0x625ABA2BF94A7D7B,0,0,0,0,0,0,0,0,0,0
0x53C101618247BD46,0,100,0,0,0,0,0,0,0,0x45DED1EC7F7D3992,0x352EA920683119D2,1,1,1,0x625ABA2BF94A7D7B,0,0,0,0,0,0,0,0,0,0
0x5D581B2AF1EF6338,0,50,0,0,0,0,0,0,0,0x78D6B643FCD0F5C,0x1FDAE7373E14241C,1,1,0,0x714447AC692A7D40,0,0,0,0,0,0,0,0,0,0
0x1B19A264EDEF6AD0,0,50,0,0,0,0,0,0,0,0x1AFA499143E7C7EC,0x1255E2894DA89E2C,1,1,0,0x714447AC692A7D40,0,0,0,0,0,0,0,0,0,0
0x20665C3529B75F91,0,100,0,0,0,0,0,0,0,0x4FA309639DCF943D,0x471B5AADC7B2A87D,1,1,0,0x714447AC692A7D40,0,0,0,0,0,0,0,0,0,0
0x301CBC24AC8B5BBA,0,50,0,0,0,0,0,0,0,0xA031FBFD4C0EB9E,0x6C76B42CF985BBDE,1,1,0,0x714447AC692A7D40,0,0,0,0,0,0,0,0,0,0
0x339B0E87303DBD56,0,50,0,0,0,0,0,0,0,0x6276CBE33BC6C41A,0x5A8B29E27F22B75A,1,1,0,0x714447AC692A7D40,0,0,0,0,0,0,0,0,0,0
0x44C301A9AB6AE990,0,50,0,0,0,0,0,0,0,0x13EA35C63C00066C,0x5D2E2D48A5DBADAC,1,1,0,0x714447AC692A7D40,0,0,0,0,0,0,0,0,0,0
0x69D0EB697F788DD,0,15,25,0,0,0,0,0,0x7E5EA0847C0FE312,0x8F37FE0487AF0FA,0,1,1,0,0,0,0,0,0,0,0,0,0,0,0
0x7B39F0DB64931637,0,0,25,0,0,0,0,0,0x2073499505D9F014,0x573220FD62A2297C,0,1,1,1,0,0,0,0,0,0,0,0,0,0,0
0x494906CC7E7B8BC2,0,25,50,0,0,0,0,0,0x3515BF1ABB92C839,0,0,0,1,0,0,0,0,0,0,0,0,0,0,0,0
0x28F5087B6D10647,0,50,100,0,0,0,0,0,0x14097DF93BE54EA,0x5B86AD4530D06473,0x237AEFB29A84EB3,1,1,0,0x714447AC692A7D40,0,0,0,0,0,0,0,0,0,0
0x75A65EA8FDDA2CEB,0,50,0,0,0,0,0,0,0,0x6B4200DE3F61E5DF,0x43219927DD94BD1F,1,1,0,0x714447AC692A7D40,0,0,0,0,0,0,0,0,0,0
0xABBC936BF9059A6,0,15,25,0,0,0,0,0,0x34FA35BA1681B281,0,0,0,1,0,0,0,0,0,0,0,0,0,0,0,0
0x40D073EB367B9E75,0,150,200,0,0,0,0,1,0x5CB6DA36D9D4A4F4,0x7BDCCC0CCB7F8059,0x43F1CEA7447FA399,1,1,0,0x714447AC692A7D40,0,0,0,0,0,0,0,0,0,0
0x3993C195E8B824BA,0,50,50,0,0,0,0,1,0x4169CAAF649733EB,0,0,0,1,0,0,0,0,0,0,0,0,0,0,0,0
0x1761FB9050F4930E,0,50,200,0,0,0,0,1,0x547D7BF268C00204,0x707CB2FD2CBFEEC2,0x5B961E941772123A,1,1,0,0x714447AC692A7D40,0,0,0,0,0,0,0,0,0,0
0x7EDABE01ED05AFA3,0,15,25,0,0,0,0,0,0x759582C5DFC07FA6,0,0,0,1,0,0,0,0,0,0,0,0,0,0,0,0
0x624741BA71BBB56B,0,25,75,0,0,0,0,1,0x1BAFF43061C59BA8,0,0,0,1,0,0,0,0,0,0,0,0,0,0,0,0
0x72C5B3896C4A8809,0,50,0,0,0,0,0,0,0,0x491E3C4350835C5D,0x5B20EB44C137A99D,1,1,0,0x714447AC692A7D40,0,0,0,0,0,0,0,0,0,0
0x6F7C902A37996B34,0,10,15,0,0,0,0,1,0x50FFCBE73C969561,0,0,0,1,0,0,0,0,0,0,0,0,0,0,0,0
0x31C5E73863EE8289,0,10,15,0,0,0,0,1,0x50F2ECC28FDDCE9C,0,0,0,1,0,0,0,0,0,0,0,0,0,0,0,0
0x2836B943C50DF82,0,50,15,0,0,0,0,1,0x50F2ECC28FDDCE9C,0x5CE92754FA0052CE,0x47489D869A2B2C0E,1,1,0,0x714447AC692A7D40,0,0,0,0,0,0,0,0,0,0
0xDBE2D6F83282B1D,0,0,25,0,0,0,0,1,0x1F9567E657D2F7BC,0x1849B36069CD1FB9,0,1,1,0,0,0,0,0,0,0,0,0,0,0,0
0x1335AB8FAF81B248,0,50,0,0,0,0,0,0,0,0x5F22E97E15449E8C,0x2769F43531503FCC,1,1,0,0x714447AC692A7D40,0,0,0,0,0,0,0,0,0,0
0x58B63CF172D29D0,0,10,10,0,0,0,0,0,0x49DBA00C461183F9,0,0,0,1,0,0,0,0,0,0,0,0,0,0,0,0
0x79090B5A52D66EA4,0,150,100,0,0,0,0,1,0x3A10006612AD78EF,0,0,0,1,0,0,0,0,0,0,0,0,0,0,0,0
0x30ADEF2ABAE3DD26,0,150,100,0,0,0,0,1,0x6EB23F983D7EA069,0x3E16E03801A9372,0x11BD0AE757FE3AB2,1,1,0,0x714447AC692A7D40,0,0,0,0,0,0,0,0,0,0
0x239C7D41A5D92A6,0,150,0,0,0,0,0,0,0,0x544EF5AEC8F4740A,0x7C8E92BF44F6C84A,1,1,0,0x714447AC692A7D40,0,0,0,0,0,0,0,0,0,0
0x32AE0CE6F83423A2,0,150,100,0,0,0,0,1,0x76280C7908D93A15,0x6AA4F909961345AE,0x2F11C8F87CB82EE,1,1,0,0x714447AC692A7D40,0,0,0,0,0,0,0,0,0,0
0x79DCE88F0974051A,0,150,50,0,0,0,3,0,0x3182FE20B3BCA089,0,0,0,1,0,0,0,0,0,0,0,0,0,0,0,0
0x78D447EBF34F147D,0,150,0,0,0,0,0,0,0,0x2D8042B96D0F109,0x3D31AA811535DC49,1,1,0,0x714447AC692A7D40,0,0,0,0,0,0,0,0,0,0
0x262E6FE6640DB556,0,150,0,0,0,0,0,0,0,0x4554FCF61894D082,0x268DBF659ED447C2,1,1,0,0x714447AC692A7D40,0,0,0,0,0,0,0,0,0,0
0x4865ADBD99D59A08,0,100,150,0,0,0,0,0,0x1B9E35E0B8234AA7,0x313D36442505F30C,0xAF0595653C164C,1,1,0,0x714447AC692A7D40,0,0,0,0,0,0,0,0,0,0
0x4B450C958DFDE514,0,100,150,0,0,0,0,0,0x2E11C9BA590BF6FB,0x32D6E076EE5CCDF8,0,1,1,0,0,0,0,0,0,0,0,0,0,0,0
0x23A7B975B43B2594,0,100,150,0,0,0,0,0,0x162742162F6D4D11,0x275D8AC4EA32E7C8,0x5F4A91D50914D008,1,1,0,0x714447AC692A7D40,0,0,0,0,0,0,0,0,0,0
0xD188AC13CBD4780,0,100,100,0,0,0,0,0,0x38BCE129BD55385F,0x724D2E5770C9D1B4,0x327CEEB702A7F1F4,1,1,0,0x714447AC692A7D40,0,0,0,0,0,0,0,0,0,0
0x4C886461E6F6D07,0,100,100,0,0,0,0,1,0x2AE6ED7934E8E636,0x3CA06B81E4A25E7B,0x756A0B250149A6BB,1,1,0,0x714447AC692A7D40,0,0,0,0,0,0,0,0,0,0
0x795ADF2ED685138F,0,0,25,0,0,0,0,0,0x373C83BE57AEAC00,0,0,0,1,0,0,0,0,0,0,0,0,0,0,0,0
0x3CC76ABACDFB40F5,0,50,100,0,0,0,0,0,0xA95CD7EC5379C26,0,0,0,1,0,0,0,0,0,0,0,0,0,0,0,0
0x24F0444FC5E083EA,0,15,25,0,0,0,0,0,0x6A8F38AC00A9D1D,0,0,1,1,0,0,0,0,0,0,0,0,0,0,0,0
0x4FBB9339305F16F2,0,25,50,0,0,0,0,0,0x22B9913F14A4DEBD,0,0,1,1,0,0,0,0,0,0,0,0,0,0,0,0
0x5A5B9E642747C4AB,0,10,10,0,0,0,0,0,0x6365932ADC56D4C,0,0,1,1,0,0,0,0,0,0,0,0,0,0,0,0
0x1224A39FD15ECCC9,0,15,25,0,0,0,0,0,0x12AFAEA2C4D47150,0,0,1,1,0,0,0,0,0,0,0,0,0,0,0,0
0x3F198E388E56CCF5,0,50,100,0,0,0,0,0,0x1A379D63BD97242,0,0,1,1,0,0,0,0,0,0,0,0,0,0,0,0
0x51BBE2B982B22899,0,50,150,0,0,0,0,0,0x19E87E47F825C010,0,0,1,1,0,0,0,0,0,0,0,0,0,0,0,0
0x6543FF9D3C6A9DCC,0,50,0,0,0,0,0,0,0,0xF45DADDF9382418,0x6DBED822FFA22558,1,1,0,0x714447AC692A7D40,0,0,0,0,0,0,0,0,0,0
0x4CD014C5A7BB237D,0,50,0,0,0,0,0,0,0,0x6F0ED93D0BA3FA09,0x207814298567CB49,1,1,0,0x714447AC692A7D40,0,0,0,0,0,0,0,0,0,0
0x7E200352FDEB6FD0,0,100,200,0,0,0,0,0,0x74299676BE6E98FF,0x53A70B3824C43354,0,1,1,0,0,0,0,0,0,0,0,0,0,0,0
0x10720F3E9E9E20B1,0,15,20,0,0,0,0,0,0x652B1718285F0248,0,0,0,1,0,0,0,0,0,0,0,0,0,0,0,0
0x1C4CCA7457AEFBB9,0,10,10,0,0,0,0,0,0x2151224143820972,0,0,0,1,0,0,0,0,0,0,0,0,0,0,0,0
0x6D563FDC029E8394,0,10,10,0,0,0,0,0,0x686D3C7C9471C98B,0,0,0,1,0,0,0,0,0,0,0,0,0,0,0,0
0x445E63DCEA949990,0,10,10,0,0,0,0,0,0x569C73F22EEF029F,0,0,0,1,0,0,0,0,0,0,0,0,0,0,0,0
0x5D80BBAADBD401A9,0,0,0,0,0,0,0,0,0,0,0,0,0,0,0,0,0,0,0,0,0,0,0,0,0
0x7B882FBDFA9B50DA,0,50,100,0,0,0,0,0,0x45FA9294463757BB,0,0,0,1,0,0,0,0,0,0,0,0,0,0,0,0
0x405CCDD657F10E0E,0,10,50,0,0,0,0,1,0x32D1F201391EB075,0,0,0,0,0,0,0,0,0,0,0,0,0,0,0,0
0x179603173879EC50,0,150,250,0,0,0,0,1,0x449E82E77B578897,0x5F8A3EE10F5E53DC,0x5AD78E29A949D71C,1,1,0,0x714447AC692A7D40,0,0,0,0,0,0,0,0,0,0
0x64121166DC49F54A,0,0,25,0,0,0,0,0,0x67790AE02F51F1B1,0,0,0,0,0,0,0,0,0,0,0,0,0,0,0,0
0x46967C9FDC27628E,0,25,50,0,0,0,0,0,0x62F1B10E40BFEF3B,0,0,0,0,0,0,0,0,0,0,0,0,0,0,0,0
0x7B2928AB78BF094C,0,50,0,0,0,0,0,0,0,0x7E50FC83D4B305E0,0x65BF1834F65F2AA0,1,1,0,0x714447AC692A7D40,0,0,0,0,0,0,0,0,0,0
0xE9913B29988D98D,0,50,0,0,0,0,0,0,0,0x17B0303893CCDD19,0x6C349E7E5B63CF59,1,1,0,0x714447AC692A7D40,0,0,0,0,0,0,0,0,0,0
0x54DB302236CE9572,0,50,0,0,0,0,0,0,0,0x52ACDC587DD59266,0x4BE0605499F87FA6,1,1,0,0x714447AC692A7D40,0,0,0,0,0,0,0,0,0,0
0x74E8AFE823D11240,0,50,0,0,0,0,0,0,0,0x5789ABDE42504F4C,0x3F6A646E57E67D8C,1,1,0,0x714447AC692A7D40,0,0,0,0,0,0,0,0,0,0
0x18A50932842F1689,0,50,100,0,0,0,0,0,0x38489AFE3CFE976E,0x6A0A7BACDB35D08D,0x346D8FBF638521CD,1,1,0,0x714447AC692A7D40,0,0,0,0,0,0,0,0,0,0
0x3519E5BB7CACB1A7,0,50,0,0,0,0,0,0,0,0x700C8D90023497D3,0x45EBC29C62EEEE13,1,1,0,0x714447AC692A7D40,0,0,0,0,0,0,0,0,0,0
0x18B5A81700734B76,0,50,0,0,0,0,0,0,0,0x472752551D494882,0x406B03EBFF218AC2,1,1,0,0x714447AC692A7D40,0,0,0,0,0,0,0,0,0,0
0x7A2B068529E599A8,0,50,0,0,0,0,0,0,0,0x7DEFC25E5BDDB2C4,0x746D54BC3AA5CF04,1,1,0,0x714447AC692A7D40,0,0,0,0,0,0,0,0,0,0
0x6926A7955B525980,0,50,0,0,0,0,0,0,0,0x2E55C5E03A8A812C,0x6D5F451C5F9504EC,1,1,0,0x714447AC692A7D40,0,0,0,0,0,0,0,0,0,0
0x149AB2BCFB997BBC,0,50,0,0,0,0,0,0,0,0x7845F764968426B0,0xBFF2C19BC8037F0,1,1,0,0x714447AC692A7D40,0,0,0,0,0,0,0,0,0,0
0x5DA3CBB3A47375EB,0,10,10,0,0,0,0,0,0x33C00F189292189E,0,0,0,1,0,0,0,0,0,0,0,0,0,0,0,0
0x13FA27EC1B3826B5,0,25,25,0,0,0,0,0,0x21135638C300DDB4,0,0,0,1,0,0,0,0,0,0,0,0,0,0,0,0
0x576110AAF8AA4C5,0,50,50,0,0,0,0,0,0x36917C7C45A8E272,0,0,0,1,0,0,0,0,0,0,0,0,0,0,0,0
0x79962543183E7182,0,50,0,0,0,0,0,0,0,0x26AD7E14E5E3EFDE,0x20BA2708D32CB81E,1,1,0,0x714447AC692A7D40,0,0,0,0,0,0,0,0,0,0
0x666B5E13483092B2,0,50,0,0,0,0,0,0,0,0x284BEFFB0BBF620E,0x19ADC6FA0771654E,1,1,0,0x714447AC692A7D40,0,0,0,0,0,0,0,0,0,0
0x723ED1C20F9EFBC5,0,100,0,0,0,0,0,0,0,0x483A61096BF41689,0x19E16A711DEB37C9,1,1,0,0x714447AC692A7D40,0,0,0,0,0,0,0,0,0,0
0x1557B5C377195D93,0,50,0,0,0,0,0,0,0,0x56C6D6727B0B9367,0x312B5F2F5C38CFA7,1,1,0,0x714447AC692A7D40,0,0,0,0,0,0,0,0,0,0
0x2F326C8FBA1662F4,0,10,10,0,0,0,0,0,0x7556FCA3202783CA,0,0,0,1,0,0,0,0,0,0,0,0,0,0,0,0
0x2C1EE48B7E3AA323,0,15,25,0,0,0,0,1,0xC1AB9082B483C86,0,0,0,1,0,0,0,0,0,0,0,0,0,0,0,0
0x21351FB706B51643,0,25,50,0,0,0,0,0,0x3184402C05AE6AB,0,0,0,1,0,0,0,0,0,0,0,0,0,0,0,0
0x1EC4C165E5D5575B,0,50,75,0,0,0,0,0,0x2432B9EDB2B0FD8E,0,0,0,1,0,0,0,0,0,0,0,0,0,0,0,0
0x128C8E05D92EAD1A,0,75,100,0,0,0,0,0,0x8B80762A6FB40CF,0,0,0,1,0,0,0,0,0,0,0,0,0,0,0,0
0x795A2DD5E3A84200,0,100,10,0,0,0,0,1,0x1F2910F5534BF583,0,0,0,1,1,0,0,0,0,0,0,0,0,0,0,0
0x62B00603FB96CE71,0,50,0,0,0,0,0,0,0,0x26228FFE031CA20D,0x5E9D7C3051F4ED82,1,1,0,0x714447AC692A7D40,0,0,0,0,0,0,0,0,0,0
0x293752851784DF04,0,50,0,0,0,0,0,0,0,0x2191631C704C9888,0x4BF740C65C8462D6,1,1,0,0x714447AC692A7D40,0,0,0,0,0,0,0,0,0,0
0x3EED4672B9E50444,0,75,0,0,0,0,0,0,0,0x1BE683965AEF3B10,0x14F7EE0DE4A5D674,1,1,0,0x714447AC692A7D40,0,0,0,0,0,0,0,0,0,0
0x7900F30ACE13297B,0,100,100,0,0,0,0,0,0x3424C4F3C3FEF884,0,0,0,0,0,0,0,0,0,0,0,0,0,0,0,0
0x140B85DAF2EC2E07,0,150,200,0,0,0,0,0,0x984463663903B4E,0,0,0,0,0,0,0,0,0,0,0,0,0,0,0,0
0x68FBEE339244166B,0,150,200,0,0,0,0,0,0x14F3F3AA49E98EC2,0,0,0,0,0,0,0,0,0,0,0,0,0,0,0,0
0x17F9AAE7D67663BF,0,50,50,0,0,0,0,0,0x387AAD01F1D82A72,0,0,0,0,0,0,0,0,0,0,0,0,0,0,0,0
0x5138A0EA964F3AD2,0,50,50,0,0,0,0,0,0x2289F3AA2B155719,0,0,0,0,0,0,0,0,0,0,0,0,0,0,0,0
0x71A6FFB15C50CF1C,0,25,100,0,0,0,0,0,0x6795F69FCE89BA65,0,0,0,0,0,0,0,0,0,0,0,0,0,0,0,0
0xB03B4A2681A3C95,0,25,100,0,0,0,0,0,0x741AB33F88B0E9CC,0x2E71C083194285C9,0x17136D800A8EA609,1,1,0,0x714447AC692A7D40,0,0,0,0,0,0,0,0,0,0
0x1105BE5A7D2A2479,0,50,100,0,0,0,0,0,0x18B8A620CF02308A,0,0,0,0,0,0,0,0,0,0,0,0,0,0,0,0
0x71166628DF9E773E,0,50,100,0,0,0,0,0,0x6A3CCD922B8A728B,0,0,0,0,0,0,0,0,0,0,0,0,0,0,0,0
0x199DF26CC3714A5B,0,25,50,0,0,0,0,0,0x3B856E186E61C990,0,0,0,0,0,0,0,0,0,0,0,0,0,0,0,0
0x2FC60929647A812B,0,50,50,0,0,0,0,0,0x693596CCFA5C4BB8,0,0,0,0,0,0,0,0,0,0,0,0,0,0,0,0
0x6DF613AE5E0CE3A5,0,50,50,0,0,0,0,0,0x6D279675271AE0FC,0,0,0,0,0,0,0,0,0,0,0,0,0,0,0,0
0x76317D58CB5C932B,0,50,50,0,0,0,0,0,0x1324E9B93ED4C0C0,0,0,0,0,0,0,0,0,0,0,0,0,0,0,0,0
0x43ADA57FF4FE7173,0,50,50,0,0,0,0,0,0x28A083D083C13DD6,0,0,0,0,0,0,0,0,0,0,0,0,0,0,0,0
0x774766902A004309,0,100,100,0,0,0,0,0,0x77028C2BB53EA86E,0,0,0,0,0,0,0,0,0,0,0,0,0,0,0,0
0x54B8A8460C0E6BA0,0,50,50,0,0,0,0,0,0x173F0E109E41868F,0,0,0,0,0,0,0,0,0,0,0,0,0,0,0,0
0x7D0AD10DCE7ED467,0,50,50,0,0,0,0,0,0x7FCEE79B904E90,0,0,0,0,0,0,0,0,0,0,0,0,0,0,0,0
0x4B03C262CDCB2036,0,50,50,0,0,0,0,0,0x3870713AC308E1D5,0,0,0,0,0,0,0,0,0,0,0,0,0,0,0,0
0x423C4380222DC23,0,200,200,0,0,0,0,0,0x3F6754A7351A211E,0,0,0,0,0,0,0,0,0,0,0,0,0,0,0,0
0x1F6E7A3859EAB3E0,0,100,0,0,0,0,0,0,0x36B1AEA7781BD435,0,0,0,0,0,0,0,0,0,0,0,0,0,0,0,0
0x417EFDEDD307F6BD,0,100,0,0,0,0,0,0,0x5BC33A450CF30F32,0,0,0,0,0,0,0,0,0,0,0,0,0,0,0,0
0x22D015633F4B83B8,0,200,0,0,0,0,0,0,0,0,0,0,0,0,0,0,0,0,0,0,0,0,0,0,0
0x7878B25A87583DD4,0,100,100,0,0,0,0,0,0xCD9A3F96EF3E537,0,0,0,0,0,0,0,0,0,0,0,0,0,0,0,0
0x79238F388AE521D0,0,25,50,0,0,0,0,0,0x1A77AE29E3AECD87,0,0,0,0,0,0,0,0,0,0,0,0,0,0,0,0
0x17322CE7EA062B45,0,50,50,0,0,0,0,0,0,0x76497BDE4FF277C1,0x5258CC5412751BEC,1,0,0,0x714447AC692A7D40,0,0,0,0,0,0,0,0,0,0
0x29F5CC0B9054117C,0,50,50,0,0,0,0,0,0,0x6D29BD299D3DB828,0x6372ED4549DB88C7,1,0,0,0x714447AC692A7D40,0,0,0,0,0,0,0,0,0,0
0x7C5DA395F31D95A9,0,50,50,0,0,0,0,0,0,0x61A7E8E7B1999B5,0x649389DA2F63C072,1,0,0,0x714447AC692A7D40,0,0,0,0,0,0,0,0,0,0
0x5686E3B1C43A8C5D,0,50,50,0,0,0,0,0,0,0x1A6B1966BEB37B71,0x5EB2BC07A2F011B1,1,0,0,0x714447AC692A7D40,0,0,0,0,0,0,0,0,0,0
0x5E89244FACCEBDB,0,50,50,0,0,0,0,0,0x69767DDBA6A92BF8,0,0,0,0,0,0,0,0,0,0,0,0,0,0,0,0
0xA226E6225F54A81,0,50,50,0,0,0,0,0,0x197FC71C9753B0C8,0,0,0,0,0,0,0,0,0,0,0,0,0,0,0,0
0x57C8D5E82830F545,0,10,10,0,0,0,0,0,0x73F87FEC2C43B4FA,0,0,0,0,0,0,0,0,0,0,0,0,0,0,0,0
0x27CF9F74AAC87C7B,0,50,50,0,0,0,0,0,0x5F4DE332D595BC4E,0,0,0,0,0,0,0,0,0,0,0,0,0,0,0,0
0x3584BD609B2DEC5A,0,25,25,0,0,0,0,0,0x4EA3F8CF56171EF1,0,0,0,0,0,0,0,0,0,0,0,0,0,0,0,0
0x7A581317DE16BEFA,0,10,10,0,0,0,0,0,0x2BDB1A98EA14E0BB,0,0,0,0,0,0,0,0,0,0,0,0,0,0,0,0
0x6E016B8588C56243,0,15,25,0,0,0,0,0,0x5D10481EEB69A130,0,0,0,1,0,0,0,0,0,0,0,0,0,0,0,0
0x32393E7BDD5D6163,0,20,35,0,0,0,0,0,0x37219B8ED0F3E2BC,0,0,0,1,0,0,0,0,0,0,0,0,0,0,0,0
0x74FB548F88CFD08D,0,25,50,0,0,0,0,0,0x47F6C0E389D7B9C8,0,0,0,1,0,0,0,0,0,0,0,0,0,0,0,0
0x18EFE678457AB4E9,0,15,25,0,0,0,0,0,0x2A0379F4DC4A439E,0,0,0,1,0,0,0,0,0,0,0,0,0,0,0,0
0x7635C9FB5FB1889,0,50,0,0,0,0,0,0,0,0x6E3204181846DDF5,0x571DF82EA57BEB35,1,1,0,0x4A0BF97CCE717B21,0,0,0,0,0,0,0,0,0,0
0xE0EBDC669E8FD7,0,50,0,0,0,0,0,0,0,0x6DD113D8D98809C3,0x19FA16FF99EFAA03,1,1,0,0x4A0BF97CCE717B21,0,0,0,0,0,0,0,0,0,0
0x4F1858C77665AA9F,0,100,100,0,0,0,0,0,0,0,0,0,0,0,0,0,0,0,0,0,0,0,0,0,0
0x5A723893674CD85,0,50,0,0,0,0,0,0,0,0x2C411357AA10F4C1,0x6BC8CDA3868BD201,1,1,0,0x4A0BF97CCE717B21,0,0,0,0,0,0,0,0,0,0
0x7F8F6EC19F91D88A,0,50,0,0,0,0,0,0,0,0x70A6BC21016D1916,0x10893C5BBDFBB056,1,1,0,0x4A0BF97CCE717B21,0,0,0,0,0,0,0,0,0,0
0x203460376D5E46E8,0,50,0,0,0,0,0,0,0,0x25ACA9D0455D0CDC,0x66C33DE922F0811C,1,1,0,0x4A0BF97CCE717B21,0,0,0,0,0,0,0,0,0,0
0x55FDFC040C784853,0,50,0,0,0,0,0,0,0,0x191B49FF8BB1C5AF,0x45CAC26FB9BEC2EF,1,1,0,0x4A0BF97CCE717B21,0,0,0,0,0,0,0,0,0,0
0x595DE4BB132A8E1,0,50,0,0,0,0,0,0,0,0x2CCE173F0C4E3ECD,0x620DB83911CE8B0D,1,1,0,0x4A0BF97CCE717B21,0,0,0,0,0,0,0,0,0,0
0x7036AF264DD467B,0,50,0,0,0,0,0,0,0,0x655E57C8A95F6AB7,0x4D8120210FA79FF7,1,1,0,0x4A0BF97CCE717B21,0,0,0,0,0,0,0,0,0,0
0x48033A9247F2C635,0,50,0,0,0,0,0,0,0,0x3575D01E5D018761,0x300A31AA41CB72A1,1,1,0,0x4A0BF97CCE717B21,0,0,0,0,0,0,0,0,0,0
0x152F120FEAD67512,0,50,0,0,0,0,0,0,0,0x441A12674D46923E,0x4C8292E0C1BB8A7E,1,1,0,0x2272ACD0CD147683,0,0,0,0,0,0,0,0,0,0
0x192C42D72858C060,0,100,50,0,0,0,0,0,0x340DB7E054532A9A,0x44D45DB438754E8B,0x4E74401FEFBEC0CB,1,1,0,0x4A0BF97CCE717B21,0,0,0,0,0,0,0,0,0,0
0x295BFC462169CC24,0,50,0,0,0,0,0,0,0,0x1B4F4F15443E26C0,0x193CDDB5C3CFB700,1,1,0,0x4A0BF97CCE717B21,0,0,0,0,0,0,0,0,0,0
0x542492B888BD749E,0,50,100,0,0,0,0,0,0x76F426DCEDAD2DF9,0,0,0,1,0,0,0,0,0,0,0,0,0,0,0,0
0x4384C59CC8C4E23E,0,150,200,0,0,0,0,0,0x19412AC8FCC5969,0,0,0,1,0,0,0,0,0,0,0,0,0,0,0,0
0x1838144BCF5D0580,0,50,100,0,0,0,0,0,0x14CAAE73E56828E5,0,0,0,1,0,0,0,0,0,0,0,0,0,0,0,0
0x3050DEF6B8813B,0,25,50,0,0,0,0,0,0x57858DE0C8BF5230,0,0,0,1,0,0,0,0,0,0,0,0,0,0,0,0
0x6024B59CA1D3B641,0,10,25,0,0,0,0,0,0x1201440B73B03BF2,0,0,0,1,0,0,0,0,0,0,0,0,0,0,0,0
0x1E260275A6314B10,0,50,50,0,0,0,0,0,0x41BBC0D59F8FC673,0x2DC93D1E6DE62F4C,0,1,1,0,0,0,0,0,0,0,0,0,0,0,0
0x7F457B0236EB8FC,0,100,25,0,0,0,0,0,0x2C12F4C7941C1791,0x3D06DFA608B3B520,0,1,1,0,0,0,0,0,0,0,0,0,0,0,0
0x1027553B7AE0DC17,0,50,50,0,0,0,0,0,0x222CADB4FACF4048,0x5FD572ED544FEF0B,0,1,1,0,0,0,0,0,0,0,0,0,0,0,0
0x40568818CA44B240,0,100,0,0,0,0,0,0,0,0x7476FE46C6724393,0x784329B0AE550953,1,1,0,0x704F35AE761BD424,0,0,0,0,0,0,0,0,0,0
0x5E12AEE63C7AD96C,0,15,0,0,0,0,0,0,0x1726772F54DA2FC1,0x16098BB132C1BC08,0,1,1,0,0,0,0,0,0,0,0,0,0,0,0
0xEB00D04B91F2200,0,15,10,0,0,0,0,0,0x36574FEEC5D84DDD,0x7C8AB39CC49139AC,0,1,1,0,0,0,0,0,0,0,0,0,0,0,0
0x123E698312E1824F,0,15,25,0,0,0,0,0,0x2533F55ED324CBCC,0x279E02291F03A4C3,0,1,1,0,0,0,0,0,0,0,0,0,0,0,0
0x46766567959E1DF8,0,25,25,0,0,0,0,0,0x1A9D0247414FC3FF,0x10C3FD6AA20629F4,0,1,1,0,0,0,0,0,0,0,0,0,0,0,0
0x5F6B51FDEC2D4F1B,0,50,50,0,0,0,0,0,0xCD2C82B72489F5E,0x791CDC07DE125FF7,0,1,1,0,0,0,0,0,0,0,0,0,0,0,0
0x56FD8ACF95C088AB,0,125,125,0,0,0,0,0,0x753830C329745428,0x599CBA05B8F52F57,0,1,1,0,0,0,0,0,0,0,0,0,0,0,0
0x30D69F9F53722EFC,0,150,150,0,0,0,0,0,0x6BE349E1DA9CADD3,0x28268FA91CBD3368,0,1,1,0,0,0,0,0,0,0,0,0,0,0,0
0x208B61A32A38340E,0,100,0,0,0,0,0,0,0,0x6DA6F256A59A895A,0x3534781069AE996F,1,1,0,0x704F35AE761BD424,0,0,0,0,0,0,0,0,0,0
0x128C427120D851F6,0,25,25,0,0,0,0,0,0x6AD01B1B9A6F3B0C,0x62A2D6821240106A,0,1,1,0,0,0,0,0,0,0,0,0,0,0,0
0x727D5D9F84963B26,0,100,50,0,0,0,0,0,0x25B854AEC1D36810,0,0,0,1,0,0,0,0,0,0,0,0,0,0,0,0
0x6CEAB5633B1E193D,0,50,50,0,0,0,0,0,0x187F5B25E18E8117,0,0,0,1,0,0,0,0,0,0,0,0,0,0,0,0
0xF25DED8C99C1A91,0,100,100,0,0,0,0,0,0x17283557114C8450,0x559746D22C5E43FD,0x478B785849A07A3D,1,1,0,0x625ABA2BF94A7D7B,0,0,0,0,0,0,0,0,0,0
0x61955DB883F8A918,0,0,0,0,0,0,0,0,0,0,0,0,0,0,0,0,0,0,0,0,0,0,0,0,0
0x3C0B19C837C306A7,0,0,0,0,0,0,0,0,0xFABBBE73A8046A2,0x6DBE9CF5D034EE3B,0x554A130569A1847B,0,0,0,0,0,0,0,0,0,0,0,0,0,0
0x4CCB940EA15047BA,0,0,0,0,0,0,0,0,0x72B34CAEE6BCE929,0x5BA213B22330B60C,0,0,0,0,0,0,0,0,0,0,0,0,0,0,0
0x11372813B1BCAF92,0,250,50,0,0,0,0,0,0x23ABB863DEC06647,0,0,0,1,0,0,0,0,0,0,0,0,0,0,0,0
0x2E4B4CEFA76857CA,0,500,200,0,0,0,0,1,0x23ED5067F54750B9,0x74738C0C267D7466,0x3A9991B7366C6A6,1,1,0,0x714447AC692A7D40,0,0,0,0,0,0,0,0,0,0
0x7F156B04645795AE,0,250,100,0,0,0,0,1,0x67076D434DBA3AF7,0,0,0,1,0,0,0,0,0,0,0,0,0,0,0,0
0x1892EFD595C90BF3,0,250,0,0,0,0,0,0,0,0x237CE4351D3D05FF,0xCB216E5AE5EA43F,1,1,0,0x714447AC692A7D40,0,0,0,0,0,0,0,0,0,0
0x73332DA2C9A43C73,0,250,50,0,0,0,0,0,0x10B5C48AC18A786A,0,0,0,1,0,0,0,0,0,0,0,0,0,0,0,0
0x24327F8CC4C198CA,0,500,50,0,0,0,0,0,0x3FC29C1A44F647D9,0x7EEB9E161AAC73CE,0x303588DFD5B38E0E,1,1,0,0x714447AC692A7D40,0,0,0,0,0,0,0,0,0,0
0x4CC1D471414ED800,0,250,50,0,0,0,0,0,0x726CE34882655A19,0,0,0,1,0,0,0,0,0,0,0,0,0,0,0,0
0x767DBAA7D2E9FC1B,0,250,50,0,0,0,0,0,0x1ADBAB93883A7682,0x8B6AD33402F8C7,0x2E20C92822244807,1,1,0,0x714447AC692A7D40,0,0,0,0,0,0,0,0,0,0
0x4C6081A9CEBF868A,0,100,0,0,0,0,0,1,0,0x45A89FFBA23D61DE,0x67C283301AE4031E,1,1,0,0x714447AC692A7D40,0,0,0,0,0,0,0,0,0,0
0x4BA3FD0437520AF2,0,50,50,0,0,0,0,1,0x6751EAB989A1A86F,0x53A4A6FE65772536,0x87ECAC470F40C76,1,1,0,0x714447AC692A7D40,0,0,0,0,0,0,0,0,0,0
0x6C8030EB05B53D5A,0,50,50,0,0,0,0,0,0x3344A7A144349125,0,0,0,1,0,0,0,0,0,0,0,0,0,0,0,0
0x614B27B37CCEE280,0,100,100,0,0,0,0,0,0x4540FF4B12C5F139,0,0,0,1,0,0,0,0,0,0,0,0,0,0,0,0
0x25EC47F9609803A9,0,100,100,0,0,0,0,0,0x1A3DA1644636A00E,0,0,0,1,0,0,0,0,0,0,0,0,0,0,0,0
0x7228812C2D41927F,0,100,10,0,0,0,0,0,0x17FBAA3313BBF240,0x46473995B0978753,0,0,0,0,0,0,0,0,0,0,0,0,0,0,0
0x65BF4ADFDA3DB974,0,50,25,0,0,0,0,0,0xB2F30D3FCE56D59,0,0,0,1,0,0,0,0,0,0,0,0,0,0,0,0
0x1836D9AD7159BEBC,0,100,50,0,0,0,0,1,0x5F62DDCA817CE8D,0,0,0,1,0,0,0,0,0,0,0,0,0,0,0,0
0x216DB126ED872341,0,50,25,0,0,0,0,1,0xC3CF9DC71FEADE6,0,0,0,1,0,0,0,0,0,0,0,0,0,0,0,0
0x5E5AB06163038650,0,250,25,0,0,0,0,0,0xC3CF9DC71FEADE6,0,0,0,1,0,0,0,0,0,0,0,0,0,0,0,0
0xDC4CFC50355C921,0,50,25,0,0,0,0,0,0x6A9CC85BF4B5702E,0,0,0,1,0,0,0,0,0,0,0,0,0,0,0,0
0x62570CCECB8FA621,0,100,0,0,0,0,0,0,0,0x2AEF476542E803E5,0x486AACE4927ABD25,1,1,0,0x714447AC692A7D40,0,0,0,0,0,0,0,0,0,0
0x2D0F7913DF3F9594,0,200,0,0,0,0,0,0,0,0x7C384375F28DA918,0x140799C0B10CB958,1,1,0,0x714447AC692A7D40,0,0,0,0,0,0,0,0,0,0
0x3F52E187530E6299,0,100,0,0,0,0,0,0,0,0x453C2777E28E531D,0x5FEB61F88F296E5D,1,1,0,0x714447AC692A7D40,0,0,0,0,0,0,0,0,0,0
0x26AD173960DBCDE2,0,100,0,0,0,0,0,0,0,0x6AB097287DD3128E,0x1C337FCD732FACCE,1,1,0,0x714447AC692A7D40,0,0,0,0,0,0,0,0,0,0
0x717647E963A0F84F,0,50,25,0,0,0,0,0,0x4ECD77858B5FF3C0,0,0,0,1,0,0,0,0,0,0,0,0,0,0,0,0
0x43B3755599B9C717,0,100,50,0,0,0,0,1,0x43DD5918238CBAE0,0,0,0,1,0,0,0,0,0,0,0,0,0,0,0,0
0x2BFF55F1AB6720F8,0,50,25,0,0,0,0,1,0x288C641D628BCB1D,0,0,0,1,0,0,0,0,0,0,0,0,0,0,0,0
0x19AF2AC95812734B,0,250,25,0,0,0,0,0,0x288C641D628BCB1D,0,0,0,1,0,0,0,0,0,0,0,0,0,0,0,0
0x7BEFFDAADC55C398,0,50,25,0,0,0,0,0,0x6ED4E5955E318DD,0,0,0,1,0,0,0,0,0,0,0,0,0,0,0,0
0x7873E0803181E932,0,0,200,0,0,0,0,0,0x4BF208A07733D63D,0,0,0,1,0,0,0,0,0,0,0,0,0,0,0,0
0x6CFB765FD354404,0,100,200,0,0,0,0,0,0x3887F79F505D8DCD,0x4DE5E17306861638,0x27D7B3FFF8AAF878,1,1,0,0x714447AC692A7D40,0,0,0,0,0,0,0,0,0,0
0x5ACE8A35AFAF9540,0,0,50,0,0,0,0,0,0x541891E4EB1897E0,0,0,0,1,0,0,0,0,0,0,0,0,0,0,0,0
0x359CC083FE34FA92,0,250,350,0,0,0,0,0,0x43A1A0D614C400E1,0x6EE343CC102E8CC6,0x75BE18E80A1B7F06,1,1,0,0x714447AC692A7D40,0,0,0,0,0,0,0,0,0,0
0x611F76F9237038CA,0,150,0,0,0,0,0,0,0,0x3AC0B25BCB4D86C5,0x5AEB5BCC26A9685,1,1,0,0x714447AC692A7D40,0,0,0,0,0,0,0,0,0,0
0x87A66991097BD18,0,150,0,0,0,0,0,0,0,0x26187DEBA312D31F,0x24CA23DC4294835F,1,1,0,0x714447AC692A7D40,0,0,0,0,0,0,0,0,0,0
0x1F4675640009A9F7,0,0,0,0,0,0,0,0,0,0,0,0,0,0,0,0,0,0,0,0,0,0,0,0,0
0x7731D06401BBBAE9,0,0,0,0,0,0,0,0,0,0,0,0,0,0,0,0,0,0,0,0,0,0,0,0,0
0x404F4AB8EDC8E94B,0,0,0,0,0,0,0,0,0,0,0,0,0,0,0,0,0,0,0,0,0,0,0,0,0
0x404F49B8EDC8E798,0,0,0,0,0,0,0,0,0,0,0,0,0,0,0,0,0,0,0,0,0,0,0,0,0
0x404F50B8EDC8F37D,0,0,0,0,0,0,0,0,0,0,0,0,0,0,0,0,0,0,0,0,0,0,0,0,0
0x404F4FB8EDC8F1CA,0,0,0,0,0,0,0,0,0,0,0,0,0,0,0,0,0,0,0,0,0,0,0,0,0
0x404F4EB8EDC8F017,0,0,0,0,0,0,0,0,0,0,0,0,0,0,0,0,0,0,0,0,0,0,0,0,0
0x404F4DB8EDC8EE64,0,0,0,0,0,0,0,0,0,0,0,0,0,0,0,0,0,0,0,0,0,0,0,0,0
0x404F44B8EDC8DF19,0,0,0,0,0,0,0,0,0,0,0,0,0,0,0,0,0,0,0,0,0,0,0,0,0
0x658629CE68F99FB5,0,0,0,0,0,0,0,0,0,0,0,0,0,0,0,0,0,0,0,0,0,0,0,0,0
0x1343F5418BD52C6C,0,0,0,0,0,0,0,0,0,0,0,0,0,0,0,0,0,0,0,0,0,0,0,0,0
0x606050EBA99A3913,0,0,0,0,0,0,0,0,0,0,0,0,0,0,0,0,0,0,0,0,0,0,0,0,0
0x1ED8A05490CFE606,0,0,0,0,0,0,0,0,0,0,0,0,0,0,0,0,0,0,0,0,0,0,0,0,0
0x2F3000A4B38E9235,0,0,0,0,0,0,0,0,0,0,0,0,0,0,0,0,0,0,0,0,0,0,0,0,0
0x1352459D518467E4,0,0,0,0,0,0,0,0,0,0,0,0,0,0,0,0,0,0,0,0,0,0,0,0,0
0x6DA3EC0DEAB3FD5F,0,0,0,0,0,0,0,0,0,0,0,0,0,0,0,0,0,0,0,0,0,0,0,0,0
0x53FDA4E867762A91,0,0,0,0,0,0,0,0,0,0,0,0,0,0,0,0,0,0,0,0,0,0,0,0,0
0x62FADAE1E80B17B5,0,0,0,0,0,0,0,0,0,0,0,0,0,0,0,0,0,0,0,0,0,0,0,0,0
0x24BC380C60AC77DE,0,0,0,0,0,0,0,0,0,0,0,0,0,0,0,0,0,0,0,0,0,0,0,0,0
0x6CACA7526C2BCE54,0,0,0,0,0,0,0,0,0,0,0,0,0,0,0,0,0,0,0,0,0,0,0,0,0
0x71388B5D1F84FA54,0,0,0,0,0,0,0,0,0,0,0,0,0,0,0,0,0,0,0,0,0,0,0,0,0
0x23EA1436025BB7D5,0,0,0,0,0,0,0,0,0,0,0,0,0,0,0,0,0,0,0,0,0,0,0,0,0
0x615D2E02D1D3769C,0,0,0,0,0,0,0,0,0,0,0,0,0,0,0,0,0,0,0,0,0,0,0,0,0
0x1F661EFE5E6707AD,0,0,0,0,0,0,0,0,0,0,0,0,0,0,0,0,0,0,0,0,0,0,0,0,0
0xA9D9B153AEF8E1D,0,0,0,0,0,0,0,0,0,0,0,0,0,0,0,0,0,0,0,0,0,0,0,0,0
0x124DF03B22097439,0,0,0,0,0,0,0,0,0,0,0,0,0,0,0,0,0,0,0,0,0,0,0,0,0
0x51561CF52234268F,0,0,0,0,0,0,0,0,0,0,0,0,0,0,0,0,0,0,0,0,0,0,0,0,0
0x59733EF5B1577277,0,0,0,0,0,0,0,0,0,0,0,0,0,0,0,0,0,0,0,0,0,0,0,0,0
0x1BF180F8945B240D,0,0,0,0,0,0,0,0,0,0,0,0,0,0,0,0,0,0,0,0,0,0,0,0,0
0x6A0A43AA391F18F,0,0,0,0,0,0,0,0,0,0,0,0,0,0,0,0,0,0,0,0,0,0,0,0,0
0x4F2F85D71AF52A0A,0,0,0,0,0,0,0,0,0,0,0,0,0,0,0,0,0,0,0,0,0,0,0,0,0
0xBAD79B50F40CE0B,0,0,0,0,0,0,0,0,0,0,0,0,0,0,0,0,0,0,0,0,0,0,0,0,0
0x38CE4AD6F4BE82B8,0,0,0,0,0,0,0,0,0,0,0,0,0,0,0,0,0,0,0,0,0,0,0,0,0
0x65740DFCBE404000,0,0,0,0,0,0,0,0,0,0,0,0,0,0,0,0,0,0,0,0,0,0,0,0,0
0x5A0BA26FC228A9AA,0,0,0,0,0,0,0,0,0,0,0,0,0,0,0,0,0,0,0,0,0,0,0,0,0
0x1211C121AF2449F0,0,0,0,0,0,0,0,0,0,0,0,0,0,0,0,0,0,0,0,0,0,0,0,0,0
0x4D521520F11EB251,0,0,0,0,0,0,0,0,0,0,0,0,0,0,0,0,0,0,0,0,0,0,0,0,0
0x4359EF4C832C032F,0,0,0,0,0,0,0,0,0,0,0,0,0,0,0,0,0,0,0,0,0,0,0,0,0
0x3E10F4B63A04928D,0,0,0,0,0,0,0,0,0,0,0,0,0,0,0,0,0,0,0,0,0,0,0,0,0
0x74973027B2BB47EF,0,0,0,0,0,0,0,0,0,0,0,0,0,0,0,0,0,0,0,0,0,0,0,0,0
0x7D9C594284B6AA2B,0,0,0,0,0,0,0,0,0,0,0,0,0,0,0,0,0,0,0,0,0,0,0,0,0
0x49EA1EF8D7A4140F,0,0,0,0,0,0,0,0,0,0,0,0,0,0,0,0,0,0,0,0,0,0,0,0,0
0x1A22AC168BA22619,0,0,0,0,0,0,0,0,0,0,0,0,0,0,0,0,0,0,0,0,0,0,0,0,0
0x689A3337E4D3D66D,0,0,0,0,0,0,0,0,0,0,0,0,0,0,0,0,0,0,0,0,0,0,0,0,0
0x437494FE912AD739,0,0,0,0,0,0,0,0,0,0,0,0,0,0,0,0,0,0,0,0,0,0,0,0,0
0x1A5DD9FB2FFE5E7A,0,0,0,0,0,0,0,0,0,0,0,0,0,0,0,0,0,0,0,0,0,0,0,0,0
0x871DB7C54AC4C8,0,0,0,0,0,0,0,0,0,0,0,0,0,0,0,0,0,0,0,0,0,0,0,0,0
0x2CBB2354F066E90,0,0,0,0,0,0,0,0,0,0,0,0,0,0,0,0,0,0,0,0,0,0,0,0,0
0x116D984C5C7C887E,0,0,0,0,0,0,0,0,0,0,0,0,0,0,0,0,0,0,0,0,0,0,0,0,0
0x54A5706BF2B2B41C,0,0,0,0,0,0,0,0,0,0,0,0,0,0,0,0,0,0,0,0,0,0,0,0,0
0x468AD9EE571CF1C6,0,0,0,0,0,0,0,0,0,0,0,0,0,0,0,0,0,0,0,0,0,0,0,0,0
0x15641F43EB61E013,0,0,0,0,0,0,0,0,0,0,0,0,0,0,0,0,0,0,0,0,0,0,0,0,0
0x5026F740111FA462,0,0,0,0,0,0,0,0,0,0,0,0,0,0,0,0,0,0,0,0,0,0,0,0,0
0x6D039D8EB80B2288,0,0,0,0,0,0,0,0,0,0,0,0,0,0,0,0,0,0,0,0,0,0,0,0,0
