1,0,10,0x7FB43557B54149CE,0x4437C016EEBD9646,0xB0529A4D1C9B532,500,0,0,0,0,0,0,0,0,0,0x50796EC982D4D464,0,0,0,0,0,0,0,0,0,0,0,0,0,0,0,0
2,1,25,0x7FB43557B54149CE,0x4437C016EEBD9646,0xB0529A4D1C9B532,1000,0,0,0,0,0,0,0,0,0,0x50796EC982D4D464,0,0,0,0,0,0,0,0,0,0,0,0,0,0,0,0
3,2,50,0x7FB43557B54149CE,0x4437C016EEBD9646,0xB0529A4D1C9B532,2500,0,0,0,0x7E7602E71815E41D,0,0x4813543D30A7AAA2,0,0,0,0x50796EC982D4D464,0,0,0,0,1,0,0,0,0,0,0,0,0,0,0,0
4,0,10,0x7FB43557B54149CE,0x69E6175560BBA6E9,0x12D544F2A89797E0,500,0,0,0,0x7E7602E71815E41D,0,0x5EC3ACD9413CB3A8,0,0,0,0x50796EC982D4D464,0,0,0,0,1,0,0,0,0,0,0,0,0,0,0,0
5,0,10,0x7FB43557B54149CE,0x5E63F380E9350304,0x47355B245E1E0193,500,0,0,0,0x7E7602E71815E41D,0,0x6D96988CE5227B45,0,0,0,0x50796EC982D4D464,0,0,0,0,1,0,0,0,0,0,0,0,0,0,0,0
6,0,10,0x7FB43557B54149CE,0x58EE12DACF893367,0x5C94DB5A42B6FCC6,500,0,0,0,0x7E7602E71815E41D,0,0x2F02D871C238D7B6,0,0,0,0x50796EC982D4D464,0,0,0,0,1,0,0,0,0,0,0,0,0,0,0,0
7,0,10,0x7FB43557B54149CE,0x32261A4669C8D23B,0x26C67DAC6BC34174,500,0,0,0,0x7E7602E71815E41D,0,0x470EBAE97AAB87C,0,0,0,0x50796EC982D4D464,0,0,0,0,1,0,0,0,0,0,0,0,0,0,0,0
8,0,10,0x7FB43557B54149CE,0x6CC53905C5A9CE6F,0x7CFA9AD040108BB7,500,0,0,0,0x7E7602E71815E41D,0,0x4D9CFB6888CA9E9,0,0,0,0x50796EC982D4D464,0,0,0,0,1,0,0,0,0,0,0,0,0,0,0,0
9,0,6,0x7FB43557B54149CE,0x7E7602E71815E41D,0x8586B3BBB631F8C,5000,0,0,0,0x5F984F0BDE7CC31,0,0x289042B18C877AF4,0,0,0,0x50796EC982D4D464,0,1,0,1,0,0,0,0,0,0,0,0,0,0,0,0
10,0,10,0x7FB43557B54149CE,0x167A35B79DA5C3B,0x748304CCB287961C,500,0,0,0,0,0,0,0,0,0,0x1FA37750AC00527A,0,0,0,0,0,0,0,0,0,0,0,0,0,0,0,0
11,1,25,0x7FB43557B54149CE,0x167A35B79DA5C3B,0x748304CCB287961C,1000,0,0,0,0,0,0,0,0,0,0x1FA37750AC00527A,0,0,0,0,0,0,0,0,0,0,0,0,0,0,0,0
12,2,50,0x7FB43557B54149CE,0x167A35B79DA5C3B,0x748304CCB287961C,2500,0,0,0,0x3AF994BDCA6C16B3,0,0x721978605B722264,0,0,0,0x1FA37750AC00527A,0,0,0,0,1,0,0,0,0,0,0,0,0,0,0,0
13,0,10,0x7FB43557B54149CE,0x492A4E8875009B7B,0x672D94DF3D6F7E53,500,0,0,0,0,0,0,0,0,0,0x1FA37750AC00527A,0,0,0,0,0,0,0,0,0,0,0,0,0,0,0,0
14,1,50,0x7FB43557B54149CE,0x492A4E8875009B7B,0x672D94DF3D6F7E53,1000,0,0,0,0,0,0,0,0,0,0x1FA37750AC00527A,0,0,0,0,0,0,0,0,0,0,0,0,0,0,0,0
15,2,100,0x7FB43557B54149CE,0x492A4E8875009B7B,0x672D94DF3D6F7E53,2500,0,0,0,0x3AF994BDCA6C16B3,0,0x53581E70F16B8305,0,0,0,0x1FA37750AC00527A,0,0,0,0,1,0,0,0,0,0,0,0,0,0,0,0
16,0,10,0x7FB43557B54149CE,0x15DA16B6B9032AF,0x381EBEDA43D4F196,500,0,0,0,0,0,0,0,0,0,0x1FA37750AC00527A,0,0,0,0,1,0,0,0,0,0,0,0,0,0,0,0
17,1,50,0x7FB43557B54149CE,0x15DA16B6B9032AF,0x381EBEDA43D4F196,1000,0,0,0,0,0,0,0,0,0,0x1FA37750AC00527A,0,0,0,0,1,0,0,0,0,0,0,0,0,0,0,0
18,2,100,0x7FB43557B54149CE,0x15DA16B6B9032AF,0x381EBEDA43D4F196,2500,0,0,0,0x3AF994BDCA6C16B3,0,0x2E7ADC819413F566,0,0,0,0x1FA37750AC00527A,0,0,0,0,1,0,0,0,0,0,0,0,0,0,0,0
19,0,10,0x7FB43557B54149CE,0x43F515139BA38C55,0x4A0AAAA85F25E67A,2500,0,0,0,0x3AF994BDCA6C16B3,0,0x53DEF879E61A944A,0,0,0,0x1FA37750AC00527A,0,0,0,0,1,0,0,0,0,0,0,0,0,0,0,0
20,0,100,0x7FB43557B54149CE,0x3C6B9A79E1ACA4D9,0x5EDCF8629F02641E,1000,0,0,0,0x3AF994BDCA6C16B3,0,0x7767CF57EB23E22E,0,0,0,0x1FA37750AC00527A,0,0,0,0,0,0,0,0,0,0,0,0,0,0,0,0
21,0,50,0x7FB43557B54149CE,0x2B1731575362632A,0x1EF46C2B853D9F79,1000,0,0,0,0x3AF994BDCA6C16B3,0,0x2D24FC3953405053,0,0,0,0x1FA37750AC00527A,0,0,0,0,0,0,0,0,0,0,0,0,0,0,0,0
22,0,6,0x7FB43557B54149CE,0x3AF994BDCA6C16B3,0x5DBCF1356955142C,10000,0,0,0,0x5F984F0BDE7CC31,0,0x1978C263302EC9D4,0,0,0,0x1FA37750AC00527A,0,1,0,1,0,0,0,0,0,0,0,0,0,0,0,0
23,0,1,0x7FB43557B54149CE,0xA4542D8005DBA09,0x50B8B1D2F1F836B6,500,0,0,0,0,0,0,0,0,0,0x5340B7CEE5D20E44,0,0,0,0,0,0,0,0,0,0,0,0,0,0,0,0
24,1,10,0x7FB43557B54149CE,0xA4542D8005DBA09,0x50B8B1D2F1F836B6,1000,0,0,0,0,0,0,0,0,0,0x5340B7CEE5D20E44,0,0,0,0,0,0,0,0,0,0,0,0,0,0,0,0
25,2,25,0x7FB43557B54149CE,0xA4542D8005DBA09,0x50B8B1D2F1F836B6,2500,0,0,0,0x70C5595E6963954B,0,0x31F4F16625A3BAC6,0,0,0,0x5340B7CEE5D20E44,0,0,0,0,1,0,0,0,0,0,0,0,0,0,0,0
26,0,10,0x7FB43557B54149CE,0x726639776BB5ADD,0x16780A57D8D4F170,500,0,0,0,0,0,0,0,0,0,0x5340B7CEE5D20E44,0,0,0,0,0,0,0,0,0,0,0,0,0,0,0,0
27,1,25,0x7FB43557B54149CE,0x726639776BB5ADD,0x16780A57D8D4F170,1000,0,0,0,0,0,0,0,0,0,0x5340B7CEE5D20E44,0,0,0,0,0,0,0,0,0,0,0,0,0,0,0,0
28,2,50,0x7FB43557B54149CE,0x726639776BB5ADD,0x16780A57D8D4F170,2500,0,0,0,0x70C5595E6963954B,0,0x654F8C4B85413D8,0,0,0,0x5340B7CEE5D20E44,0,0,0,0,1,0,0,0,0,0,0,0,0,0,0,0
29,0,10,0x7FB43557B54149CE,0x4551622490FB634F,0x69C3428F0AD28D43,500,0,0,0,0,0,0,0,0,0,0x5340B7CEE5D20E44,0,0,0,0,0,0,0,0,0,0,0,0,0,0,0,0
30,1,25,0x7FB43557B54149CE,0x4551622490FB634F,0x69C3428F0AD28D43,1000,0,0,0,0,0,0,0,0,0,0x5340B7CEE5D20E44,0,0,0,0,0,0,0,0,0,0,0,0,0,0,0,0
31,2,50,0x7FB43557B54149CE,0x4551622490FB634F,0x69C3428F0AD28D43,2500,0,0,0,0x70C5595E6963954B,0,0x6ADA83430D9105D5,0,0,0,0x5340B7CEE5D20E44,0,0,0,0,1,0,0,0,0,0,0,0,0,0,0,0
32,0,1,0x7FB43557B54149CE,0x20B4A91C344D73EC,0x617C603100D563E3,500,0,0,0,0,0,0,0,0,0,0x5340B7CEE5D20E44,0,0,0,0,0,0,0,0,0,0,0,0,0,0,0,0
33,1,5,0x7FB43557B54149CE,0x20B4A91C344D73EC,0x617C603100D563E3,1000,0,0,0,0,0,0,0,0,0,0x5340B7CEE5D20E44,0,0,0,0,0,0,0,0,0,0,0,0,0,0,0,0
34,2,15,0x7FB43557B54149CE,0x20B4A91C344D73EC,0x617C603100D563E3,2500,0,0,0,0x70C5595E6963954B,0,0x528E66F487091B5,0,0,0,0x5340B7CEE5D20E44,0,0,0,0,1,0,0,0,0,0,0,0,0,0,0,0
35,0,1,0x7FB43557B54149CE,0x59A333A70CBF2D40,0xF8CE380BA49B568,2500,0,0,0,0x70C5595E6963954B,0,0x713DF6E7E16854B0,0,0,0,0x5340B7CEE5D20E44,0,0,0,0,1,0,0,0,0,0,0,0,0,0,0,0
36,0,25,0x7FB43557B54149CE,0x639D9AF21C54A255,0x702B563C81A019EC,2500,0,0,0,0x70C5595E6963954B,0,0x4E678590298AD694,0,0,0,0x5340B7CEE5D20E44,0,0,0,0,1,0,0,0,0,0,0,0,0,0,0,0
37,0,6,0x7FB43557B54149CE,0x70C5595E6963954B,0x35AD0B053F3F2D22,10000,0,0,0,0x5F984F0BDE7CC31,0,0x67852B2EE9C840F2,0,0,0,0x5340B7CEE5D20E44,0,1,0,1,0,0,0,0,0,0,0,0,0,0,0,0
38,0,10,0x7FB43557B54149CE,0x56BB9EBA7DA13617,0x642104BD2188F495,500,0,0,0,0,0,0,0,0,0,0x3B9C07D0DBE8AADE,0,0,0,0,0,0,0,0,0,0,0,0,0,0,0,0
39,1,25,0x7FB43557B54149CE,0x56BB9EBA7DA13617,0x642104BD2188F495,1000,0,0,0,0,0,0,0,0,0,0x3B9C07D0DBE8AADE,0,0,0,0,0,0,0,0,0,0,0,0,0,0,0,0
40,2,50,0x7FB43557B54149CE,0x56BB9EBA7DA13617,0x642104BD2188F495,2500,0,0,0,0x56126D4493E77983,0,0x2565C9DC6202BC3F,0,0,0,0x3B9C07D0DBE8AADE,0,0,0,0,1,0,0,0,0,0,0,0,0,0,0,0
41,0,10,0x7FB43557B54149CE,0x33D24EB29A631F61,0x2C099A4F86A7A19D,500,0,0,0,0,0,0,0,0,0,0x3B9C07D0DBE8AADE,0,0,0,0,0,0,0,0,0,0,0,0,0,0,0,0
42,1,50,0x7FB43557B54149CE,0x33D24EB29A631F61,0x2C099A4F86A7A19D,1000,0,0,0,0,0,0,0,0,0,0x3B9C07D0DBE8AADE,0,0,0,0,0,0,0,0,0,0,0,0,0,0,0,0
43,2,100,0x7FB43557B54149CE,0x33D24EB29A631F61,0x2C099A4F86A7A19D,2500,0,0,0,0x56126D4493E77983,0,0x34AF76F71C4C6EA7,0,0,0,0x3B9C07D0DBE8AADE,0,0,0,0,1,0,0,0,0,0,0,0,0,0,0,0
44,0,10,0x7FB43557B54149CE,0xE085A5F8FDA7FEC,0x3F09030988638607,2500,0,0,0,0x56126D4493E77983,0,0x665B142BD5F6B199,0,0,0,0x3B9C07D0DBE8AADE,0,0,0,0,1,0,0,0,0,0,0,0,0,0,0,0
45,0,5,0x7FB43557B54149CE,0x2C01BC7B9AE95B81,0xF68E78AB583C0F2,2500,0,0,0,0x56126D4493E77983,0,0x47A2A6A972B27862,0,0,0,0x3B9C07D0DBE8AADE,0,0,0,0,1,0,0,0,0,0,0,0,0,0,0,0
46,0,5,0x7FB43557B54149CE,0x760E917A4024491A,0x1C8B90D1148657B3,2500,0,0,0,0x56126D4493E77983,0,0x2AA41D759F2D0FA5,0,0,0,0x3B9C07D0DBE8AADE,0,0,0,0,1,0,0,0,0,0,0,0,0,0,0,0
47,0,15,0x7FB43557B54149CE,0x252A4CBC963FC617,0x58D8E472590A27A1,1000,0,0,0,0x56126D4493E77983,0,0x1B9589AF9D383DDB,0,0,0,0x3B9C07D0DBE8AADE,0,0,0,0,1,0,0,0,0,0,0,0,0,0,0,0
48,0,6,0x7FB43557B54149CE,0x56126D4493E77983,0x67F420F483950CC4,10000,0,0,0,0x5F984F0BDE7CC31,0,0x66A9E9E426222EC,0,0,0,0x3B9C07D0DBE8AADE,0,1,0,1,0,0,0,0,0,0,0,0,0,0,0,0
49,0,10,0x7FB43557B54149CE,0x52ACB9C328698C58,0x794409363F8CD587,500,0,0,0,0,9,0,0,0,0,0x8B36F2555CECC77,0,0,0,0,0,0,0,0,0,0,0,0,0,0,0,0
50,1,25,0x7FB43557B54149CE,0x52ACB9C328698C58,0x794409363F8CD587,1000,0,0,0,0,9,0,0,0,0,0x8B36F2555CECC77,0,0,0,0,0,0,0,0,0,0,0,0,0,0,0,0
51,2,50,0x7FB43557B54149CE,0x52ACB9C328698C58,0x794409363F8CD587,2000,0,0,0,0,9,0,0,0,0,0x8B36F2555CECC77,0,0,0,0,0,0,0,0,0,0,0,0,0,0,0,0
52,3,125,0x7FB43557B54149CE,0x52ACB9C328698C58,0x794409363F8CD587,3000,0,0,0,0,9,0,0,0,0,0x8B36F2555CECC77,0,0,0,0,0,0,0,0,0,0,0,0,0,0,0,0
53,4,250,0x7FB43557B54149CE,0x52ACB9C328698C58,0x794409363F8CD587,5000,0,0,0,0xD32F8463F692122,9,0x503E37DECE5B7019,0,0,0,0x8B36F2555CECC77,0,0,0,0,1,0,0,0,0,0,0,0,0,0,0,0
54,0,100,0x7FB43557B54149CE,0x601FB6A20ACEE22B,0x7150F840E8815E37,500,0,0,0,0,9,0,0,0,0,0x8B36F2555CECC77,0,0,0,0,0,0,0,0,0,0,0,0,0,0,0,0
55,1,250,0x7FB43557B54149CE,0x601FB6A20ACEE22B,0x7150F840E8815E37,1000,0,0,0,0,9,0,0,0,0,0x8B36F2555CECC77,0,0,0,0,0,0,0,0,0,0,0,0,0,0,0,0
56,2,500,0x7FB43557B54149CE,0x601FB6A20ACEE22B,0x7150F840E8815E37,1500,0,0,0,0,9,0,0,0,0,0x8B36F2555CECC77,0,0,0,0,0,0,0,0,0,0,0,0,0,0,0,0
57,3,750,0x7FB43557B54149CE,0x601FB6A20ACEE22B,0x7150F840E8815E37,2000,0,0,0,0,9,0,0,0,0,0x8B36F2555CECC77,0,0,0,0,0,0,0,0,0,0,0,0,0,0,0,0
58,4,1000,0x7FB43557B54149CE,0x601FB6A20ACEE22B,0x7150F840E8815E37,2500,0,0,0,0xD32F8463F692122,9,0x5D1DB29FD8D71169,0,0,0,0x8B36F2555CECC77,0,0,0,0,1,0,0,0,0,0,0,0,0,0,0,0
59,0,500,0x7FB43557B54149CE,0x780C2F604F99D74B,0x9B359BF20B4C919,1000,0,0,0,0,9,0,0,0,0,0x8B36F2555CECC77,0,0,0,0,0,0,0,0,0,0,0,0,0,0,0,0
60,1,1250,0x7FB43557B54149CE,0x780C2F604F99D74B,0x9B359BF20B4C919,1500,0,0,0,0,9,0,0,0,0,0x8B36F2555CECC77,0,0,0,0,0,0,0,0,0,0,0,0,0,0,0,0
61,2,2500,0x7FB43557B54149CE,0x780C2F604F99D74B,0x9B359BF20B4C919,2000,0,0,0,0,9,0,0,0,0,0x8B36F2555CECC77,0,0,0,0,0,0,0,0,0,0,0,0,0,0,0,0
62,3,5000,0x7FB43557B54149CE,0x780C2F604F99D74B,0x9B359BF20B4C919,2500,0,0,0,0,9,0,0,0,0,0x8B36F2555CECC77,0,0,0,0,0,0,0,0,0,0,0,0,0,0,0,0
63,4,10000,0x7FB43557B54149CE,0x780C2F604F99D74B,0x9B359BF20B4C919,5000,0,0,0,0xD32F8463F692122,9,0x36CCE701112EC8B3,0,0,0,0x8B36F2555CECC77,0,0,0,0,1,0,0,0,0,0,0,0,0,0,0,0
64,0,50,0x7FB43557B54149CE,0x591F21F9039E2BC7,0x697F5E8F8B751DCB,1000,0,0,0,0,9,0,0,0,0,0x8B36F2555CECC77,0,0,0,0,0,0,0,0,0,0,0,0,0,0,0,0
65,1,100,0x7FB43557B54149CE,0x591F21F9039E2BC7,0x697F5E8F8B751DCB,1500,0,0,0,0,9,0,0,0,0,0x8B36F2555CECC77,0,0,0,0,0,0,0,0,0,0,0,0,0,0,0,0
66,2,250,0x7FB43557B54149CE,0x591F21F9039E2BC7,0x697F5E8F8B751DCB,2000,0,0,0,0,9,0,0,0,0,0x8B36F2555CECC77,0,0,0,0,0,0,0,0,0,0,0,0,0,0,0,0
67,3,500,0x7FB43557B54149CE,0x591F21F9039E2BC7,0x697F5E8F8B751DCB,2500,0,0,0,0,9,0,0,0,0,0x8B36F2555CECC77,0,0,0,0,0,0,0,0,0,0,0,0,0,0,0,0
68,4,1000,0x7FB43557B54149CE,0x591F21F9039E2BC7,0x697F5E8F8B751DCB,5000,0,0,0,0xD32F8463F692122,9,0x2A8434DC9E73F6DD,0,0,0,0x8B36F2555CECC77,0,0,0,0,1,0,0,0,0,0,0,0,0,0,0,0
69,0,250,0x7FB43557B54149CE,0x2C09AC12BC5011D7,0x250C0050C1E7BCD1,500,0,0,0,0,9,0,0,0,0,0x8B36F2555CECC77,0,0,0,0,0,0,0,0,0,0,0,0,0,0,0,0
70,1,1000,0x7FB43557B54149CE,0x2C09AC12BC5011D7,0x250C0050C1E7BCD1,1000,0,0,0,0,9,0,0,0,0,0x8B36F2555CECC77,0,0,0,0,0,0,0,0,0,0,0,0,0,0,0,0
71,2,2500,0x7FB43557B54149CE,0x2C09AC12BC5011D7,0x250C0050C1E7BCD1,2500,0,0,0,0xD32F8463F692122,9,0x3168817CBE5B9CEB,0,0,0,0x8B36F2555CECC77,0,0,0,0,1,0,0,0,0,0,0,0,0,0,0,0
72,0,25,0x7FB43557B54149CE,0x2D62481543A7209,0x7B38FC400B9DC40E,1000,0,0,0,0,9,0,0,0,0,0x8B36F2555CECC77,0,0,0,0,0,0,0,0,0,0,0,0,0,0,0,0
73,1,50,0x7FB43557B54149CE,0x2D62481543A7209,0x7B38FC400B9DC40E,1500,0,0,0,0,9,0,0,0,0,0x8B36F2555CECC77,0,0,0,0,0,0,0,0,0,0,0,0,0,0,0,0
74,2,125,0x7FB43557B54149CE,0x2D62481543A7209,0x7B38FC400B9DC40E,2000,0,0,0,0,9,0,0,0,0,0x8B36F2555CECC77,0,0,0,0,0,0,0,0,0,0,0,0,0,0,0,0
75,3,250,0x7FB43557B54149CE,0x2D62481543A7209,0x7B38FC400B9DC40E,2500,0,0,0,0,9,0,0,0,0,0x8B36F2555CECC77,0,0,0,0,0,0,0,0,0,0,0,0,0,0,0,0
76,4,500,0x7FB43557B54149CE,0x2D62481543A7209,0x7B38FC400B9DC40E,5000,0,0,0,0xD32F8463F692122,9,0x4DE3D595972C84BE,0,0,0,0x8B36F2555CECC77,0,0,0,0,1,0,0,0,0,0,0,0,0,0,0,0
77,0,6,0x7FB43557B54149CE,0xD32F8463F692122,0x40A987D78E2A39F,10000,0,0,0,0x5F984F0BDE7CC31,9,0x5C18311001542731,0,0,0,0x8B36F2555CECC77,0,1,0,1,0,0,0,0,0,0,0,0,0,0,0,0
78,0,10,0x7FB43557B54149CE,0xCBBC08140C43E3E,0x53E885B96851D112,5000,0,0,0,0x4E1188B58A62DB00,0,0x3F6410CDF4CD2C42,1,0,0,0x213C938FEC5A5E5B,0,0,0,0,1,0,0,0,0,0,0,0,0,0,0,0
79,0,1,0x7FB43557B54149CE,0xCBBC58140C446BD,0x53E882B96851CBF9,5000,0,0,0,0x4E1188B58A62DB00,0,0x5A4F2F12B9FA85D3,4,0,0,0x213C938FEC5A5E5B,0,0,0,0,1,0,0,0,0,0,0,0,0,0,0,0
80,0,1,0x7FB43557B54149CE,0xCBF468140C757C7,0x53EC0BB96854EA9B,5000,0,0,0,0x4E1188B58A62DB00,0,0x42A5B1E45A9AE54D,7,0,0,0x213C938FEC5A5E5B,0,0,0,0,1,0,0,0,0,0,0,0,0,0,0,0
81,0,1,0x7FB43557B54149CE,0x636E48D7C211ED26,0x5CC85C3C2EEB4702,5000,0,0,0,0x4E1188B58A62DB00,0,0xDE7B668A5C18D92,10,0,0,0x213C938FEC5A5E5B,0,0,0,0,1,0,0,0,0,0,0,0,0,0,0,0
82,0,1,0x7FB43557B54149CE,0x636E47D7C211EB73,0x5CC85B3C2EEB454F,10000,0,0,0,0x4E1188B58A62DB00,0,0x5E1344D35D800AC1,13,0,0,0x213C938FEC5A5E5B,0,0,0,0,1,0,0,0,0,0,0,0,0,0,0,0
83,0,1,0x7FB43557B54149CE,0x636E46D7C211E9C0,0x5CC85A3C2EEB439C,10000,0,0,0,0x4E1188B58A62DB00,0,0x7FA0B178C6553AE4,16,0,0,0x213C938FEC5A5E5B,0,0,0,0,1,0,0,0,0,0,0,0,0,0,0,0
84,0,1,0x7FB43557B54149CE,0x469482AB3CBCB986,0x3B3F5BFC18EFBE8A,10000,0,0,0,0x4E1188B58A62DB00,0,0x306335ABCD673B3A,19,0,0,0x213C938FEC5A5E5B,0,0,0,0,1,0,0,0,0,0,0,0,0,0,0,0
85,0,25,0x7FB43557B54149CE,0x11D3C69F5A54BC66,0x1BCEEC39360EE7DE,5000,0,0,0,0x4E1188B58A62DB00,0,0x7F24FB7AEC6484EE,22,0,0,0x213C938FEC5A5E5B,0,0,0,0,1,0,0,0,0,0,0,0,0,0,0,0
86,0,1,0x7FB43557B54149CE,0x6F41F79A13199C79,0x541877FB870D19A9,5000,0,0,0,0x4E1188B58A62DB00,0,0x4A62285EF0068A3,25,0,0,0x213C938FEC5A5E5B,0,0,0,0,1,0,0,0,0,0,0,0,0,0,0,0
87,0,1,0x7FB43557B54149CE,0x70670980A3A22C4,0x19F0987785E024A1,1000,0,0,0,0x4E1188B58A62DB00,0,0x3D3A20D2A1BB14DB,28,0,0,0x213C938FEC5A5E5B,0,0,0,0,1,0,0,0,0,0,0,0,0,0,0,0
88,0,1,0x7FB43557B54149CE,0x5366BFF9DD244585,0x7A7A5714212C184D,5000,0,0,0,0x4E1188B58A62DB00,0,0x725F56D4D8706D77,31,0,0,0x213C938FEC5A5E5B,0,0,0,0,1,0,0,0,0,0,0,0,0,0,0,0
89,0,21,0x7FB43557B54149CE,0x7120961E7102EE0C,0x46AF3297F3F8816E,5000,0,0,0,0x4E1188B58A62DB00,0,0x6B6A5CACE570495E,34,0,0,0x213C938FEC5A5E5B,0,0,0,0,1,0,0,0,0,0,0,0,0,0,0,0
90,0,5,0x7FB43557B54149CE,0x53316BF26E1435BB,0x1B279009720FB379,5000,0,0,0,0x4E1188B58A62DB00,0,0xA17AFB310C60C53,37,0,0,0x213C938FEC5A5E5B,0,0,0,0,1,0,0,0,0,0,0,0,0,0,0,0
92,0,12,0x7FB43557B54149CE,0x4E1188B58A62DB00,0xEE71B2A06000B4B,10000,0,0,0,0x5F984F0BDE7CC31,0,0x6F9F392E5304CF5D,40,0,0,0x213C938FEC5A5E5B,0,1,0,1,0,0,0,0,0,0,0,0,0,0,0,0
93,0,1,0x7ECD2F25FD60F375,0x7F0E1B2D09E69FC3,0x5A619F94ABE000B,0,0,0,0,0x7120961E7102EE0C,0,0,0,0,0,0,0,0,0,0,1,0,0,0,0,0,0,0,0,0,0,0
94,0,1,0x721D7E71414C058F,0x7F0E1B2D09E69FC3,0x5A619F94ABE000B,0,0,0,0,0x7120961E7102EE0C,0,0,0,0,0,0,0,0,0,0,1,0,0,0,0,0,0,0,0,0,0,0
95,0,1,0x70418D65A32A8D17,0x7F0E1B2D09E69FC3,0x5A619F94ABE000B,0,0,0,0,0x7120961E7102EE0C,0,0,0,0,0,0,0,0,0,0,1,0,0,0,0,0,0,0,0,0,0,0
96,0,1,0x621CA371808F856E,0x7F0E1B2D09E69FC3,0x5A619F94ABE000B,0,0,0,0,0x7120961E7102EE0C,0,0,0,0,0,0,0,0,0,0,1,0,0,0,0,0,0,0,0,0,0,0
97,0,1,0x3FE185BE04328801,0x7F0E1B2D09E69FC3,0x5A619F94ABE000B,0,0,0,0,0x7120961E7102EE0C,0,0,0,0,0,0,0,0,0,0,1,0,0,0,0,0,0,0,0,0,0,0
98,0,1,0x33A681C976E8D9F1,0x7F0E1B2D09E69FC3,0x5A619F94ABE000B,0,0,0,0,0x7120961E7102EE0C,0,0,0,0,0,0,0,0,0,0,1,0,0,0,0,0,0,0,0,0,0,0
99,0,1,0x2E59EA5D66B39FE3,0x7F0E1B2D09E69FC3,0x5A619F94ABE000B,0,0,0,0,0x7120961E7102EE0C,0,0,0,0,0,0,0,0,0,0,1,0,0,0,0,0,0,0,0,0,0,0
100,0,1,0x7BB321718EF0E454,0x7F0E1B2D09E69FC3,0x5A619F94ABE000B,0,0,0,0,0x7120961E7102EE0C,0,0,0,0,0,0,0,0,0,0,1,0,0,0,0,0,0,0,0,0,0,0
101,0,1,0x4A9ACE0557715BCE,0x7F0E1B2D09E69FC3,0x5A619F94ABE000B,0,0,0,0,0x7120961E7102EE0C,0,0,0,0,0,0,0,0,0,0,1,0,0,0,0,0,0,0,0,0,0,0
102,0,10,0x7FB43557B54149CE,0x6F339DFE8817F57B,0x7118AAC128FE4996,1000,0,0,0,0,0,0,0,0,0,0x6E0373CF331153F2,0,0,0,0,0,0,0,0,0,0,0,0,0,0,0,0
103,1,25,0x7FB43557B54149CE,0x6F339DFE8817F57B,0x7118AAC128FE4996,1500,0,0,0,0,0,0,0,0,0,0x6E0373CF331153F2,0,0,0,0,0,0,0,0,0,0,0,0,0,0,0,0
104,2,50,0x7FB43557B54149CE,0x6F339DFE8817F57B,0x7118AAC128FE4996,2500,0,0,0,0x50BCBF099B90BE70,0,0x4EC509697980FD66,0,0,0,0x6E0373CF331153F2,0,0,0,0,1,0,0,0,0,0,0,0,0,0,0,0
105,0,1,0x7FB43557B54149CE,0xCB8BA8140C1FE35,0x2B414438A8227B56,1000,0,0,0,0,0,0,0,0,0,0x6E0373CF331153F2,0,0,0,0,0,0,0,0,0,0,0,0,0,0,0,0
106,1,5,0x7FB43557B54149CE,0xCB8BA8140C1FE35,0x2B414438A8227B56,1500,0,0,0,0,0,0,0,0,0,0x6E0373CF331153F2,0,0,0,0,0,0,0,0,0,0,0,0,0,0,0,0
107,2,10,0x7FB43557B54149CE,0xCB8BA8140C1FE35,0x2B414438A8227B56,2500,0,0,0,0x50BCBF099B90BE70,0,0x6DB495CE86395926,0,0,0,0x6E0373CF331153F2,0,0,0,0,1,0,0,0,0,0,0,0,0,0,0,0
108,0,1,0x7FB43557B54149CE,0xCB8B58140C1F5B6,0x2B414938A82283D5,2500,0,0,0,0x50BCBF099B90BE70,0,0x110C96CB296F0F7F,0,0,0,0x6E0373CF331153F2,0,0,0,0,1,0,0,0,0,0,0,0,0,0,0,0
109,0,10,0x7FB43557B54149CE,0x636E4BD7C211F23F,0x185D4B5754D5865C,1000,0,0,0,0,0,0,0,0,0,0x6E0373CF331153F2,0,0,0,0,0,0,0,0,0,0,0,0,0,0,0,0
110,1,25,0x7FB43557B54149CE,0x636E4BD7C211F23F,0x185D4B5754D5865C,1500,0,0,0,0,0,0,0,0,0,0x6E0373CF331153F2,0,0,0,0,0,0,0,0,0,0,0,0,0,0,0,0
111,2,50,0x7FB43557B54149CE,0x636E4BD7C211F23F,0x185D4B5754D5865C,2500,0,0,0,0x50BCBF099B90BE70,0,0x7E86E4F7C68991A4,0,0,0,0x6E0373CF331153F2,0,0,0,0,1,0,0,0,0,0,0,0,0,0,0,0
112,0,5,0x7FB43557B54149CE,0x636E4AD7C211F08C,0x185D4C5754D5880F,1000,0,0,0,0,0,0,0,0,0,0x6E0373CF331153F2,0,0,0,0,0,0,0,0,0,0,0,0,0,0,0,0
113,1,10,0x7FB43557B54149CE,0x636E4AD7C211F08C,0x185D4C5754D5880F,1500,0,0,0,0,0,0,0,0,0,0x6E0373CF331153F2,0,0,0,0,0,0,0,0,0,0,0,0,0,0,0,0
114,2,25,0x7FB43557B54149CE,0x636E4AD7C211F08C,0x185D4C5754D5880F,2500,0,0,0,0x50BCBF099B90BE70,0,0x11309A7977623381,0,0,0,0x6E0373CF331153F2,0,0,0,0,1,0,0,0,0,0,0,0,0,0,0,0
115,0,1,0x7FB43557B54149CE,0x636E49D7C211EED9,0x185D495754D582F6,2500,0,0,0,0x50BCBF099B90BE70,0,0x36399C7CB3259206,0,0,0,0x6E0373CF331153F2,0,0,0,0,1,0,0,0,0,0,0,0,0,0,0,0
116,0,6,0x7FB43557B54149CE,0x50BCBF099B90BE70,0x138ACB3DDD3D47B6,10000,0,0,0,0x5F984F0BDE7CC31,0,0x7A0228C6F9634DC6,0,0,0,0x6E0373CF331153F2,0,1,0,1,0,0,0,0,0,0,0,0,0,0,0,0
117,0,5,0x7FB43557B54149CE,0x1FC754388ADB8A44,0x7DBD3739C5702640,1000,0,0,0,0,0,0,0,0,0,0x50929FF78D941495,0,0,0,0,0,0,0,0,0,0,0,0,0,0,0,0
118,1,10,0x7FB43557B54149CE,0x1FC754388ADB8A44,0x7DBD3739C5702640,1500,0,0,0,0,0,0,0,0,0,0x50929FF78D941495,0,0,0,0,0,0,0,0,0,0,0,0,0,0,0,0
119,2,25,0x7FB43557B54149CE,0x1FC754388ADB8A44,0x7DBD3739C5702640,2500,0,0,0,0xA354281889F532B,0,0x446D6E52036627C8,0,0,0,0x50929FF78D941495,0,0,0,0,1,0,0,0,0,0,0,0,0,0,0,0
120,0,10,0x7FB43557B54149CE,0x18CC315440F11102,0x4EF56D2A1D6F05BF,2500,0,0,0,0xA354281889F532B,0,0x50DF3A8871643691,0,0,0,0x50929FF78D941495,0,0,0,0,1,0,0,0,0,0,0,0,0,0,0,0
121,0,1,0x7FB43557B54149CE,0x638F61DA53845C62,0x2FF7A2042ADC1C65,2500,0,0,0,0xA354281889F532B,0,0x5FC7CB958392B06F,0,0,0,0x50929FF78D941495,0,0,0,0,1,0,0,0,0,0,0,0,0,0,0,0
122,0,3,0x7FB43557B54149CE,0x3A99ADCB0A44C32B,0x74BDF3CCE66A56AB,2500,0,0,0,0xA354281889F532B,0,0x226631F05A229AFD,0,0,0,0x50929FF78D941495,0,0,0,0,1,0,0,0,0,0,0,0,0,0,0,0
123,0,20,0x7FB43557B54149CE,0x4B3049BA027DD495,0x49D11D7A1F34E855,2500,0,0,0,0xA354281889F532B,0,0xF087E2956A8ECFF,0,0,0,0x50929FF78D941495,0,0,0,0,1,0,0,0,0,0,0,0,0,0,0,0
124,0,5,0x7FB43557B54149CE,0x6400FF0FF3D29C3E,0x365218743A0E6A44,2500,0,0,0,0xA354281889F532B,0,0x14909FAB6E884B6C,0,0,0,0x50929FF78D941495,0,0,0,0,1,0,0,0,0,0,0,0,0,0,0,0
125,0,6,0x7FB43557B54149CE,0xA354281889F532B,0x7CF03CB651687B3,10000,0,0,0,0x5F984F0BDE7CC31,0,0x7A225D8D4ACF9FA5,0,0,0,0x50929FF78D941495,0,1,0,1,0,0,0,0,0,0,0,0,0,0,0,0
126,0,25,0x7FB43557B54149CE,0x18265195BDEF3B4F,0x7FF601FE91BAF7F1,500,0,0,0,0,9,0,0,0,0,0x3D4FF4F907C11F44,0,0,0,0,0,0,0,0,0,0,0,0,0,0,0,0
127,1,50,0x7FB43557B54149CE,0x18265195BDEF3B4F,0x7FF601FE91BAF7F1,1000,0,0,0,0,9,0,0,0,0,0x3D4FF4F907C11F44,0,0,0,0,0,0,0,0,0,0,0,0,0,0,0,0
128,2,100,0x7FB43557B54149CE,0x18265195BDEF3B4F,0x7FF601FE91BAF7F1,2500,0,0,0,0x5413FD259AB4EB56,9,0x616DFB263A8D0D4B,0,0,0,0x3D4FF4F907C11F44,0,0,0,0,1,0,0,0,0,0,0,0,0,0,0,0
129,0,10,0x7FB43557B54149CE,0x7593E7F0EEF9855,0x5E139EA217EC7383,500,0,0,0,0,9,0,0,0,0,0x3D4FF4F907C11F44,0,0,0,0,0,0,0,0,0,0,0,0,0,0,0,0
130,1,25,0x7FB43557B54149CE,0x7593E7F0EEF9855,0x5E139EA217EC7383,1000,0,0,0,0,9,0,0,0,0,0x3D4FF4F907C11F44,0,0,0,0,0,0,0,0,0,0,0,0,0,0,0,0
131,2,50,0x7FB43557B54149CE,0x7593E7F0EEF9855,0x5E139EA217EC7383,2500,0,0,0,0x5413FD259AB4EB56,9,0x2D64CA0F250F6115,0,0,0,0x3D4FF4F907C11F44,0,0,0,0,1,0,0,0,0,0,0,0,0,0,0,0
132,0,25,0x7FB43557B54149CE,0x5A0DF05FDA484FFD,0x3DBEA289577AEDD7,500,0,0,0,0,9,0,0,0,0,0x3D4FF4F907C11F44,0,0,0,0,0,0,0,0,0,0,0,0,0,0,0,0
133,1,50,0x7FB43557B54149CE,0x5A0DF05FDA484FFD,0x3DBEA289577AEDD7,1000,0,0,0,0,9,0,0,0,0,0x3D4FF4F907C11F44,0,0,0,0,0,0,0,0,0,0,0,0,0,0,0,0
134,2,100,0x7FB43557B54149CE,0x5A0DF05FDA484FFD,0x3DBEA289577AEDD7,2500,0,0,0,0x5413FD259AB4EB56,9,0x2F1001D2ABA2FDC9,0,0,0,0x3D4FF4F907C11F44,0,0,0,0,1,0,0,0,0,0,0,0,0,0,0,0
135,0,50,0x7FB43557B54149CE,0x3183BD76E4F93D3D,0x1E38E9060CB12691,500,0,0,0,0,9,0,0,0,0,0x3D4FF4F907C11F44,0,0,0,0,0,0,0,0,0,0,0,0,0,0,0,0
136,1,125,0x7FB43557B54149CE,0x3183BD76E4F93D3D,0x1E38E9060CB12691,1000,0,0,0,0,9,0,0,0,0,0x3D4FF4F907C11F44,0,0,0,0,0,0,0,0,0,0,0,0,0,0,0,0
137,2,250,0x7FB43557B54149CE,0x3183BD76E4F93D3D,0x1E38E9060CB12691,2500,0,0,0,0x5413FD259AB4EB56,9,0x383F3041BF6AB8AB,0,0,0,0x3D4FF4F907C11F44,0,0,0,0,1,0,0,0,0,0,0,0,0,0,0,0
138,0,5,0x7FB43557B54149CE,0x373FD5819588488B,0x291242389679FFE9,500,0,0,0,0,9,0,0,0,0,0x3D4FF4F907C11F44,0,0,0,0,0,0,0,0,0,0,0,0,0,0,0,0
139,1,10,0x7FB43557B54149CE,0x373FD5819588488B,0x291242389679FFE9,1000,0,0,0,0,9,0,0,0,0,0x3D4FF4F907C11F44,0,0,0,0,0,0,0,0,0,0,0,0,0,0,0,0
140,2,25,0x7FB43557B54149CE,0x373FD5819588488B,0x291242389679FFE9,2500,0,0,0,0x5413FD259AB4EB56,9,0x218D7CA6FE1089E3,0,0,0,0x3D4FF4F907C11F44,0,0,0,0,1,0,0,0,0,0,0,0,0,0,0,0
141,0,5,0x7FB43557B54149CE,0xE86A282E6A2C2A6,0x13CEFEB5C9F50378,2500,0,0,0,0x5413FD259AB4EB56,9,0x747DCB4E588172A0,0,0,0,0x3D4FF4F907C11F44,0,0,0,0,1,0,0,0,0,0,0,0,0,0,0,0
142,0,6,0x7FB43557B54149CE,0x5413FD259AB4EB56,0x4B2E0DD8C97F1246,10000,0,0,0,0x5F984F0BDE7CC31,9,0x64E9146CDD002836,0,0,0,0x3D4FF4F907C11F44,0,1,0,1,0,0,0,0,0,0,0,0,0,0,0,0
143,0,25,0x7FB43557B54149CE,0x4C3088A2E317BB2,0x634972EFB07B09BC,500,0,0,0,0,9,0,0,0,0,0x34F581FC6041F6A4,0,0,0,0,0,0,0,0,0,0,0,0,0,0,0,0
144,1,50,0x7FB43557B54149CE,0x4C3088A2E317BB2,0x634972EFB07B09BC,1000,0,0,0,0,9,0,0,0,0,0x34F581FC6041F6A4,0,0,0,0,0,0,0,0,0,0,0,0,0,0,0,0
145,2,100,0x7FB43557B54149CE,0x4C3088A2E317BB2,0x634972EFB07B09BC,2500,0,0,0,0x340BF77DF256E6CE,9,0x4F5824FBF5001F44,0,0,0,0x34F581FC6041F6A4,0,0,0,0,1,0,0,0,0,0,0,0,0,0,0,0
146,0,10,0x7FB43557B54149CE,0x66E8377FA1876239,0xC7982A8FE831A63,500,0,0,0,0,9,0,0,0,0,0x34F581FC6041F6A4,0,0,0,0,0,0,0,0,0,0,0,0,0,0,0,0
147,1,25,0x7FB43557B54149CE,0x66E8377FA1876239,0xC7982A8FE831A63,1000,0,0,0,0,9,0,0,0,0,0x34F581FC6041F6A4,0,0,0,0,0,0,0,0,0,0,0,0,0,0,0,0
148,2,50,0x7FB43557B54149CE,0x66E8377FA1876239,0xC7982A8FE831A63,2500,0,0,0,0x340BF77DF256E6CE,9,0x618B759821AF2535,0,0,0,0x34F581FC6041F6A4,0,0,0,0,1,0,0,0,0,0,0,0,0,0,0,0
149,0,100,0x7FB43557B54149CE,0x40DF7B67FF81556E,0x12F6A3916C43204E,1000,0,0,0,0x340BF77DF256E6CE,9,0x696C1638F1EF9CFE,0,0,0,0x34F581FC6041F6A4,0,0,0,0,1,0,0,0,0,0,0,0,0,0,0,0
150,0,1,0x7FB43557B54149CE,0x753E8AA203648FFD,0x73C3D3E2E1F35AC7,2500,0,0,0,0x340BF77DF256E6CE,9,0x66CF43A738CD1659,0,0,0,0x34F581FC6041F6A4,0,0,0,0,1,0,0,0,0,0,0,0,0,0,0,0
151,0,10,0x7FB43557B54149CE,0x63729DD94A44E64F,0x3A6B87E14121F7A1,2500,0,0,0,0x340BF77DF256E6CE,9,0x36DC09966A8DADDB,0,0,0,0x34F581FC6041F6A4,0,0,0,0,1,0,0,0,0,0,0,0,0,0,0,0
152,0,1,0x7FB43557B54149CE,0x1F4675640009A9F7,0x7B936BAF2716107C,2500,0,0,0,0x340BF77DF256E6CE,9,0x6CA5AC59A0FBB104,0,0,0,0x34F581FC6041F6A4,0,0,0,0,1,0,0,0,0,0,0,0,0,0,0,0
153,0,6,0x7FB43557B54149CE,0x340BF77DF256E6CE,0x145C39C4482F120D,10000,0,0,0,0x5F984F0BDE7CC31,9,0x421D398A13A75B37,0,0,0,0x34F581FC6041F6A4,0,1,0,1,0,0,0,0,0,0,0,0,0,0,0,0
154,0,5,0x7FB43557B54149CE,0x7923FCE35E4BA933,0x309613E1EE58E2AF,500,0,0,0,0,9,0,0,0,0,0x288427F5BABD05F7,0,0,0,0,0,0,0,0,0,0,0,0,0,0,0,0
155,1,10,0x7FB43557B54149CE,0x7923FCE35E4BA933,0x309613E1EE58E2AF,1000,0,0,0,0,9,0,0,0,0,0x288427F5BABD05F7,0,0,0,0,0,0,0,0,0,0,0,0,0,0,0,0
156,2,25,0x7FB43557B54149CE,0x7923FCE35E4BA933,0x309613E1EE58E2AF,2500,0,0,0,0x32A7829D2C230F5,9,0x1E0AEBC3183AD261,0,0,0,0x288427F5BABD05F7,0,0,0,0,1,0,0,0,0,0,0,0,0,0,0,0
157,0,50,0x7FB43557B54149CE,0x71E899BF5C44679A,0x41ACF4F74F3D9D94,500,0,0,0,0,9,0,0,0,0,0x288427F5BABD05F7,0,0,0,0,0,0,0,0,0,0,0,0,0,0,0,0
158,1,150,0x7FB43557B54149CE,0x71E899BF5C44679A,0x41ACF4F74F3D9D94,1000,0,0,0,0,9,0,0,0,0,0x288427F5BABD05F7,0,0,0,0,0,0,0,0,0,0,0,0,0,0,0,0
159,2,300,0x7FB43557B54149CE,0x71E899BF5C44679A,0x41ACF4F74F3D9D94,2500,0,0,0,0x32A7829D2C230F5,9,0x30518DD282223F5C,0,0,0,0x288427F5BABD05F7,0,0,0,0,1,0,0,0,0,0,0,0,0,0,0,0
160,0,25,0x7FB43557B54149CE,0x4DB8A1F607F40AC1,0x67F78CC6E7F09EE8,500,0,0,0,0,9,0,0,0,0,0x288427F5BABD05F7,0,0,0,0,1,0,0,0,0,0,0,0,0,0,0,0
161,1,50,0x7FB43557B54149CE,0x4DB8A1F607F40AC1,0x67F78CC6E7F09EE8,1000,0,0,0,0,9,0,0,0,0,0x288427F5BABD05F7,0,0,0,0,1,0,0,0,0,0,0,0,0,0,0,0
162,2,100,0x7FB43557B54149CE,0x4DB8A1F607F40AC1,0x67F78CC6E7F09EE8,2500,0,0,0,0x32A7829D2C230F5,9,0xF5E1783423A130,0,0,0,0x288427F5BABD05F7,0,0,0,0,1,0,0,0,0,0,0,0,0,0,0,0
163,0,1,0x7FB43557B54149CE,0x49CF7243107C10F8,0x3667112CDB0D1E1,2500,0,0,0,0x32A7829D2C230F5,9,0x6703D1AD50CA331B,0,0,0,0x288427F5BABD05F7,0,0,0,0,1,0,0,0,0,0,0,0,0,0,0,0
164,0,3,0x7FB43557B54149CE,0x282A2AE8254B4D34,0x32CF4E5BA6F68DD1,2500,0,0,0,0x32A7829D2C230F5,9,0xF36682AF4A06FEB,0,0,0,0x288427F5BABD05F7,0,0,0,0,1,0,0,0,0,0,0,0,0,0,0,0
165,0,5,0x7FB43557B54149CE,0x54A399CFE854C8AA,0x44525DEB4B1B9FBC,2500,0,0,0,0x32A7829D2C230F5,9,0x1C96EF1B89362144,0,0,0,0x288427F5BABD05F7,0,0,0,0,1,0,0,0,0,0,0,0,0,0,0,0
166,0,6,0x7FB43557B54149CE,0x32A7829D2C230F5,0x3C632B7678E3A5C7,10000,0,0,0,0x5F984F0BDE7CC31,9,0x5DDD75003BC81759,0,0,0,0x288427F5BABD05F7,0,1,0,1,0,0,0,0,0,0,0,0,0,0,0,0
170,0,3,0x7DBB8C7CA3AEB214,0x4711F96A09147C,0x375654B42645FF13,500,0,0,0,0,0,0,0,0,0,0x468D2D4E395DD564,0,0,0,0,0,0,0,0,0,0,1,0,0,0,0,0
171,1,6,0x7DBB8C7CA3AEB214,0x4711F96A09147C,0x375654B42645FF13,1000,0,0,0,0,0,0,0,0,0,0x468D2D4E395DD564,0,0,0,0,0,0,0,0,0,0,1,0,0,0,0,0
172,2,9,0x7DBB8C7CA3AEB214,0x4711F96A09147C,0x375654B42645FF13,2500,0,0,0,0x440A913B1FA5AFBA,0,0x431F0626961083C5,0,0,0,0x468D2D4E395DD564,0,0,0,0,1,0,0,0,0,0,1,0,0,0,0,0
173,0,7,0x7DBB8C7CA3AEB214,0x4714F96A091995,0x375655B4264600C6,500,0,0,0,0x440A913B1FA5AFBA,0,0x685B1784362F63B6,0,0,0,0x468D2D4E395DD564,0,0,0,0,1,0,0,0,0,0,1,0,0,0,0,0
174,0,5,0x7DBB8C7CA3AEB214,0x4713F96A0917E2,0x5C94DB5A42B6FCC6,3000,0,0,0,0x440A913B1FA5AFBA,0,0x621349AA9F7C9953,0,0,0,0x468D2D4E395DD564,0,0,0,0,1,0,0,0,0,0,1,0,0,0,0,0
175,0,3,0x7DBB8C7CA3AEB214,0x440A913B1FA5AFBA,0x4623BCD868BC8BBC,5000,0,0,0,0,0,0xA2B42F774296544,0,0,0,0x468D2D4E395DD564,0,1,0,1,0,0,0,0,0,0,1,0,0,0,0,0
