0x20C31474A20,0x20C3254F748,0x20C3254F751,0x20C3254F748,0x20C3254F751,0x20C3254F757
0x20C3254F75B,0x20C3254F760,0x20C3254F76C,0x20C31474A20,0x20C31474A20,0x20C31474A20
0x20C3254F784,0x20C3254F760,0x20C3254F787,0x20C3254F79F,0x20C3254F7AB,0x20C31474A20
0x20C3254F7B0,0x20C3254F760,0x20C3254F7B3,0x20C3254F79F,0x20C3254F7AB,0x20C31474A20
0x20C3254F7CB,0x20C3254F760,0x20C3254F76C,0x20C3254F79F,0x20C3254F7AB,0x20C31474A20
0x20C3254F7CE,0x20C3254F760,0x20C3254F76C,0x20C31474A20,0x20C31474A20,0x20C31474A20
0x20C3254F7D1,0x20C3254F760,0x20C3254F76C,0x20C31474A20,0x20C31474A20,0x20C31474A20
0x20C3254F7D4,0x20C3254F760,0x20C3254F76C,0x20C31474A20,0x20C31474A20,0x20C31474A20
0x20C3254F7D7,0x20C3254F760,0x20C3254F76C,0x20C31474A20,0x20C31474A20,0x20C31474A20
0x20C3254F7D9,0x20C3254F760,0x20C3254F76C,0x20C31474A20,0x20C31474A20,0x20C31474A20
0x20C3254F7DC,0x20C3254F7DF,0x20C3254F7EE,0x20C31474A20,0x20C31474A20,0x20C31474A20
0x20C3254F7F2,0x20C3254F79F,0x20C3254F7AB,0x20C31474A20,0x20C31474A20,0x20C31474A20
0x20C3254F7F4,0x20C3254F7F6,0x20C3254F801,0x20C31474A20,0x20C31474A20,0x20C31474A20
0x20C3254F808,0x20C3254F80F,0x20C31474A20,0x20C31474A20,0x20C31474A20,0x20C31474A20
0x20C3254F815,0x20C3254F80F,0x20C31474A20,0x20C31474A20,0x20C31474A20,0x20C31474A20
