0x6A7A650C9DB7A5BB,0xC6DD1792B4D2E12
0x25396C4AAA48069E,0x190E0161742E23B3
0x18F995CE8084C3D0,0x1D4FBDB2322401BD
0x426CC800A42E28D6,0x5FEB343F14FF3DE1
0xC53E86C93C0F76E,0x33343324A0D7B33F
0xF6CBED2A1576B18,0x51FD27836E630621
0x3669E78C8ACA0B02,0x2EE5205529DA2BB5
0x2429A195CE84D1A,0x30F34131BA1DB3D1
0x1FE1DF0641CFE432,0x5C845517AE93E51
0x1756B770848623F,0x1425889ED4067AF0
0x1756C77084863F2,0x14258B9ED4068009
0x1756D77084865A5,0x14258A9ED4067E56
0x1756677084859C0,0x14258D9ED406836F
0x175677708485B73,0x14258C9ED40681BC
0x175687708485D26,0x14258F9ED40686D5
0x175697708485ED9,0x14258E9ED4068522
0x175727708486E24,0x1425919ED4068A3B
0x175737708486FD7,0x1425909ED4068888
0x178F077084B7A15,0x1422239ED403997A
0x178EF77084B7862,0x1422249ED4039B2D
0x178EE77084B76AF,0x1422219ED4039614
