0x2B307838FEBF78C8,0x40A28F5C,0x4111EB85,0x2A155C727059C5E5,0,0,0,0,0,0,0,0,0
0x2B307838FEBF78C8,0x4119999A,0x41380000,0x4D7ABCEC0568EE45,0,0,0,0,0,0,0,0,0
0x2B307838FEBF78C8,0x413D999A,0x4161999A,0x3AD3B6855C0EF177,0,0,0,0,0,0,0,0,0
0x2B307838FEBF78C8,0x416428F6,0x41C40000,0x2932BB78E205BE1F,0,0,0,0,0,0,0,0,0
0x2B307838FEBF78C8,0x41C9999A,0x41D53333,0x5873F61975922111,0,0,0,0,0,0,0,0,0
0x2B307838FEBF78C8,0x41D9EB85,0x41F4CCCD,0x77C0AE3C8762E3D9,0,0,0,0,0,0,0,0,0
0x2B307838FEBF78C8,0x41FB999A,0x42166666,0x357ECBB561770093,0,0,0,0,0,0,0,0,0
0x2B307838FEBF78C8,0x42190000,0x4220999A,0x5F198853540695C3,0,0,0,0,0,0,0,0,0
0x3D92DAFBE1C49CF4,0x3EA8F5C3,0x40733333,0x46B280D4171C0319,0,0,0,0,0,0,0,0,0
0x3D92DAFBE1C49CF4,0x40851EB8,0x409CCCCD,0x624C3445B8B2D63E,0,0,0,0,0,0,0,0,0
0x3D92DAFBE1C49CF4,0x40A6B852,0x40EF5C29,0x64116A84A818CF28,0,0,0,0,0,0,0,0,0
0x3D92DAFBE1C49CF4,0x40F23D71,0x41411EB8,0x283EBBC5938949A0,0,0,0,0,0,0,0,0,0
0x3D92DAFBE1C49CF4,0x41451EB8,0x4150F5C3,0x571ABA1956619636,0,0,0,0,0,0,0,0,0
0x3D92DAFBE1C49CF4,0x41573333,0x4182CCCD,0x3A4406575B460A8A,0,0,0,0,0,0,0,0,0
0x3D92DAFBE1C49CF4,0x4184CCCD,0x418C8F5C,0x5638A1F0FACC045D,0,0,0,0,0,0,0,0,0
0x3D92DAFBE1C49CF4,0x418E6666,0x41D6A3D7,0x6731889E47AC327B,0,0,0,0,0,0,0,0,0
0x3D92DAFBE1C49CF4,0x41DACCCD,0x41E828F6,0x8574F24B4C49DEB,0,0,0,0,0,0,0,0,0
0x3D92DAFBE1C49CF4,0x41E8B852,0x42043333,0x2781210712969710,0,0,0,0,0,0,0,0,0
0x3D92DAFBE1C49CF4,0x4204CCCD,0x420E3333,0x3B1B29A29BA852B8,0,0,0,0,0,0,0,0,0
0x3D92DAFBE1C49CF4,0x420F70A4,0x42216666,0x61134231C89C232E,0,0,0,0,0,0,0,0,0
0x4EDE7C2318DF353E,0x40AFAE14,0x40F8A3D7,0x7CF1232539BE58A4,0,0,0,0,0,0,0,0,0
0x4EDE7C2318DF353E,0x4124A3D7,0x41751EB8,0x6ABDFD5B943341F7,0,0,0,0,0,0,0,0,0
0x4EDE7C2318DF353E,0x417EE148,0x419E6666,0x5CB4F4BD3E34DD7A,0,0,0,0,0,0,0,0,0
0x4EDE7C2318DF353E,0x41A0B852,0x41C28F5C,0x5B0E1DE790BEABFE,0,0,0,0,0,0,0,0,0
0x4EDE7C2318DF353E,0x41C8147B,0x41D3999A,0x58DD968921374D30,0,0,0,0,0,0,0,0,0
0x4EDE7C2318DF353E,0x41D6A3D7,0x41F90A3D,0x67A6CE725B43F3F0,0,0,0,0,0,0,0,0,0
0x4EDE7C2318DF353E,0x41FE147B,0x42080000,0x786EBB8FFF0F0BF9,0,0,0,0,0,0,0,0,0
0x4EDE7C2318DF353E,0x42083D71,0x42171EB8,0x11CF2EC0694592B9,0,0,0,0,0,0,0,0,0
0x4EDE7C2318DF353E,0x4217E148,0x4227E148,0x12FCAD5E6BE9AC67,0,0,0,0,0,0,0,0,0
0x4EDE7C2318DF353E,0x4227E148,0x422EA3D7,0xC22718C86B0D5F6,0,0,0,0,0,0,0,0,0
0x4EDE7C2318DF353E,0x4231A3D7,0x423BD70A,0xC28D6F3BE30E740,0,0,0,0,0,0,0,0,0
0x4EDE7C2318DF353E,0x423C999A,0x424070A4,0x4B644FEA9502B3ED,0,0,0,0,0,0,0,0,0
0x4EDE7C2318DF353E,0x424351EC,0x425ACCCD,0x29394CCA2DF49920,0,0,0,0,0,0,0,0,0
0x4EDE7C2318DF353E,0x425C51EC,0x42608F5C,0x4B644FEA9502B3ED,0,0,0,0,0,0,0,0,0
0x4EDE7C2318DF353E,0x4266C28F,0x427551EC,0x38CFB0F695EED751,0,0,0,0,0,0,0,0,0
0x4EDE7C2318DF353E,0x427C51EC,0x427E999A,0xF4F9707256B8C9F,0,0,0,0,0,0,0,0,0
0x331C16035662EE7A,0x3EA8F5C3,0x40600000,0x3F65C8F209D0A13,0,0,0,0,0,0,0,0,0
0x331C16035662EE7A,0x40A33333,0x40E28F5C,0x33ED302D518C37FA,0,0,0,0,0,0,0,0,0
0x331C16035662EE7A,0x40F147AE,0x416DC28F,0x5B0FB9EDB65D0226,0,0,0,0,0,0,0,0,0
0x331C16035662EE7A,0x4171999A,0x4184147B,0x6270397562D54CC4,0,0,0,0,0,0,0,0,0
0x331C16035662EE7A,0x41866666,0x41AA147B,0x274F4856ED4ADC14,0,0,0,0,0,0,0,0,0
0x331C16035662EE7A,0x41ABC28F,0x41DE0000,0x2C16989FB1CD84BE,0,0,0,0,0,0,0,0,0
0x331C16035662EE7A,0x41E15C29,0x420228F6,0x592EC694AC4F6872,0,0,0,0,0,0,0,0,0
0x331C16035662EE7A,0x4203999A,0x42163333,0xAD1B0E487C57C88,0,0,0,0,0,0,0,0,0
0x331C16035662EE7A,0x421847AE,0x421F0000,0x256E34FDE33D0C00,0,0,0,0,0,0,0,0,0
0x3EB6586AE322CFBB,0x3EB851EC,0x40533333,0x493BE5C8D33C26CD,0,0,0,0,0,0,0,0,0
0x3EB6586AE322CFBB,0x40B5C28F,0x41030A3D,0x557270F5BC009CA7,0,0,0,0,0,0,0,0,0
0x3EB6586AE322CFBB,0x410B0A3D,0x4168A3D7,0x70C5D7E1D7823179,0,0,0,0,0,0,0,0,0
0x3EB6586AE322CFBB,0x41691EB8,0x417EB852,0x18E2FB5E6AF5656D,0,0,0,0,0,0,0,0,0
0x3EB6586AE322CFBB,0x41811EB8,0x41B7851F,0x8528179B23E1F43,0,0,0,0,0,0,0,0,0
0x3EB6586AE322CFBB,0x41B80000,0x41FB999A,0x2455ABFD59E7FF3,0,0,0,0,0,0,0,0,0
0x3EB6586AE322CFBB,0x41FCB852,0x42060000,0x147442307F3F3DED,0,0,0,0,0,0,0,0,0
0x3EB6586AE322CFBB,0x4206851F,0x420BC28F,0x735811B403FC6179,0,0,0,0,0,0,0,0,0
0x3EB6586AE322CFBB,0x420C3333,0x421B70A4,0x389A8688CA04EEC7,0,0,0,0,0,0,0,0,0
0x3EB6586AE322CFBB,0x421C0A3D,0x42307AE1,0x4A17A114D3D0208F,0,0,0,0,0,0,0,0,0
0x10D7C173E8AE0C62,0x3EA8F5C3,0x40647AE1,0x268A1A17EFB7C4B,0,0,0,0,0,0,0,0,0
0x10D7C173E8AE0C62,0x408B3333,0x41007AE1,0x3E4C8268717797C2,0,0,0,0,0,0,0,0,0
0x10D7C173E8AE0C62,0x4100F5C3,0x416570A4,0x47800BD23A5665AE,0,0,0,0,0,0,0,0,0
0x10D7C173E8AE0C62,0x416A6666,0x4179999A,0x19CD60F54DE4EECC,0,0,0,0,0,0,0,0,0
0x10D7C173E8AE0C62,0x417AB852,0x41AFD70A,0x3BFA7C4E89431CFC,0,0,0,0,0,0,0,0,0
0x10D7C173E8AE0C62,0x41B1851F,0x41B7851F,0x685C53B8F343C786,0,0,0,0,0,0,0,0,0
0x10D7C173E8AE0C62,0x41B88F5C,0x41F7AE14,0x6FC01985315C6DFA,0,0,0,0,0,0,0,0,0
0x10D7C173E8AE0C62,0x41F7D70A,0x4205C28F,0x4FEB0DCFC014D280,0,0,0,0,0,0,0,0,0
0x10D7C173E8AE0C62,0x42068F5C,0x422370A4,0x318F10A56EBACCF8,0,0,0,0,0,0,0,0,0
0x146849C7C821CE40,0x3E99999A,0x4080F5C3,0x72A1719BA96DE1C9,0,0,0,0,0,0,0,0,0
0x146849C7C821CE40,0x409BD70A,0x40B00000,0x2292CF0EA6F42B6,0,0,0,0,0,0,0,0,0
0x146849C7C821CE40,0x40BF0A3D,0x411970A4,0x628C20DE56043740,0,0,0,0,0,0,0,0,0
0x146849C7C821CE40,0x411F3333,0x41291EB8,0x712556878CB44EB8,0,0,0,0,0,0,0,0,0
0x146849C7C821CE40,0x412C0000,0x41740000,0x51055FC7C3C32E,0,0,0,0,0,0,0,0,0
0x146849C7C821CE40,0x41751EB8,0x4192147B,0x52D1D5913C807DC2,0,0,0,0,0,0,0,0,0
0x146849C7C821CE40,0x41953333,0x419ECCCD,0x362A75025CF62FF4,0,0,0,0,0,0,0,0,0
0x146849C7C821CE40,0x41A60000,0x41AB851F,0x78739FD72077E864,0,0,0,0,0,0,0,0,0
0x146849C7C821CE40,0x41AD3333,0x41D20000,0x7DCE957BF248D082,0,0,0,0,0,0,0,0,0
0x146849C7C821CE40,0x41D55C29,0x41F73333,0x71651B4584FE76E,0,0,0,0,0,0,0,0,0
0x146849C7C821CE40,0x41F970A4,0x420B51EC,0x12B5C0882B882291,0,0,0,0,0,0,0,0,0
0x146849C7C821CE40,0x420C0000,0x421EB852,0x68104187E3918AC5,0,0,0,0,0,0,0,0,0
0x22D035CD68DC97D3,0x40A66666,0x4121999A,0x7A87087090E0B818,0,0,0,0,0,0,0,0,0
0x22D035CD68DC97D3,0x412B3333,0x41680000,0x2FE59FED03E03397,0,0,0,0,0,0,0,0,0
0x22D035CD68DC97D3,0x41800000,0x419D999A,0x312442B1EDA5FFAE,0,0,0,0,0,0,0,0,0
0x22D035CD68DC97D3,0x41A00000,0x41A8CCCD,0x4B58F769442A3DC9,0,0,0,0,0,0,0,0,0
0x22D035CD68DC97D3,0x41AD70A4,0x41B8CCCD,0x256EDD0782736F7,0,0,0,0,0,0,0,0,0
0x22D035CD68DC97D3,0x41BB5C29,0x41F91EB8,0x40F35DC162D8088C,0,0,0,0,0,0,0,0,0
0x22D035CD68DC97D3,0x42006666,0x4234CCCD,0x2C6A90AE86F5782,0,0,0,0,0,0,0,0,0
0x2698531FEA395A1C,0x402EB852,0x40B80000,0x7A3DA42C21EEE19D,0,0,0,0,0,0,0,0,0
0x2698531FEA395A1C,0x40C9999A,0x40EB3333,0x47D450DDBAFFCD8E,0,0,0,0,0,0,0,0,0
0x2698531FEA395A1C,0x40F1EB85,0x410E6666,0x5B2139EC47318F68,0,0,0,0,0,0,0,0,0
0x2698531FEA395A1C,0x411570A4,0x412947AE,0x2A311358F9943B01,0,0,0,0,0,0,0,0,0
0x2698531FEA395A1C,0x412BAE14,0x41526666,0x5105B831AFD7C372,0,0,0,0,0,0,0,0,0
0x2698531FEA395A1C,0x4155999A,0x416D47AE,0x16DAEA5456884823,0,0,0,0,0,0,0,0,0
0x2698531FEA395A1C,0x41700000,0x41C6B852,0xA3157BBC9F69124,0,0,0,0,0,0,0,0,0
0x2698531FEA395A1C,0x41CB70A4,0x41D5999A,0x59DCE734F56D348D,0,0,0,0,0,0,0,0,0
0x2698531FEA395A1C,0x41D66666,0x41EBC28F,0xF3781A1628A9953,0,0,0,0,0,0,0,0,0
0x15D0500DB2FD9BDE,0x40B70A3D,0x40E33333,0x23D5EB40F57BCF6D,0,0,0,0,0,0,0,0,0
0x15D0500DB2FD9BDE,0x41CCCCCD,0x420170A4,0x6768A66BD77D50E2,0,0,0,0,0,0,0,0,0
0x15D0500DB2FD9BDE,0x4202C28F,0x420A6666,0x17B42A8A287AB0C3,0,0,0,0,0,0,0,0,0
0x15D0500DB2FD9BDE,0x42140000,0x421A0000,0xBD90952558D30A6,0,0,0,0,0,0,0,0,0
0x15D0500DB2FD9BDE,0x421DCCCD,0x422A0000,0x48440B3ADF1EE9E3,0,0,0,0,0,0,0,0,0
0x15D0500DB2FD9BDE,0x4232147B,0x423A6666,0x3EC067ACE24F4F34,0,0,0,0,0,0,0,0,0
0x15D0500DB2FD9BDE,0x423A6666,0x424F6666,0x5767F86EB01FF7DF,0,0,0,0,0,0,0,0,0
0x15D0500DB2FD9BDE,0x424F6666,0x425C6666,0x765D3FF6B73AC6F8,0,0,0,0,0,0,0,0,0
0x15D0500DB2FD9BDE,0x425C6666,0x42731EB8,0x1B82F39C9726A2B,0,0,0,0,0,0,0,0,0
0x15D0500DB2FD9BDE,0x42731EB8,0x428A7AE1,0x70B21A8B00925013,0,0,0,0,0,0,0,0,0
0x15D0500DB2FD9BDE,0x428F8000,0x429A6B85,0x7CA7BAEB089AB354,0,0,0,0,0,0,0,0,0
0x15D0500DB2FD9BDE,0x429A6B85,0x42A10000,0x4D38EC230248B0FD,0,0,0,0,0,0,0,0,0
0x15D0500DB2FD9BDE,0x42A323D7,0x42AC0000,0x5379B4B74DC38620,0,0,0,0,0,0,0,0,0
0x15D0500DB2FD9BDE,0x42AD70A4,0x42C48000,0x4E93A45EBEC8EA6F,0,0,0,0,0,0,0,0,0
0x15D0500DB2FD9BDE,0x42CC8A3D,0x42DC999A,0x657EFF491580470A,0,0,0,0,0,0,0,0,0
0x15D0500DB2FD9BDE,0x42DC5C29,0x42E570A4,0x62582267860BE04D,0,0,0,0,0,0,0,0,0
0x15D0500DB2FD9BDE,0x42E570A4,0x42ED8F5C,0x4C66A92A268B68FE,0,0,0,0,0,0,0,0,0
0x15D0500DB2FD9BDE,0x42ED8F5C,0x42F39EB8,0x126C819001E66EFB,0,0,0,0,0,0,0,0,0
0x15D0500DB2FD9BDE,0x42F39EB8,0x42F78000,0x27442D213854952C,0,0,0,0,0,0,0,0,0
0x15D0500DB2FD9BDE,0x42FDCCCD,0x4307999A,0xF63715E3E24A39A,0,0,0,0,0,0,0,0,0
0x15D0500DB2FD9BDE,0x4307999A,0x43118000,0x27FADF050E79C13D,0,0,0,0,0,0,0,0,0
0x15D0500DB2FD9BDE,0x431263D7,0x4317C000,0x3675696640A3AD1C,0,0,0,0,0,0,0,0,0
0x15D0500DB2FD9BDE,0x431963D7,0x431F4CCD,0x78889E88E693C803,0,0,0,0,0,0,0,0,0
0x6F366C27CCD9946C,0x40466666,0x414C0000,0x65DBF1400D1A4EB0,0,0,0,0,0,0,0,0,0
0x6F366C27CCD9946C,0x415B0A3D,0x41C60000,0x245971010795D63,0,0,0,0,0,0,0,0,0
0x6F366C27CCD9946C,0x41CCCCCD,0x4206CCCD,0x76E0A7A96AD6BF4E,0,0,0,0,0,0,0,0,0
0x6F366C27CCD9946C,0x420F999A,0x4229999A,0x134758398E083E19,0,0,0,0,0,0,0,0,0
0x6F366C27CCD9946C,0x422E3333,0x425D0000,0x1A91B9644B8E9106,0,0,0,0,0,0,0,0,0
0x6F366C27CCD9946C,0x425E6666,0x428A3333,0x7B3E93EEF4DEFFF,0,0,0,0,0,0,0,0,0
0x6F366C27CCD9946C,0x428A3333,0x42945C29,0x4DA5AA90E9C421AB,0,0,0,0,0,0,0,0,0
0x6F366C27CCD9946C,0x4296999A,0x42990000,0x28C954A0BF4B56EF,0,0,0,0,0,0,0,0,0
0x6F366C27CCD9946C,0x429A999A,0x429F9EB8,0x5EC7FF1E4B085180,0,0,0,0,0,0,0,0,0
0x6F366C27CCD9946C,0x429F9EB8,0x42A30000,0x71CA443C7A9F9A73,0,0,0,0,0,0,0,0,0
0x6F366C27CCD9946C,0x42A30000,0x42BE0000,0x5CB5BCAEC3C54EC5,0,0,0,0,0,0,0,0,0
0x6F366C27CCD9946C,0x42D4E666,0x42D60000,0x13FB368BCAF3DD34,0,0,0,0,0,0,0,0,0
0x6F366C27CCD9946C,0x42D60000,0x42D6B852,0x55C2EC6AACAC148,0,0,0,0,0,0,0,0,0
0x6F366C27CCD9946C,0x42D6B852,0x42D7C28F,0x3701711F5C0CB92C,0,0,0,0,0,0,0,0,0
0x6F366C27CCD9946C,0x42D7C28F,0x42D8E666,0x787C59E1519B206B,0,0,0,0,0,0,0,0,0
0x6F366C27CCD9946C,0x42D8E666,0x42DB6148,0x3BCD819414ADFDEA,0,0,0,0,0,0,0,0,0
0x6F366C27CCD9946C,0x42DB6148,0x42E151EC,0x30998E509712733F,0,0,0,0,0,0,0,0,0
0x6F366C27CCD9946C,0x42E151EC,0x42EB8000,0x55D1E0FFD65D0D47,0,0,0,0,0,0,0,0,0
0x6F366C27CCD9946C,0x42F0999A,0x42F3BD71,0x354D8B8D89D258CE,0,0,0,0,0,0,0,0,0
0x6F366C27CCD9946C,0x42F3BD71,0x42F751EC,0x786328B8DD3E57AB,0,0,0,0,0,0,0,0,0
0x6F366C27CCD9946C,0x42F751EC,0x42FB999A,0x4EC1B811EE48B60B,0,0,0,0,0,0,0,0,0
0x6F366C27CCD9946C,0x42FB999A,0x4300CF5C,0x247A2C141306234F,0,0,0,0,0,0,0,0,0
0x6F366C27CCD9946C,0x4300CF5C,0x43070000,0x1F5927F4E90A149A,0,0,0,0,0,0,0,0,0
0x6F366C27CCD9946C,0x43070000,0x4308CF5C,0x7533E47F816AF86D,0,0,0,0,0,0,0,0,0
0x6F366C27CCD9946C,0x4308CF5C,0x4309CF5C,0x7AC74C4D5D80E23C,0,0,0,0,0,0,0,0,0
0x6F366C27CCD9946C,0x4309CF5C,0x430BDEB8,0x1B73386B6D935685,0,0,0,0,0,0,0,0,0
0x6F366C27CCD9946C,0x430BDEB8,0x4310999A,0xEF45C17DE232BEE,0,0,0,0,0,0,0,0,0
0x6F366C27CCD9946C,0x4310999A,0x431863D7,0x377161351BD07B8A,0,0,0,0,0,0,0,0,0
0x6F366C27CCD9946C,0x431863D7,0x432E999A,0x15BC51343E9A93,0,0,0,0,0,0,0,0,0
0x6F366C27CCD9946C,0x432F6B85,0x4332547B,0x3F1A1CF5DBBCC539,0,0,0,0,0,0,0,0,0
0x5D8065351B847D91,0x3F99999A,0x40E00000,0x116216D16954AF6,0,0,0,0,0,0,0,0,0
0x5D8065351B847D91,0x40E1999A,0x41A7999A,0x4057FFCB24E728ED,0,0,0,0,0,0,0,0,0
0x5D8065351B847D91,0x41A80000,0x41BC0000,0x3D2C1F3999211BAB,0,0,0,0,0,0,0,0,0
0x5D8065351B847D91,0x41BCCCCD,0x41E2CCCD,0x7F05D3EFBCE2167,0,0,0,0,0,0,0,0,0
0x5D8065351B847D91,0x41E30A3D,0x42006666,0x51355EABF3AC44E5,0,0,0,0,0,0,0,0,0
0x5D8065351B847D91,0x42033333,0x420A999A,0x18790BA8591FC231,0,0,0,0,0,0,0,0,0
0x5D8065351B847D91,0x420ECCCD,0x42173333,0x75DEE5A72714B973,0,0,0,0,0,0,0,0,0
0x5D8065351B847D91,0x421D999A,0x42410000,0x2903418CB8A6C938,0,0,0,0,0,0,0,0,0
0x5D8065351B847D91,0x424128F6,0x42496666,0x2E7CA283C8E54751,0,0,0,0,0,0,0,0,0
0x5D8065351B847D91,0x4249851F,0x424FCCCD,0x70D1DCF08688FBC3,0,0,0,0,0,0,0,0,0
0x5D8065351B847D91,0x42506666,0x4257999A,0x173CBBA648D781A1,0,0,0,0,0,0,0,0,0
0x5D8065351B847D91,0x425A28F6,0x42613333,0x1BFCE6D75F3A6F5A,0,0,0,0,0,0,0,0,0
0x47BCFB2EF64C56C2,0,0x40800000,0x79965442553CDB5B,0,0,0,0,0,0,0,0,0
0x47BCFB2EF64C56C2,0x40833333,0x40C00000,0x4A0EA42BB37778C3,0,0,0,0,0,0,0,0,0
0x47BCFA2EF64C550F,0x3F000000,0x40200000,0x23908F7B8ECEB62,0,0,0,0,0,0,0,0,0
0x47BCFA2EF64C550F,0x40233333,0x40CCCCCD,0x6A6104C7156B717A,0,0,0,0,0,0,0,0,0
0x47BCFA2EF64C550F,0x40E00000,0x4100CCCD,0x772E79740842B1EC,0,0,0,0,0,0,0,0,0
0x47BCF92EF64C535C,0x3DCCCCCD,0x3FCCCCCD,0x2AAA92863151C504,0,0,0,0,0,0,0,0,0
0x47BCF92EF64C535C,0x3FE00000,0x4089999A,0x248D2B39B260C4E4,0,0,0,0,0,0,0,0,0
0x47BCF92EF64C535C,0x408E6666,0x40CD70A4,0x2F96CEDF8B2FEF5A,0,0,0,0,0,0,0,0,0
0x47BCF92EF64C535C,0x40E4CCCD,0x41066666,0x7DECD7D27B4B2A5D,0,0,0,0,0,0,0,0,0
0x79D8AF5EF61F815B,0x4039999A,0x41066666,0x7BBB39E72F2F08AC,0,0,0,0,0,0,0,0,0
0x79D8AF5EF61F815B,0x412428F6,0x41387AE1,0x5D2EDB7300AA0318,0,0,0,0,0,0,0,0,0
0x79D8AF5EF61F815B,0x4153D70A,0x41775C29,0x252974571503B70D,0,0,0,0,0,0,0,0,0
0x79D8AF5EF61F815B,0x41806666,0x4195999A,0x216F857696E79E45,0,0,0,0,0,0,0,0,0
0x79D8AF5EF61F815B,0x41960000,0x41D53333,0x2FE4BE0A4AE7B838,0,0,0,0,0,0,0,0,0
0x79D8AF5EF61F815B,0x41D93333,0x41EC0000,0x6CBC9E83C036F5CB,0,0,0,0,0,0,0,0,0
0x7AA96D9374A83A79,0x3FC00000,0x40F80000,0xF1932524892A466,0,0,0,0,0,0,0,0,0
0x7AA96D9374A83A79,0x40FBD70A,0x415A6666,0x7382A5B40F74961F,0,0,0,0,0,0,0,0,0
0x7AA96D9374A83A79,0x415D47AE,0x416DEB85,0x2C300D8FEFD66790,0,0,0,0,0,0,0,0,0
0x7AA96D9374A83A79,0x4172E148,0x417E6666,0x4A2632DF896C72E4,0,0,0,0,0,0,0,0,0
0x7AA96D9374A83A79,0x417F0A3D,0x41CF70A4,0x784B20CCBE2B7D50,0,0,0,0,0,0,0,0,0
0x7AA96D9374A83A79,0x41D20000,0x41F60000,0x1592822A8D3E9151,0,0,0,0,0,0,0,0,0
0x7AA96D9374A83A79,0x41FA6666,0x4202999A,0xA8C14B622740ACF,0,0,0,0,0,0,0,0,0
0x7AA96D9374A83A79,0x42048F5C,0x421CA3D7,0x24B610F741BD36C1,0,0,0,0,0,0,0,0,0
0x7AA96D9374A83A79,0x421D851F,0x4231CCCD,0x5D0468D321CE587E,0,0,0,0,0,0,0,0,0
0x48196BFACADB2DCD,0x40000000,0x4101EB85,0x4FCECC001F484DE1,0,0,0,0,0,0,0,0,0
0x48196BFACADB2DCD,0x410AB852,0x411F0A3D,0x53EA61121A7DF548,0,0,0,0,0,0,0,0,0
0x48196BFACADB2DCD,0x4127D70A,0x4140CCCD,0x199086B99EDB1DA7,0,0,0,0,0,0,0,0,0
0x48196BFACADB2DCD,0x414BAE14,0x41A3D70A,0x39F7540F6C301A81,0,0,0,0,0,0,0,0,0
0x48196BFACADB2DCD,0x41A75C29,0x41BAE148,0x1637583339372835,0,0,0,0,0,0,0,0,0
0x48196BFACADB2DCD,0x41C26666,0x41D8CCCD,0x725FABB6F80E167C,0,0,0,0,0,0,0,0,0
0x48196BFACADB2DCD,0x41DD0A3D,0x41FB0A3D,0x76D9ED9FAB393D79,0,0,0,0,0,0,0,0,0
0x48196BFACADB2DCD,0x4200851F,0x4208E148,0x5D6D6072B426CE06,0,0,0,0,0,0,0,0,0
0x48196BFACADB2DCD,0x420C5C29,0x4219E148,0x1F2C5A0507FBF643,0,0,0,0,0,0,0,0,0
0x48196BFACADB2DCD,0x421D0000,0x42310000,0x535AB65A05C3ABA5,0,0,0,0,0,0,0,0,0
0x48196BFACADB2DCD,0x4235B852,0x423FF5C3,0x5E68EEEDB6DEE998,0,0,0,0,0,0,0,0,0
0x7ACE5B82C4AA82A4,0x40900000,0x4115999A,0x712EF80BAFF2C7F5,0,0,0,0,0,0,0,0,0
0x7ACE5B82C4AA82A4,0x4115999A,0x41475C29,0x214D9358DF60EC26,0,0,0,0,0,0,0,0,0
0x7ACE5B82C4AA82A4,0x41475C29,0x41728F5C,0x251B3D71188C2971,0,0,0,0,0,0,0,0,0
0x7ACE5B82C4AA82A4,0x4174CCCD,0x41B20000,0x7FCD03D490A10AD0,0,0,0,0,0,0,0,0,0
0x7ACE5B82C4AA82A4,0x41B828F6,0x41E13333,0x3CC1ED04E77B52FF,0,0,0,0,0,0,0,0,0
0x7ACE5B82C4AA82A4,0x41E86666,0x420A0000,0x5CB2CDB8022A7CAC,0,0,0,0,0,0,0,0,0
0x7ACE5B82C4AA82A4,0x420A0000,0x42160000,0x1DCAB435E7598225,0,0,0,0,0,0,0,0,0
0x7ACE5B82C4AA82A4,0x42180000,0x421D999A,0x7744604B5C17948D,0,0,0,0,0,0,0,0,0
0x7ACE5B82C4AA82A4,0x42213333,0x423E6666,0x52FD3A33DAAE4463,0,0,0,0,0,0,0,0,0
0x7ACE5B82C4AA82A4,0x423E6666,0x42480000,0x12BB69CF89D4F59,0,0,0,0,0,0,0,0,0
0x7ACE5B82C4AA82A4,0x42493333,0x42666666,0x53832E64AD83EE38,0,0,0,0,0,0,0,0,0
0x7ACE5B82C4AA82A4,0x42666666,0x42713333,0x75B59092EAF90D8A,0,0,0,0,0,0,0,0,0
0x7ACE5B82C4AA82A4,0x42713333,0x427B0000,0x3532683E99FD8D12,0,0,0,0,0,0,0,0,0
0x7ACE5B82C4AA82A4,0x427B0000,0x42820000,0x2CA0D132C3030D15,0,0,0,0,0,0,0,0,0
0x51E3C9BBF6D7081,0x40000000,0x40A9999A,0x55D104FF234E8597,0,0,0,0,0,0,0,0,0
0x51E3C9BBF6D7081,0x40C570A4,0x41380000,0xFA6004691708E44,0,0,0,0,0,0,0,0,0
0x51E3C9BBF6D7081,0x41451EB8,0x417B3333,0x349851AD456DBA26,0,0,0,0,0,0,0,0,0
0x51E3C9BBF6D7081,0x41823D71,0x41A251EC,0x4928A0C3076403A6,0,0,0,0,0,0,0,0,0
0x51E3C9BBF6D7081,0x41A5EB85,0x41E5C28F,0x593A2AB90F5BCE3,0,0,0,0,0,0,0,0,0
0x51E3C9BBF6D7081,0x41EB999A,0x4203E148,0x2CF07FECF10EDC47,0,0,0,0,0,0,0,0,0
0x51E3C9BBF6D7081,0x42063D71,0x42283333,0xFCA4597C64D7A9D,0,0,0,0,0,0,0,0,0
0x7D1A82906FDE79F4,0x40BCCCCD,0x4144CCCD,0x3FFBECFC3811BA87,0,0,0,0,0,0,0,0,0
0x7D1A82906FDE79F4,0x41480000,0x417428F6,0x5D409B74C8C6803D,0,0,0,0,0,0,0,0,0
0x7D1A82906FDE79F4,0x41800000,0x4199999A,0x79BFD74B4D1C8A7C,0,0,0,0,0,0,0,0,0
0x7D1A82906FDE79F4,0x41A00000,0x41CB1EB8,0x7804F0876FAE8BCB,0,0,0,0,0,0,0,0,0
0x7D1A82906FDE79F4,0x41CB3333,0x41F80000,0x11016F454713F7EB,0,0,0,0,0,0,0,0,0
0x7D1A82906FDE79F4,0x42000000,0x42080000,0x5050A3905D8ACD52,0,0,0,0,0,0,0,0,0
0x7D1A82906FDE79F4,0x42100000,0x4224F5C3,0x632C72A561F5928F,0,0,0,0,0,0,0,0,0
0x7D1A82906FDE79F4,0x42340000,0x424147AE,0x29A8999CC1C61310,0,0,0,0,0,0,0,0,0
0x7D1A82906FDE79F4,0x42480000,0x424FF5C3,0x20FE6B85244683DD,0,0,0,0,0,0,0,0,0
0x7D1A82906FDE79F4,0x42500000,0x42640000,0x3E9BD8F9D0BEFAE7,0,0,0,0,0,0,0,0,0
0x7D1A82906FDE79F4,0x42800000,0x42833333,0x5A0A07CCCC5676EA,0,0,0,0,0,0,0,0,0
0x2DADF8F96F2F2E2D,0x3ECCCCCD,0x40DCCCCD,0x6F2658C48E14E02F,0,0,0,0,0,0,0,0,0
0x2DADF8F96F2F2E2D,0x40FCCCCD,0x41780000,0xD88A511A94B1D47,0,0,0,0,0,0,0,0,0
0x2DADF8F96F2F2E2D,0x41866666,0x41A7851F,0x4567800109A21E7B,0,0,0,0,0,0,0,0,0
0x2DADF8F96F2F2E2D,0x41A7D70A,0x41AD3333,0x50C2CC871D2C484,0,0,0,0,0,0,0,0,0
0x2DADF8F96F2F2E2D,0x41AF3333,0x41BEF5C3,0x6ADA6A0757009168,0,0,0,0,0,0,0,0,0
0x2DADF8F96F2F2E2D,0x41BF70A4,0x41D93333,0x5144153294BFBD46,0,0,0,0,0,0,0,0,0
0x2DADF8F96F2F2E2D,0x41DA0000,0x41E13333,0x637714D7DB0775A3,0,0,0,0,0,0,0,0,0
0x2DADF8F96F2F2E2D,0x41E7999A,0x41F00000,0x103824187FA65BC1,0,0,0,0,0,0,0,0,0
0x2DADF8F96F2F2E2D,0x41F20000,0x4207CCCD,0x4735BB5C1631A3A6,0,0,0,0,0,0,0,0,0
0x2DADF8F96F2F2E2D,0x42090000,0x42133333,0x147F4BAC04434B1B,0,0,0,0,0,0,0,0,0
0x2DADF8F96F2F2E2D,0x42153333,0x422D999A,0x46F03E54F651B102,0,0,0,0,0,0,0,0,0
0x2DADF8F96F2F2E2D,0x42326666,0x42513333,0x2EE1AD997C9D5F7,0,0,0,0,0,0,0,0,0
0x2DADF8F96F2F2E2D,0x42540000,0x42620000,0x3EB09DBA9EC31198,0,0,0,0,0,0,0,0,0
0x1E0B9DF35CE3E723,0x40A00000,0x41000000,0x4F60369044C6B920,0,0,0,0,0,0,0,0,0
0x1E0B9DF35CE3E723,0x4118F5C3,0x41600000,0x5253871E0C8D5A73,0,0,0,0,0,0,0,0,0
0x1E0B9DF35CE3E723,0x4183999A,0x41A40000,0x1CB2B600952640BE,0,0,0,0,0,0,0,0,0
0x1E0B9DF35CE3E723,0x4181999A,0x41A40000,0x1CB2B600952640BE,0,0,0,0,0,0,0,0,0
0x1E0B9DF35CE3E723,0x41B07AE1,0x41C00000,0x784C7D03CFD1FA29,0,0,0,0,0,0,0,0,0
0x1E0B9DF35CE3E723,0x41D0CCCD,0x42140000,0x2C0D7E113FC9454,0,0,0,0,0,0,0,0,0
0x6EBAE1C8430F4E3D,0x40AE6666,0x4109999A,0x2BCE831CA166AC6,0,0,0,0,0,0,0,0,0
0x62923CE4F14E135,0,0x40C9999A,0x35153D61F0AC6805,0,0,0,0,0,0,0,0,0
0x414A0EA2BB7B7C1A,0x3E8A3D71,0x401AE148,0xC55CED045D20144,0,0,0,0,0,0,0,0,0
0x414A0EA2BB7B7C1A,0x40300000,0x4086B852,0x62F212D0F95605E1,0,0,0,0,0,0,0,0,0
0x7444D2F6056DBEE1,0x4043D70A,0x41000000,0x36DD535E782BCFC7,0,0,0,0,0,0,0,0,0
0x7444D2F6056DBEE1,0x410CCCCD,0x4179999A,0x6A0AD4B6E61C7E14,0,0,0,0,0,0,0,0,0
0x7444D2F6056DBEE1,0x41866666,0x41BBD70A,0x151C0DC26585CF99,0,0,0,0,0,0,0,0,0
0x2E845D8385DB130C,0x40400000,0x40CF5C29,0x6E80142C964DFF40,0,0,0,0,0,0,0,0,0
0x2E845D8385DB130C,0x40CF5C29,0x412C0000,0x47F885CF189418E3,0,0,0,0,0,0,0,0,0
0x2E845D8385DB130C,0x4137851F,0x41800000,0x699A71EFC63D9A06,0,0,0,0,0,0,0,0,0
0x2E845D8385DB130C,0x41860000,0x419C6666,0x124EF8283CAA7E79,0,0,0,0,0,0,0,0,0
0x50C005311DBABFB9,0x4195D70A,0x41EC3D71,0x21228ED4ACA830D6,0,0,0,0,0,0,0,0,0
0x50C005311DBABFB9,0x41F4CCCD,0x4208AE14,0x2F90915126AD0409,0,0,0,0,0,0,0,0,0
0x50C005311DBABFB9,0x420B70A4,0x421F70A4,0x58FE3D27FB803508,0,0,0,0,0,0,0,0,0
0x50C005311DBABFB9,0x4221EB85,0x423C51EC,0x514724FBD549C35E,0,0,0,0,0,0,0,0,0
0x50C005311DBABFB9,0x423D28F6,0x42488F5C,0x634F15A5726EACD,0,0,0,0,0,0,0,0,0
0x50C005311DBABFB9,0x4249B852,0x425DAE14,0x7580595E2561A5DD,0,0,0,0,0,0,0,0,0
0x50C005311DBABFB9,0x425FC28F,0x42756666,0x709A97B207F4EDD5,0,0,0,0,0,0,0,0,0
0x50C005311DBABFB9,0x4286E666,0x4299CCCD,0x64CF33578250FEE4,0,0,0,0,0,0,0,0,0
0x50C005311DBABFB9,0x429CD70A,0x42A651EC,0x3BD1E4F2DC95534D,0,0,0,0,0,0,0,0,0
0x1B87A73F3C672BF7,0x3F19999A,0x4039999A,0x3657C322D829D26A,0,0,0,0,0,0,0,0,0
0x1B87A73F3C672BF7,0x4059999A,0x40B9999A,0x486084C5CFFA6454,0,0,0,0,0,0,0,0,0
0x1B87A73F3C672BF7,0x40D33333,0x4132B852,0xCCCDEB82BA15815,0,0,0,0,0,0,0,0,0
0x7950F14280E33394,0x3DCCCCCD,0x3F800000,0x42994E89A4D9CFF4,0,0,0,0,0,0,0,0,0
0x7068AA9BAB28193C,0x3C23D70A,0x400D70A4,0x5FA3E2FEC1ED3A4F,0,0,0,0,0,0,0,0,0
0x7068AA9BAB28193C,0x40428F5C,0x40E051EC,0x2B88DD02097FB4D1,0,0,0,0,0,0,0,0,0
0x7068AA9BAB28193C,0x40E0A3D7,0x4101C28F,0x5FA3E3FEC1ED3C02,0,0,0,0,0,0,0,0,0
0x7068AA9BAB28193C,0x4101EB85,0x41100000,0x39665D165E933E3,0,0,0,0,0,0,0,0,0
0x7068AA9BAB28193C,0x4111999A,0x41207AE1,0x12CB8C171B7C7019,0,0,0,0,0,0,0,0,0
0x7068AA9BAB28193C,0x41347AE1,0x4142B852,0x1230F55DBA9154E7,0,0,0,0,0,0,0,0,0
0x7068AA9BAB28193C,0x4143851F,0x41800000,0x3130DDF026E1BD9D,0,0,0,0,0,0,0,0,0
0x7068AA9BAB28193C,0x4180B852,0x41D8B852,0x2259BC1211126A17,0,0,0,0,0,0,0,0,0
0x7068AA9BAB28193C,0x41E95C29,0x422C3D71,0xA45D8531465079B,0,0,0,0,0,0,0,0,0
0x7068AA9BAB28193C,0x423C7AE1,0x42590A3D,0x18820F3EC8C9ABFB,0,0,0,0,0,0,0,0,0
0x7068AA9BAB28193C,0x42700A3D,0x4278CCCD,0x7141EFD9482C07DE,0,0,0,0,0,0,0,0,0
0x7068AA9BAB28193C,0x427D0A3D,0x42826666,0x4B3EB34B3A81497B,0,0,0,0,0,0,0,0,0
0x7068AA9BAB28193C,0x428423D7,0x4286428F,0x7B2A06B670363FBD,0,0,0,0,0,0,0,0,0
0x7068AA9BAB28193C,0x42944CCD,0x42A25C29,0x8484C0620F28597,0,0,0,0,0,0,0,0,0
0x7068AA9BAB28193C,0x42CA428F,0x42D6570A,0x5ECF47E270578949,0,0,0,0,0,0,0,0,0
0x7068AA9BAB28193C,0x42EC6B85,0x42FE51EC,0x2FB2A0C8A04399E9,0,0,0,0,0,0,0,0,0
0x7068AA9BAB28193C,0x43181EB8,0x431F4000,0x4E04DA2752D33B53,0,0,0,0,0,0,0,0,0
0x7068AA9BAB28193C,0x433228F6,0x43343333,0x493C0062DA328595,0,0,0,0,0,0,0,0,0
0x7068AA9BAB28193C,0x43351C29,0x43364CCD,0x6BC5807D10E9F744,0,0,0,0,0,0,0,0,0
0x103C1B9AAC435A35,0x3C23D70A,0x40200000,0x23402B2D1018C257,0,0,0,0,0,0,0,0,0
0x103C1B9AAC435A35,0x41ACA3D7,0x41B9999A,0x23402C2D1018C40A,0,0,0,0,0,0,0,0,0
0x103C1B9AAC435A35,0x41BA51EC,0x41C228F6,0x6DCC012CF902F50E,0,0,0,0,0,0,0,0,0
0x103C1B9AAC435A35,0x41C26666,0x41D00000,0xC5C7B4B90F55FED,0,0,0,0,0,0,0,0,0
0x103C1B9AAC435A35,0x41D0147B,0x41E00000,0x3AB9AE8794852A5C,0,0,0,0,0,0,0,0,0
0x103C1B9AAC435A35,0x41E1C28F,0x41F80000,0x3A037525E2E4674D,0,0,0,0,0,0,0,0,0
0x103C1B9AAC435A35,0x41F8CCCD,0x420428F6,0x1C362E3D16996DD0,0,0,0,0,0,0,0,0,0
0x103C1B9AAC435A35,0x4204E148,0x420C3333,0x489AC1B9712328E9,0,0,0,0,0,0,0,0,0
0x103C1B9AAC435A35,0x423470A4,0x42388F5C,0x58FEEB282B0BF198,0,0,0,0,0,0,0,0,0
0x103C1B9AAC435A35,0x423C0000,0x4248D70A,0x66A6A4641CA1C5AF,0,0,0,0,0,0,0,0,0
0x103C1B9AAC435A35,0x424C3D71,0x42520000,0x174F822C5DA54FD6,0,0,0,0,0,0,0,0,0
0x103C1B9AAC435A35,0x4255147B,0x425C8F5C,0x57C33DD2578E3165,0,0,0,0,0,0,0,0,0
0x103C1B9AAC435A35,0x4292199A,0x4294F0A4,0x4A824468220BE6F5,0,0,0,0,0,0,0,0,0
0x103C1B9AAC435A35,0x42960000,0x429C0000,0x67C74B4EC3D79922,0,0,0,0,0,0,0,0,0
0x103C1B9AAC435A35,0x429C47AE,0x429EE666,0x1A185286F8847205,0,0,0,0,0,0,0,0,0
0x103C1B9AAC435A35,0x42CE0000,0x42D2147B,0x265909FD749FE7F6,0,0,0,0,0,0,0,0,0
0x103C1B9AAC435A35,0x42E86148,0x42F00000,0x76746ADF19EC56E7,0,0,0,0,0,0,0,0,0
0x103C1B9AAC435A35,0x43023D71,0x43042666,0x40D27A6931A63480,0,0,0,0,0,0,0,0,0
0x103C1B9AAC435A35,0x430D0000,0x430E170A,0xF8C8174C58BF68B,0,0,0,0,0,0,0,0,0
0x103C1B9AAC435A35,0x431C0000,0x431D199A,0x4AE3DD92C0F1CD32,0,0,0,0,0,0,0,0,0
0x103C1B9AAC435A35,0x431D47AE,0x431F0A3D,0x6ACF6B011609DC23,0,0,0,0,0,0,0,0,0
0x103C1B9AAC435A35,0x431F28F6,0x432607AE,0x1961E444D7CF35AA,0,0,0,0,0,0,0,0,0
0x103C1B9AAC435A35,0x432611EC,0x43280000,0xB4E67D3A311906,0,0,0,0,0,0,0,0,0
0x103C1B9AAC435A35,0x43293333,0x432F0000,0x1FC58DCEEDF8D859,0,0,0,0,0,0,0,0,0
0x103C1B9AAC435A35,0x432F07AE,0x433030A4,0x7D06E93E4186EC0,0,0,0,0,0,0,0,0,0
0x103C1B9AAC435A35,0x43303333,0x4335199A,0x3439DBEDEB538499,0,0,0,0,0,0,0,0,0
0x103C1B9AAC435A35,0x43351EB8,0x43370F5C,0x507AE9C80FCB116C,0,0,0,0,0,0,0,0,0
0x103C1B9AAC435A35,0x43382148,0x433C11EC,0x6D75238BB1A9C6F3,0,0,0,0,0,0,0,0,0
0x16915C915172E1CE,0x3C23D70A,0x40900000,0x6DA0DCF8369C16D4,0,0,0,0,0,0,0,0,0
0x16915C915172E1CE,0x4188B852,0x419D999A,0xBD1DF95679CA9A9,0,0,0,0,0,0,0,0,0
0x16915C915172E1CE,0x41A370A4,0x41BB1EB8,0x2EA717DC9E8FF98,0,0,0,0,0,0,0,0,0
0x16915C915172E1CE,0x41C1999A,0x41FA8F5C,0x2DD102578B0C1E7,0,0,0,0,0,0,0,0,0
0x16915C915172E1CE,0x4208851F,0x42198F5C,0x105DBF90B2D1B57E,0,0,0,0,0,0,0,0,0
0x16915C915172E1CE,0x421C0000,0x422851EC,0x4967D3B8D0D6DC3D,0,0,0,0,0,0,0,0,0
0x16915C915172E1CE,0x4228CCCD,0x424128F6,0x1B5B0B24317F4C7C,0,0,0,0,0,0,0,0,0
0x16915C915172E1CE,0x42440000,0x425047AE,0x68802DD71E5E998B,0,0,0,0,0,0,0,0,0
0x16915C915172E1CE,0x42543D71,0x425C999A,0x7881D4C01D7C9252,0,0,0,0,0,0,0,0,0
0x16915C915172E1CE,0x425D0000,0x4269F5C3,0x19233955426E2E55,0,0,0,0,0,0,0,0,0
0x16915C915172E1CE,0x42700000,0x428647AE,0x4FC8E3D548683B31,0,0,0,0,0,0,0,0,0
0x16915C915172E1CE,0x428EB852,0x4294147B,0x2AF4B00B49B09DB4,0,0,0,0,0,0,0,0,0
0x16915C915172E1CE,0x42943333,0x429C199A,0x1BB11DA6780F96F9,0,0,0,0,0,0,0,0,0
0x16915C915172E1CE,0x429E51EC,0x42A23333,0x6DA0DFF8369C1BED,0,0,0,0,0,0,0,0,0
0x16915C915172E1CE,0x42A26148,0x42A4147B,0x1736DBBDC4E46FFC,0,0,0,0,0,0,0,0,0
0x16915C915172E1CE,0x42C0428F,0x42C86666,0x33B5D9FE730711AF,0,0,0,0,0,0,0,0,0
0x16915C915172E1CE,0x42DC8000,0x42E84CCD,0xAEDBA216B898EE9,0,0,0,0,0,0,0,0,0
0x77F3B2BF1CC23F2F,0x3FA28F5C,0x40CC7AE1,0x24927C73B4422592,0,0,0,0,0,0,0,0,0
0x77F3B2BF1CC23F2F,0x419A6666,0x41AC3D71,0x430423F8A910080D,0,0,0,0,0,0,0,0,0
0x16915B915172E01B,0x3C23D70A,0x40028F5C,0x4F692AE65DC33FDF,0,0,0,0,0,0,0,0,0
0x16915B915172E01B,0x40033333,0x4048F5C3,0x72C1116714C71E0F,0,0,0,0,0,0,0,0,0
0x16915B915172E01B,0x4049999A,0x40A8A3D7,0x4D509D8DFD535F5A,0,0,0,0,0,0,0,0,0
0x16915B915172E01B,0x40C5C28F,0x41207AE1,0xBF4597C96110EA5,0,0,0,0,0,0,0,0,0
0x16915B915172E01B,0x41233333,0x41430A3D,0x31322927BC46EF18,0,0,0,0,0,0,0,0,0
0x16915B915172E01B,0x41447AE1,0x4162E148,0x6A1D4F1C6EB21892,0,0,0,0,0,0,0,0,0
0x16915B915172E01B,0x42820A3D,0x428A051F,0x594971C3700EA9E3,0,0,0,0,0,0,0,0,0
0x16915B915172E01B,0x428A0F5C,0x42946666,0x17FF15691DB0B8A1,0,0,0,0,0,0,0,0,0
0x16915B915172E01B,0x42AC0F5C,0x42B25C29,0x2347EB57BD6A7E14,0,0,0,0,0,0,0,0,0
0x16915B915172E01B,0x42B26B85,0x42B628F6,0x4E1162B740A523D6,0,0,0,0,0,0,0,0,0
0x16915B915172E01B,0x42B62E14,0x42BC51EC,0x74D80BA7AF942057,0,0,0,0,0,0,0,0,0
0x16915B915172E01B,0x42E475C3,0x42EA947B,0x554C782FEFB18E18,0,0,0,0,0,0,0,0,0
0x16915B915172E01B,0x42EC1EB8,0x42F4428F,0x62E2315F1DD0E5,0,0,0,0,0,0,0,0,0
0x16915B915172E01B,0x42F447AE,0x42FE051F,0x4BC4722A4849B7CF,0,0,0,0,0,0,0,0,0
0x16915B915172E01B,0x42FE0A3D,0x42FF2E14,0xEBDA276FE73F84F,0,0,0,0,0,0,0,0,0
0x32BE4462B847E48D,0x3FA66666,0x405AE148,0x295017A792825B60,0,0,0,0,0,0,0,0,0
0x32BE4462B847E48D,0x40647AE1,0x41200000,0x18C044F299DDF1EC,0,0,0,0,0,0,0,0,0
0x32BE4462B847E48D,0x41580000,0x41913333,0x1642020DD29D628B,0,0,0,0,0,0,0,0,0
0x32BE4462B847E48D,0x419147AE,0x41CA6666,0x24F690853F44F68E,0,0,0,0,0,0,0,0,0
0x32BE4462B847E48D,0x41CB3333,0x41FA0000,0x381BFC6DF9FE7345,0,0,0,0,0,0,0,0,0
0x32BE4462B847E48D,0x420047AE,0x42088F5C,0x34CC6157C7EB3838,0,0,0,0,0,0,0,0,0
0x32BE4462B847E48D,0x4211EB85,0x421DE148,0x90C37BC07F1904A,0,0,0,0,0,0,0,0,0
0x16915A915172DE68,0x408147AE,0x40E66666,0x34E4254987EB31F6,0,0,0,0,0,0,0,0,0
0x16915A915172DE68,0x42983D71,0x429E0000,0x18D378B9566DF6C5,0,0,0,0,0,0,0,0,0
0x16915A915172DE68,0x429F6666,0x42A023D7,0x34E4244987EB3043,0,0,0,0,0,0,0,0,0
0x16915A915172DE68,0x42A247AE,0x42A4851F,0x7EB149BBFED48DF9,0,0,0,0,0,0,0,0,0
0x16915A915172DE68,0x42A6147B,0x42A870A4,0x28657B0E18A5C0C3,0,0,0,0,0,0,0,0,0
0x16915A915172DE68,0x42AFB852,0x42B2A8F6,0x2704DCB7355A0CB7,0,0,0,0,0,0,0,0,0
0x16915A915172DE68,0x42B3AE14,0x42B58F5C,0x41540AA10E5C11F1,0,0,0,0,0,0,0,0,0
0x16915A915172DE68,0x42B851EC,0x42B9D70A,0x19663ABE7A7A4BDB,0,0,0,0,0,0,0,0,0
0x16915A915172DE68,0x42BCFAE1,0x42C7A3D7,0x1942E151D7416DE2,0,0,0,0,0,0,0,0,0
0x16915A915172DE68,0x42CA0A3D,0x42DA2E14,0x649A00DA9E92DDDB,0,0,0,0,0,0,0,0,0
0x16915A915172DE68,0x42E43D71,0x42EFCCCD,0x7BB29223FDA597D0,0,0,0,0,0,0,0,0,0
0x4BDB41ED662FD807,0x41A147AE,0x41DFD70A,0x16D93164F2BDBFCC,0,0,0,0,0,0,0,0,0
0x4BDB41ED662FD807,0x41E06666,0x41F0B852,0x386DC26774C059C4,0,0,0,0,0,0,0,0,0
0x4BDB41ED662FD807,0x41F68F5C,0x420F70A4,0x74806C33FA90CDA2,0,0,0,0,0,0,0,0,0
0x4BDB41ED662FD807,0x42127AE1,0x4220E148,0x83A6995A551429B,0,0,0,0,0,0,0,0,0
0x4BDB41ED662FD807,0x4227B852,0x422F47AE,0x41C7D91E276FCA85,0,0,0,0,0,0,0,0,0
0x4BDB41ED662FD807,0x422FF5C3,0x42381EB8,0x6DBCE1D8ED09A7E7,0,0,0,0,0,0,0,0,0
0x4BDB41ED662FD807,0x4239AE14,0x4242EB85,0x3D05F03911F783,0,0,0,0,0,0,0,0,0
0x4BDB41ED662FD807,0x424351EC,0x425670A4,0x79876FEF8B812177,0,0,0,0,0,0,0,0,0
0x169161915172EA4D,0x40E28F5C,0x4120CCCD,0x96B84E2CD4BBC8D,0,0,0,0,0,0,0,0,0
0x169161915172EA4D,0x4121EB85,0x4163851F,0x1C94857A1301DFDC,0,0,0,0,0,0,0,0,0
0x169161915172EA4D,0x418FD70A,0x41970A3D,0x2794860A7637ADBD,0,0,0,0,0,0,0,0,0
0x169161915172EA4D,0x41AA6666,0x41B63D71,0x5A190E31F1DB00ED,0,0,0,0,0,0,0,0,0
0x169161915172EA4D,0x41E0A3D7,0x41FF1EB8,0x669F8F644A032F86,0,0,0,0,0,0,0,0,0
0x169161915172EA4D,0x4200147B,0x420647AE,0x6A654572D0B1BD16,0,0,0,0,0,0,0,0,0
0x169161915172EA4D,0x42070000,0x42183333,0x50E9AFC12F62EC4,0,0,0,0,0,0,0,0,0
0x169161915172EA4D,0x4218999A,0x422F8F5C,0x59AA580761731E05,0,0,0,0,0,0,0,0,0
0x169161915172EA4D,0x4230147B,0x42386666,0x7B4279A373F5DBF3,0,0,0,0,0,0,0,0,0
0x169161915172EA4D,0x423BEB85,0x423D47AE,0x5F5EE89F63555F0C,0,0,0,0,0,0,0,0,0
0x169161915172EA4D,0x423F851F,0x424F999A,0x26A766CB216EAAF8,0,0,0,0,0,0,0,0,0
0x169161915172EA4D,0x425EC28F,0x4260E148,0x5475342AF473D8C5,0,0,0,0,0,0,0,0,0
0x169161915172EA4D,0x426151EC,0x42687AE1,0x25DF4FDB97885C71,0,0,0,0,0,0,0,0,0
0x169161915172EA4D,0x429B4CCD,0x429F999A,0x96B81E2CD4BB774,0,0,0,0,0,0,0,0,0
0x169161915172EA4D,0x42AB199A,0x42B0CCCD,0x96B82E2CD4BB927,0,0,0,0,0,0,0,0,0
0x169161915172EA4D,0x42B7C7AE,0x42BBCCCD,0x7949E3726965B279,0,0,0,0,0,0,0,0,0
0x169161915172EA4D,0x42E50F5C,0x42EB75C3,0x68FD3D8B0E6D2D3B,0,0,0,0,0,0,0,0,0
0x169161915172EA4D,0x42EBB333,0x42F3947B,0x20A916BAE5F0CAA4,0,0,0,0,0,0,0,0,0
0x169161915172EA4D,0x42F3DC29,0x42F7C28F,0x611D974E3BD4B715,0,0,0,0,0,0,0,0,0
0x169161915172EA4D,0x42F8199A,0x42FDE666,0x2BA21F8B42F0E86,0,0,0,0,0,0,0,0,0
0x169161915172EA4D,0x4300A148,0x43061EB8,0x44791B8B080436C3,0,0,0,0,0,0,0,0,0
0x169161915172EA4D,0x43070CCD,0x43082666,0x7C958A1ECD69BF30,0,0,0,0,0,0,0,0,0
0x4BF341ED664469E8,0x410C0000,0x411547AE,0x4BC5008AF0805DB,0,0,0,0,0,0,0,0,0
0x4BF341ED664469E8,0x41180000,0x4161EB85,0x6B5A27E7BDF99136,0,0,0,0,0,0,0,0,0
0x4BF341ED664469E8,0x4170F5C3,0x4196E148,0x18E5F1FE96AEA99D,0,0,0,0,0,0,0,0,0
0x4BF341ED664469E8,0x4198CCCD,0x41B6147B,0x3C4758542A733590,0,0,0,0,0,0,0,0,0
0x4BF341ED664469E8,0x41B86666,0x41D1D70A,0x1B5FFBEA29791B77,0,0,0,0,0,0,0,0,0
0x4BF341ED664469E8,0x41DF5C29,0x41F0147B,0x332C201B4E1EC82,0,0,0,0,0,0,0,0,0
0x169160915172E89A,0x40600000,0x40C00000,0x35E4F71E66EAA58E,0,0,0,0,0,0,0,0,0
0x169160915172E89A,0x41B8147B,0x41C68F5C,0x78B7C687A62115CE,0,0,0,0,0,0,0,0,0
0x169160915172E89A,0x41C8147B,0x41DFAE14,0x677F2052593FE73D,0,0,0,0,0,0,0,0,0
0x169160915172E89A,0x41E5C28F,0x4202999A,0x62ACBB58663BB291,0,0,0,0,0,0,0,0,0
0x169160915172E89A,0x420347AE,0x4205AE14,0x61C53B4D8639E486,0,0,0,0,0,0,0,0,0
0x169160915172E89A,0x4206A3D7,0x420EA3D7,0xCCF0F8343E98BA3,0,0,0,0,0,0,0,0,0
0x169160915172E89A,0x420F70A4,0x42178F5C,0x29AF172EEFD418B3,0,0,0,0,0,0,0,0,0
0x169160915172E89A,0x421E5C29,0x4228CCCD,0xC3CF5CC3FBC00B,0,0,0,0,0,0,0,0,0
0x169160915172E89A,0x424728F6,0x424BEB85,0x1B4F249132035D55,0,0,0,0,0,0,0,0,0
0x169160915172E89A,0x424C70A4,0x424F70A4,0x127955978D33C6AC,0,0,0,0,0,0,0,0,0
0x169160915172E89A,0x4250851F,0x4256A3D7,0x283172099C55F8DA,0,0,0,0,0,0,0,0,0
0x169160915172E89A,0x42943D71,0x4298D70A,0x765064987969E7E4,0,0,0,0,0,0,0,0,0
0x169160915172E89A,0x42A0199A,0x42B1947B,0xA494D621D1DB85E,0,0,0,0,0,0,0,0,0
0x169160915172E89A,0x42B30F5C,0x42B4D70A,0x7351BC3ABA2DD971,0,0,0,0,0,0,0,0,0
0x169160915172E89A,0x42B66666,0x42B8A3D7,0x59A759F2D8A6EA6E,0,0,0,0,0,0,0,0,0
0x169160915172E89A,0x42DD51EC,0x42E23D71,0x35E4F61E66EAA3DB,0,0,0,0,0,0,0,0,0
0x169160915172E89A,0x42E2B852,0x42E9A3D7,0x7DFEB21EC683F281,0,0,0,0,0,0,0,0,0
0x169160915172E89A,0x42EA51EC,0x42F023D7,0x861DB553D4EF36A,0,0,0,0,0,0,0,0,0
0x4BEFC5ED6641615D,0x407EB852,0x40AD70A4,0x5D0131FD4D652B39,0,0,0,0,0,0,0,0,0
0x4BEFC5ED6641615D,0x40F3D70A,0x412F3333,0xFEB872823B70B3C,0,0,0,0,0,0,0,0,0
0x4BEFC5ED6641615D,0x4132B852,0x415A8F5C,0x6136DC4D37D07D1F,0,0,0,0,0,0,0,0,0
0x4BEFC5ED6641615D,0x416970A4,0x419C3D71,0x1167F9E17982D03A,0,0,0,0,0,0,0,0,0
0x4BEFC5ED6641615D,0x41A028F6,0x41B0E148,0x7198E265EECC2481,0,0,0,0,0,0,0,0,0
0x4BEFC5ED6641615D,0x41BBEB85,0x41D8A3D7,0x2DA7D35A0516F5D0,0,0,0,0,0,0,0,0,0
0x4BEFC5ED6641615D,0x41D9999A,0x41F0F5C3,0x1E0D06B933B6213,0,0,0,0,0,0,0,0,0
0x4BEFC5ED6641615D,0x41F2A3D7,0x42115C29,0x161D1F020A86E4EE,0,0,0,0,0,0,0,0,0
0x4BEFC5ED6641615D,0x42127AE1,0x421547AE,0x1771CFF598EA4AC5,0,0,0,0,0,0,0,0,0
0x4BEFC5ED6641615D,0x421947AE,0x422E7AE1,0x77A6D24D2AEE5E4,0,0,0,0,0,0,0,0,0
0x4BEFC5ED6641615D,0x42333D71,0x423AAE14,0x18A4BD71F9671FB4,0,0,0,0,0,0,0,0,0
0x4BEFC5ED6641615D,0x423B70A4,0x424BD70A,0x3785E2DDB1880591,0,0,0,0,0,0,0,0,0
0x16915F915172E6E7,0x404147AE,0x409C28F6,0x65655641777702E4,0,0,0,0,0,0,0,0,0
0x16915F915172E6E7,0x40A6B852,0x4101C28F,0x4B2E1C1D70F34DE4,0,0,0,0,0,0,0,0,0
0x16915F915172E6E7,0x4145999A,0x416BAE14,0x3B93C2754B51EF87,0,0,0,0,0,0,0,0,0
0x16915F915172E6E7,0x417E3D71,0x419428F6,0x2FBD70ADF56D177C,0,0,0,0,0,0,0,0,0
0x16915F915172E6E7,0x4195D70A,0x41C2147B,0x6981F65A0B1DAD95,0,0,0,0,0,0,0,0,0
0x16915F915172E6E7,0x41CAE148,0x41E26666,0x65655941777707FD,0,0,0,0,0,0,0,0,0
0x16915F915172E6E7,0x41F06666,0x4200F5C3,0x1F9F2102C7344BF5,0,0,0,0,0,0,0,0,0
0x16915F915172E6E7,0x42070A3D,0x420D70A4,0x3D0172F92C1C9D1E,0,0,0,0,0,0,0,0,0
0x16915F915172E6E7,0x420E7AE1,0x4216E148,0x75883500CC84D987,0,0,0,0,0,0,0,0,0
0x16915F915172E6E7,0x4218147B,0x4227851F,0x4770E36D692E63D0,0,0,0,0,0,0,0,0,0
0x16915F915172E6E7,0x422851EC,0x424351EC,0x3A573413490043B1,0,0,0,0,0,0,0,0,0
0x16915F915172E6E7,0x4243AE14,0x424B1EB8,0x4F5EC376D38C3C1,0,0,0,0,0,0,0,0,0
0x16915F915172E6E7,0x424B8F5C,0x425070A4,0x2C9CAE3BCEDFA794,0,0,0,0,0,0,0,0,0
0x16915F915172E6E7,0x42527AE1,0x42587AE1,0x656558417777064A,0,0,0,0,0,0,0,0,0
0x16915F915172E6E7,0x42590000,0x42678F5C,0x250ED09099DC6E8F,0,0,0,0,0,0,0,0,0
0x16915F915172E6E7,0x4268EB85,0x426F7AE1,0xC7CD90BB743804A,0,0,0,0,0,0,0,0,0
0x16915F915172E6E7,0x42700A3D,0x427F6666,0x1E03DD0C43B62147,0,0,0,0,0,0,0,0,0
0x16915F915172E6E7,0x4280199A,0x42833D71,0x5BDCDEC6B0D4CF74,0,0,0,0,0,0,0,0,0
0x16915F915172E6E7,0x428470A4,0x428E70A4,0x58673D1315085579,0,0,0,0,0,0,0,0,0
0x16915F915172E6E7,0x4292B852,0x42A851EC,0x215AB09896A17166,0,0,0,0,0,0,0,0,0
0x16915F915172E6E7,0x42BEC28F,0x42C51EB8,0x64CF27C5A79CBD0C,0,0,0,0,0,0,0,0,0
0x16915F915172E6E7,0x42E2A3D7,0x42EDD70A,0x302C4000608EF334,0,0,0,0,0,0,0,0,0
0x16915F915172E6E7,0x42EE4CCD,0x42F3EB85,0x48327BD603826717,0,0,0,0,0,0,0,0,0
0x16915F915172E6E7,0x42F4A3D7,0x42F90A3D,0x75BFEB70D607EB8,0,0,0,0,0,0,0,0,0
0x16915F915172E6E7,0x42FA6666,0x42FBBD71,0x6A4ACAD5ADDB03B,0,0,0,0,0,0,0,0,0
0x16915F915172E6E7,0x42FC4CCD,0x4301BAE1,0x57FE8B08AA4913EA,0,0,0,0,0,0,0,0,0
0x16915F915172E6E7,0x4301F5C3,0x4303851F,0x3E5ACF02BB39A8FB,0,0,0,0,0,0,0,0,0
0x4BEC35ED663E36D6,0x412147AE,0x4166E148,0x752510A84D4C35AA,0,0,0,0,0,0,0,0,0
0x4BEC35ED663E36D6,0x41B8F5C3,0x41C6CCCD,0x7E05831F3C743D44,0,0,0,0,0,0,0,0,0
0x4BEC35ED663E36D6,0x42227AE1,0x422F0A3D,0x3BE87C485A0416F4,0,0,0,0,0,0,0,0,0
0x4BEC35ED663E36D6,0x423051EC,0x423DC28F,0x742D44C99755E136,0,0,0,0,0,0,0,0,0
0x4BEC35ED663E36D6,0x4244147B,0x4256999A,0x19120E4A56818536,0,0,0,0,0,0,0,0,0
0x4BEC35ED663E36D6,0x42583D71,0x4262E148,0xAFD1FEAC71D7554,0,0,0,0,0,0,0,0,0
0x4BEC35ED663E36D6,0x42638F5C,0x427228F6,0x30C72AF8C30074D0,0,0,0,0,0,0,0,0,0
0x4BEC35ED663E36D6,0x4274851F,0x428A6B85,0x7BA45803C3B5A081,0,0,0,0,0,0,0,0,0
0x4BEC35ED663E36D6,0x428AB852,0x428FF5C3,0x5B4DDDB05E8FECC5,0,0,0,0,0,0,0,0,0
0x4BEC35ED663E36D6,0x4290199A,0x42A4AE14,0x19AE99AF63EDBADB,0,0,0,0,0,0,0,0,0
0x4BEC35ED663E36D6,0x42A5199A,0x42ABB333,0x187ED5AC741C3684,0,0,0,0,0,0,0,0,0
0x4BEC35ED663E36D6,0x42AD0A3D,0x42B55C29,0xD5392402FBBEC46,0,0,0,0,0,0,0,0,0
0x4BEC35ED663E36D6,0x42C3D70A,0x42C5DC29,0x1D6B1205CDFA60DA,0,0,0,0,0,0,0,0,0
0x4BEC35ED663E36D6,0x42C80A3D,0x42DA0A3D,0x2474E877F16994E0,0,0,0,0,0,0,0,0,0
0x4BEC35ED663E36D6,0x42DBC28F,0x42E3D1EC,0x746B49105B952B10,0,0,0,0,0,0,0,0,0
0x4BEC35ED663E36D6,0x42E5FAE1,0x42EDB852,0x4AE9C66398F68B9A,0,0,0,0,0,0,0,0,0
0x4BEC35ED663E36D6,0x42EE199A,0x42F5C7AE,0x57546DD2B45167E6,0,0,0,0,0,0,0,0,0
0x4BEC35ED663E36D6,0x42F61EB8,0x430EEB85,0x5AE9DD313951C84,0,0,0,0,0,0,0,0,0
0x4BEC35ED663E36D6,0x430F51EC,0x43165C29,0x66F3C16D2DF6F45C,0,0,0,0,0,0,0,0,0
0x4BEC35ED663E36D6,0x4318E3D7,0x432CDC29,0xC2C4CF3B2AB801E,0,0,0,0,0,0,0,0,0
0x7D8BDEF714C84A35,0x41433333,0x4165C28F,0x3BF3734E5D1A9F92,0,0,0,0,0,0,0,0,0
0x7D8BDEF714C84A35,0x41673333,0x41860000,0x7C9923433707933D,0,0,0,0,0,0,0,0,0
0x7D8BDEF714C84A35,0x41867AE1,0x4189D70A,0x1AE2353C20912DB8,0,0,0,0,0,0,0,0,0
0x7D8BDEF714C84A35,0x41C47AE1,0x41D8F5C3,0x57BA15B595E06B4B,0,0,0,0,0,0,0,0,0
0x7D8BDEF714C84A35,0x42138F5C,0x42181EB8,0x43B2768573BFA234,0,0,0,0,0,0,0,0,0
0x7D8BDEF714C84A35,0x4218999A,0x4220E148,0xC3D2EB18C96FB61,0,0,0,0,0,0,0,0,0
0x7D8BDEF714C84A35,0x422147AE,0x42283D71,0x3E2FB9F5513B30D0,0,0,0,0,0,0,0,0,0
0x7D8BDEF714C84A35,0x424CEB85,0x425547AE,0x556DBC0FCC1A28DF,0,0,0,0,0,0,0,0,0
0x7D8BDEF714C84A35,0x4255A3D7,0x425C0A3D,0x6B84C18DBD79C2EA,0,0,0,0,0,0,0,0,0
0x7D8BDEF714C84A35,0x425CA3D7,0x4273EB85,0x446C9F032750D2E7,0,0,0,0,0,0,0,0,0
0x7D8BDEF714C84A35,0x4274851F,0x4280EB85,0x24F38340E204300A,0,0,0,0,0,0,0,0,0
0x7D8BDEF714C84A35,0x4284A3D7,0x428E47AE,0x58F1E153F3BDB216,0,0,0,0,0,0,0,0,0
0x7D8BDEF714C84A35,0x428E851F,0x429A75C3,0x2EC4917A485B4A33,0,0,0,0,0,0,0,0,0
0x7D8BDEF714C84A35,0x429A947B,0x42A74CCD,0x5758FD51BBC8AD0C,0,0,0,0,0,0,0,0,0
0x7D8BDEF714C84A35,0x42AAC7AE,0x42B1B852,0x17FAEA5B706B92D9,0,0,0,0,0,0,0,0,0
0x7D8BDEF714C84A35,0x42B1D70A,0x42BCD70A,0x72091D7BD0D73502,0,0,0,0,0,0,0,0,0
0x7D8BDEF714C84A35,0x42C06B85,0x42C95C29,0x485BFED5414A285F,0,0,0,0,0,0,0,0,0
0x7D8BDEF714C84A35,0x42CC851F,0x42D951EC,0x48E2311E784217F8,0,0,0,0,0,0,0,0,0
0x7D8BDEF714C84A35,0x42DBC7AE,0x42E06666,0x29AFC05FE75D1A5,0,0,0,0,0,0,0,0,0
